지구명,블록,세대수,공사시작,공사종료,기준일,공정율_퍼센트,공사현황(원문),지구코드,블록코드
인천계양(공공주택),A10,778,2026-06-25,2029-01-08,2026-08-28,0.54,[토목공사] -파일 천공 및 항타 -양수작업,105130,07
인천계양(공공주택),A10,778,2026-06-25,2029-01-08,2026-09-21,1.741,[토목공사] -토사반출 및 토공정리 -파일 천공 및 항타 -양수작업 -시트파일,105130,07
인천계양(공공주택),A17,463,2026-07-29,2029-08-17,2026-09-30,0.42,[토목공사] 현장 내 부지 정지작업,105130,05
인천계양(공공주택),A2,747,2024-03-29,2026-10-11,2024-08-22,1.3,토목공사중입니다.,105130,01
인천계양(공공주택),A2,747,2024-03-29,2026-10-11,2024-09-30,3.42,터파기 작업중,105130,01
인천계양(공공주택),A2,747,2024-03-29,2026-10-11,2024-10-23,4.55,토사 운반 및 어스앵커 시공,105130,01
인천계양(공공주택),A2,747,2024-03-29,2026-10-11,2024-12-20,9.84,지반개량공사- 파일 항타와 토사반출,105130,01
인천계양(공공주택),A2,747,2024-03-29,2026-10-11,2025-01-15,12.99,지반개량공사 - 파일 항타 및 토사반출 철근콘크리트공사 -버림 및 기초 타설,105130,01
인천계양(공공주택),A2,747,2024-03-29,2026-10-11,2025-02-18,15.75,"주자장 및 동별 기초 타설, 지반개량 공사",105130,01
인천계양(공공주택),A2,747,2024-03-29,2026-10-11,2025-03-25,19.47,지하층 철근 배근 및 형틀공사 전체 기초의 94% 완료,105130,01
인천계양(공공주택),A2,747,2024-03-29,2026-10-11,2025-04-25,22.28,"1. 철근콘크리트 공사 - 아파트 주차장 포함, 아파트 전 동 기초 94% 완료 - 지하2층 88%/지하1층 33% 완료",105130,01
인천계양(공공주택),A2,747,2024-03-29,2026-10-11,2025-05-26,24.92,"-철근콘크리드 공사 : 지하 2층 89%/ 지하 1층 63% 진행중 1층 완료 - 201, 205, 208, 210동 3층 완료 - 202, 203, 204동",105130,01
인천계양(공공주택),A2,747,2024-03-29,2026-10-11,2025-06-25,29.4,"1. 골조공사 -1층 완료: 206동 -2층 완료: 207,210동 -3층 완료: 201,205,209동 -4층 완료: 208동 -7층 완료: 202,203동",105130,01
인천계양(공공주택),A2,747,2024-03-29,2026-10-11,2025-07-28,31.9,골조공사 진행중 2층- 206/207동 5층-201/205/209/210동 6층-208동 9층-202/203/204동 완료,105130,01
인천계양(공공주택),A2,747,2024-03-29,2026-10-11,2025-08-27,35.31,"1.골조공사 5층완료-206동,207동 7층완료-210동 8층완료-201동,209동,205동 9층완료-208동 11층완료-202동,203동,204동",105130,01
인천계양(공공주택),A2,747,2024-03-29,2026-10-11,2025-09-29,38.38,"1. 골조공사 동별10층~15층 진행중 2. 발코니 난간대 5층이하 설치 3. PL창호 "" 1~10층 설치",105130,01
인천계양(공공주택),A2,747,2024-03-29,2026-10-11,2025-10-29,44.57,"1. 13층~ 옥탑층 골조공사 진행중 2. 발코니 난간대: 10층 이하 설치중 3. PL창호 : 10층 이하 설치중 4. 5층 이하 단열재, 경량벽체 및 조적공사 진행중",105130,01
인천계양(공공주택),A2,747,2024-03-29,2026-10-11,2025-11-26,51.32,"1.골조공사 : 옥탑층 타설 및 각동 기포 타설 2.내장공사 : 각동 1-10층 단열재, 경량벽체 설치 3.방수공사 : 각동 6~10층 세대방수 4.조적공사 : 8-13층",105130,01
인천계양(공공주택),A2,747,2024-03-29,2026-10-11,2025-12-29,58.3,1.골조공사 :각동 골조 공사 완료 2.조적공사 :각동 10층 이하 작업완료 3.미장공사 :각동 5층 이하 작업완료 4.내장공사 : 각동 10층 이하 작업 중,105130,01
인천계양(공공주택),A2,747,2024-03-29,2026-10-11,2026-01-29,61.35,"1.내장공사: 각동 13층 이하 단열재, 경량벽체 설치 2.조적공사: 각동 12층 이하 조적쌓기 3.방수공사: 각동 10~15층 액체방수 4.미장공사: 세대 PL하부 사춤",105130,01
인천계양(공공주택),A2,747,2024-03-29,2026-10-11,2026-02-25,64.96,"1.내장공사: 각동 15층 이하 단열재, 경량벽체 설치 2.조적공사: 각동 15층 이하 조적쌓기 3.방수공사: 지하주차장 방수 4.목창호공사: 각동 10층 이하 가틀 설치",105130,01
인천계양(공공주택),A2,747,2024-03-29,2026-10-11,2026-03-27,72.78,"1.내장공사 : 각 동 10층 이하 합지, 석고 작업 2.방수공사 : 각 동 옥상층 시트방수 3.도장공사 : 1-5동 외부 도장 초벌 4.조적공사 : 동 필로티 조적쌓기",105130,01
인천계양(공공주택),A2,747,2024-03-29,2026-10-11,2026-04-29,79.48,1.내장공사 : 각동 11~15F 천정석고 작업 및 몰딩 시공 2.방수공사 : 옥상층 시트방수 3 주방가구: 8~10동 설치 4.타일공사 :세대화장실 거실 벽체 타일작업,105130,01
인천계양(공공주택),A2,747,2024-03-29,2026-10-11,2026-05-27,87.38,"1.내장공사-세대 몰딩, 발코니 천정작업 2.석공사- 세대 욕실 선반 시공 3.도장공사-외부 정벌 도장 4.타일공사 -세대 화장실 바닥 타일 5.주방가구-세대 주방가구 설치",105130,01
인천계양(공공주택),A2,747,2024-03-29,2026-10-11,2026-06-26,93.12,"1.가구공사 : 세대 주방가구 15층이하 설치 완료 2.타일공사 : 주방벽, 욕실바닥 타일 줄눈시공 3.도장공사: 세대 발코니 정벌 도장 4.도배공사: 세대천정 초배지 작업",105130,01
인천계양(공공주택),A2,747,2024-03-29,2026-10-11,2026-07-28,97.92,1.도배공사 :각동 세대 벽체 도배작업 2.가구공사 :주방가구 및 일반가구 설치 3.방화문공사: 세대 현관 방화문짝 시공 4.목창호공사: 세대 문짝 및 하드웨어 설치,105130,01
인천계양(공공주택),A2,747,2024-03-29,2026-10-11,2026-08-27,99.25,1.내장공사 :각 세대 거실 마감 잔손보기 2.타일공사 :각 세대 타일 잔손보기 3.방화문 :세대 방화문 가스켓 설치 4.단지내 블록포장 및 아스콘 포장,105130,01
인천계양(공공주택),A2,747,2024-03-29,2026-10-11,2026-09-29,100,각 세대 마감 잔손보기,105130,01
인천계양(공공주택),A3,538,2024-03-29,2026-10-11,2024-08-22,1.43,토목공사중입니다.,105130,02
인천계양(공공주택),A3,538,2024-03-29,2026-10-11,2024-09-30,3.27,터파기공사 진행 중,105130,02
인천계양(공공주택),A3,538,2024-03-29,2026-10-11,2024-10-23,5.76,토사운반 및 어스앵커 시공,105130,02
인천계양(공공주택),A3,538,2024-03-29,2026-10-11,2024-12-20,9.62,지반개량공사-파일항타 및 토사반출,105130,02
인천계양(공공주택),A3,538,2024-03-29,2026-10-11,2025-01-15,12.99,지반개량공사 -파일 항타 및 토사반출 철근콘크리트 공사- 버림 및 기초 타설,105130,02
인천계양(공공주택),A3,538,2024-03-29,2026-10-11,2025-02-18,15.92,"주자장 및 동별 기초 타설, 지반개량 공사",105130,02
인천계양(공공주택),A3,538,2024-03-29,2026-10-11,2025-03-25,19.72,지하층 철근 및 형틀공사 주변 주차장 시공중,105130,02
인천계양(공공주택),A3,538,2024-03-29,2026-10-11,2025-04-25,22.23,"1. 철근콘크리트 공사 - 아파트 주차장 포함, 아파트 전 동 기초 94% 완료 - 지하2층 66%/지하1층 48% 완료",105130,02
인천계양(공공주택),A3,538,2024-03-29,2026-10-11,2025-05-26,25.89,"철근콘크리트공사 -지하 1층 : 90% /지하2층 : 56% 진행중 -1층 완료 : 302,306,307동 -2층 완료 : 301,309동",105130,02
인천계양(공공주택),A3,538,2024-03-29,2026-10-11,2025-06-25,29.7,"1.골조공사 1층 완료: 302동 4층 완료: 307동 5층 완료: 301,306동 6층 완료 : 308동",105130,02
인천계양(공공주택),A3,538,2024-03-29,2026-10-11,2025-07-28,32.43,골조공사 진행중 2층-303/304/305동 6층-302동 8층-301/306/307동 9층-308동 진행중,105130,02
인천계양(공공주택),A3,538,2024-03-29,2026-10-11,2025-08-28,35.31,"골조공사 3층-305동 4층-303동,304동 9층-302동 10층-301동,308동 11층-306동,307동",105130,02
인천계양(공공주택),A3,538,2024-03-29,2026-10-11,2025-09-29,38.78,1. 골조공사 동별 6~14층 진행중 2. PL창호공사 - 6층이하 설치 3. 유리공사 - 1~5층 설치,105130,02
인천계양(공공주택),A3,538,2024-03-29,2026-10-11,2025-10-29,44.35,1.10층~옥탑 층 골조공사 진행중 2.PL창호 5층 이하 설치중 3.10층 이하 조적및 방수. 미장공사 진행중 4. 외부 석재시공,105130,02
인천계양(공공주택),A3,538,2024-03-29,2026-10-11,2025-11-26,51.55,1.골조공사 : 최상층 및 옥탑층 2.내장공사 : 각동 5-10층 단열재시공 3.조적공사 : 9-14층 시공중 4.방수공사 :세대방수 및 주차장 시트방수,105130,02
인천계양(공공주택),A3,538,2024-03-29,2026-10-11,2025-12-29,58.6,1.골조공사 : 각동 골조공사 완료 2.조적공사 : 각동 10층 이하 작업중 3.미장공사 : 각동 10층 이하 작업중 4.내장공사 : 각동 5층 이하 작업중,105130,02
인천계양(공공주택),A3,538,2024-03-29,2026-10-11,2026-01-29,61.52,"1.내장공사: 각동 10층이하 단열재, 경량벽체 시공 2.조적공사: 각동 13층 이하 조적공사 진행 3.방수공사: 세대 화장실 및 발코니 공사 4.미장공사: 세대 문틀사춤",105130,02
인천계양(공공주택),A3,538,2024-03-29,2026-10-11,2026-02-25,64.6,"1.내장공사: 각동 13층 이하 단열재, 경량벽체 시공 2.조적공사: 어린이집 조적 공사 3.방수공사: 각동 10층 이하 화장실 및 발코니 방수 4.미장공사: 문틀 사춤",105130,02
인천계양(공공주택),A3,538,2024-03-29,2026-10-11,2026-03-27,72.85,"1.내장공사 : E/V홀 천장 석고작업 2.방수공사 : 세대 발코니 방수 3.도장공사 : 1-5동 내외부 초벌 도장 4.미장공사 : 필로티 맟 부대시설 초,정벌",105130,02
인천계양(공공주택),A3,538,2024-03-29,2026-10-11,2026-04-29,79.87,1.내장공사-세대 천장석고 및 몰딩 작업 2.타일공사- 세대 욕실 타일작업 3.주방가구-세대내 주방가구 설치 4.방수공사-옥상층 시트방수 5.도장공사-외부 정벌도장,105130,02
인천계양(공공주택),A3,538,2024-03-29,2026-10-11,2026-05-27,87.57,"1.내장공사-세대 몰딩, 발코니 천정작업 2.석공사- 세대 욕실 선반 시공 3.도장공사-외부 정벌 도장 4.타일공사 -세대 화장실 바닥 타일 5.주방가구-세대 주방가구 설치",105130,02
인천계양(공공주택),A3,538,2024-03-29,2026-10-11,2026-06-26,93.01,"1.가구공사 : 세대 주방가구 15층이하 설치 완료 2.타일공사 : 주방벽, 욕실바닥 타일 줄눈시공 3.도장공사: 세대 발코니 정벌 도장 4.도배공사: 세대천정 초배지 작업",105130,02
인천계양(공공주택),A3,538,2024-03-29,2026-10-11,2026-07-28,97.48,1.도배공사 :각동 세대 벽체 도배작업 2.가구공사 :주방가구 및 일반가구 설치 3.방화문공사: 세대 현관 방화문짝 시공 4.목창호공사: 세대 문짝 및 하드웨어 설치,105130,02
인천계양(공공주택),A3,538,2024-03-29,2026-10-11,2026-08-27,99.26,1.내장공사 :각 세대 거실 마감 잔손보기 2.타일공사 :각 세대 타일 잔손보기 3.방화문 :세대 방화문 가스켓 설치 4.단지내 블록포장 및 아스콘 포장,105130,02
인천계양(공공주택),A3,538,2024-03-29,2026-10-11,2026-09-29,100,각 세대 마감 잔손보기,105130,02
인천계양(공공주택),A6,663,2026-08-14,2029-03-22,2026-08-28,0.15,[토목공사] - 평판재하시험 - 천공기 작업로 성토,105130,03
인천계양(공공주택),A6,663,2026-08-14,2029-03-22,2026-09-21,0.85,[토목공사] -SIDE PILE 천공 및 근입 -SGR PILE 천공 및 주입 -천공기 주행로 형성 및 부지정지,105130,03
인천계양(공공주택),A9,475,2025-11-24,2028-10-03,2026-03-31,0.61,토목공사 - 정지작업,105130,06
인천계양(공공주택),A9,475,2025-11-24,2028-10-03,2026-04-29,2.51,토목공사- 터파기 및 토사반출,105130,06
인천계양(공공주택),A9,475,2025-11-24,2028-10-03,2026-05-27,4.16,- 토사반출 - 어스앵커 천공 및 그라우팅,105130,06
인천계양(공공주택),A9,475,2025-11-24,2028-10-03,2026-06-26,4.621,토목공사 - 터파기 및 토사반출 - 어스앙카 천공 및 그라우팅,105130,06
인천계양(공공주택),A9,475,2025-11-24,2028-10-03,2026-07-28,8.358,[토목공사] - 터파기 및 토사반출 - 어스앙카 천공 및 그라우팅 - 띠장 및 브라켓설치 [건축공사] - 표층고화 터파기 검측,105130,06
인천계양(공공주택),A9,475,2025-11-24,2028-10-03,2026-08-28,10.29,[건축공사] -파일공사 표층고화 작업구간 터파기 검측 [토목공사] - 양수작업,105130,06
인천계양(공공주택),A9,475,2025-11-24,2028-10-03,2026-09-21,11.29,[토목공사] -양수작업 및 양수기 점검 [건축공사] -파일공사 및 항타,105130,06
