지역,지구명,블록,세대수,공사시작,공사종료,공정율_퍼센트,지구코드,블록코드,수집일
인천광역시,인천영종,A24,641,2025-06-30,2028-02-03,17.5,,,2026-10-03
세종특별자치시,행정중심복합도시,52L3,619,2026-03-18,2028-07-25,5.92,,,2026-10-03
세종특별자치시,행정중심복합도시,51L13,200,2024-12-30,2026-12-29,85.68,,,2026-10-03
세종특별자치시,행정중심복합도시,52L2,616,2025-12-01,2028-12-01,8.57,,,2026-10-03
세종특별자치시,행정중심복합도시,51L3,340,2024-12-30,2027-02-11,75.52,,,2026-10-03
세종특별자치시,행정중심복합도시,63L2,500,2024-09-23,2027-05-04,81.29,,,2026-10-03
세종특별자치시,행정중심복합도시,51L5,1327,2025-03-11,2027-06-05,69.83,,,2026-10-03
세종특별자치시,행정중심복합도시,51L1,643,2025-03-31,2028-04-04,33.44,,,2026-10-03
부산광역시,부산명지,A5,1305,2026-01-02,2029-03-02,1.2,,,2026-10-03
대전광역시,대덕R&D특구 2단계,A4,673,2024-12-31,2028-05-22,20,,,2026-10-03
경기도,과천지식정보타운,S-12,1424,2024-12-31,2027-07-31,58,,,2026-10-03
경기도,화성동탄2,A-24,,2013-09-06,,100,,,2026-10-03
경기도,화성동탄2,C-14,850,2024-09-30,2027-12-31,52.25,,,2026-10-03
경기도,화성동탄2,C-27,563,2025-06-27,2028-07-19,19.09,,,2026-10-03
충청남도,충남도청이전도시,RH15,1298,2025-12-31,2029-03-13,3.87,,,2026-10-03
인천광역시,인천검단,AA19,1323,2025-02-07,2027-10-31,32,,,2026-10-03
인천광역시,인천검단,AA13-2,964,2021-05-21,2027-10-30,24,,,2026-10-03
인천광역시,인천검단,AA21,1224,2021-12-31,2026-08-07,100,,,2026-10-03
인천광역시,인천검단,AA13-1,702,2021-05-21,2027-10-30,24,,,2026-10-03
충청남도,"아산탕정(05,택)",1-A7,491,2013-06-28,,100,,,2026-10-03
경기도,"파주운정3(07,택1)",A20,612,2024-03-25,2026-12-25,95.85,,,2026-10-03
경기도,양주회천(택),A26,792,2025-12-31,2029-06-05,4.01,,,2026-10-03
경기도,양주회천(택),A25,1474,2023-06-30,2026-06-18,100,,,2026-10-03
경기도,"구리갈매(09,보금4)",B3,382,2015-07-31,,100,,,2026-10-03
경기도,"구리갈매(09,보금4)",B2,1018,2014-12-31,,100,,,2026-10-03
경기도,"구리갈매(09,보금4)",B1,1075,2013-07-31,,100,,,2026-10-03
경기도,"구리갈매(09,보금4)",A2,1444,2014-03-01,,100,,,2026-10-03
경기도,"구리갈매(09,보금4)",A1,,2014-04-01,,100,,,2026-10-03
경기도,"의정부민락2(05,GB)",A-1,371,2013-11-29,,100,,,2026-10-03
경기도,"의정부민락2(05,GB)",B-1,812,2013-12-31,,91,,,2026-10-03
경기도,"양주옥정(08,기)A-22",A-22,1126,2024-12-23,2028-06-16,27.26,,,2026-10-03
경기도,"시흥목감(05,GB)",B-5,345,2013-12-31,,99.88,,,2026-10-03
경기도,"시흥목감(05,GB)",B-6,,2014-01-29,,94.78,,,2026-10-03
경기도,"시흥목감(05,GB)",A-3,,,,,,,2026-10-03
경기도,"오산청호(04,주2)",1,448,,,,,,2026-10-03
경기도,성남여수(06),A-1,,2014-12-31,,7,,,2026-10-03
경기도,"오산세교2(06,택3)",A-12,433,2024-12-30,2027-08-29,65.5,,,2026-10-03
경기도,"오산세교2(06,택3)",A-11,399,2025-01-17,2027-11-10,40.5,,,2026-10-03
경기도,"오산세교2(06,택3)",A-04,1136,,,,,,2026-10-03
경기도,"하남미사(09,보금3)",A18,1455,2012-09-28,,,,,2026-10-03
경기도,"하남미사(09,보금3)",A17,0,2013-11-29,,,,,2026-10-03
경기도,"하남미사(09,보금3)",A13,,2013-06-28,,,,,2026-10-03
경기도,"하남미사(09,보금3)",A08,1389,,,,,,2026-10-03
경기도,"하남미사(09,보금3)",A07,1145,2012-12-31,,,,,2026-10-03
경기도,"하남미사(09,보금3)",A26,0,2012-12-31,,,,,2026-10-03
경기도,"하남미사(09,보금3)",A19,821,2012-12-31,,,,,2026-10-03
경기도,"성남고등(10,보금2)",S-3,603,2019-05-01,,100,,,2026-10-03
경상남도,"양산사송GB(05,택)",A-7,1304,2025-02-28,2029-05-04,,,,2026-10-03
인천광역시,"인천송림4(08,주환)",1,1198,2024-07-10,2027-09-30,37.45,,,2026-10-03
경기도,"안양7동재개발(05,재개발)",1,4250,,,99,,,2026-10-03
대전광역시,"대전대동2(06,주환2)",2,290,2024-06-24,2028-10-02,,,,2026-10-03
대전광역시,"대전대동2(06,주환2)",1,1130,2024-06-24,2028-10-02,25.29,,,2026-10-03
충청남도,도청이전신도시,RH-12,1706,2024-12-20,2028-04-26,37.51,,,2026-10-03
전북특별자치도,"군산신역세권(05,택1)",A1,660,2025-12-31,2029-03-18,4.62,,,2026-10-03
전북특별자치도,"완주삼봉(06,국민)",S-1,710,2024-01-31,2027-12-30,29,,,2026-10-03
울산광역시,"울산다운2(08,국민)",A-10,873,2025-05-30,2027-12-20,20,,,2026-10-03
경기도,의왕초평(뉴스테이),A-4,381,2024-12-31,2027-07-31,16,,,2026-10-03
경기도,과천주암(뉴스테이),C2,1030,2024-12-31,2027-10-11,31.88,,,2026-10-03
경기도,과천주암(뉴스테이),C1,1338,2024-12-31,2027-12-15,15.71,,,2026-10-03
경기도,고양장항,S-1,869,2025-03-27,2027-12-18,40.99,,,2026-10-03
경기도,고양장항,S-2,945,2024-12-26,2028-07-30,34.61,,,2026-10-03
대구광역시,대구국가산단2단계,A7-1,448,2024-10-07,2027-05-01,8,,,2026-10-03
경기도,수원당수,A5,726,2024-07-30,2027-01-04,68,,,2026-10-03
경상남도,김해진례,C1,726,2024-12-30,2027-09-07,19.89,,,2026-10-03
경상남도,김해진례,B1,382,2024-12-30,2027-09-10,11.91,,,2026-10-03
경기도,남양주진접2,A-1,920,2024-12-30,2028-03-23,28.19,,,2026-10-03
경기도,남양주진접2,B-1,260,2025-04-11,2028-02-10,37.19,,,2026-10-03
경기도,남양주진접2,A-3,366,2025-05-31,2028-02-06,32.29,,,2026-10-03
경기도,남양주진접2,A-4,448,2024-12-30,2028-01-31,37.49,,,2026-10-03
경기도,남양주진접2,A-7,710,2025-05-31,2028-06-20,28.56,,,2026-10-03
충청북도,청주지북(뉴스테이),B1,1140,2024-12-31,2028-01-30,33.87,,,2026-10-03
강원특별자치도,원주무실,A-1,580,2024-12-26,2027-10-21,28.62,,,2026-10-03
강원특별자치도,원주무실,A-2,560,2024-12-27,2027-12-22,49.2,,,2026-10-03
경기도,군포대야미,A-2,1511,2023-12-28,2027-05-22,5.03,,,2026-10-03
경기도,부천종합운동장 역세권,A2,550,2025-12-29,2028-10-25,1.97,,,2026-10-03
경기도,부천종합운동장 역세권,A1,293,2025-12-29,2028-10-25,2.28,,,2026-10-03
경기도,구리갈매역세권,A-2,362,2026-03-31,2028-12-07,2.85,,,2026-10-03
경기도,구리갈매역세권,A-1,1791,2024-12-31,2028-05-20,32.89,,,2026-10-03
경기도,구리갈매역세권,A-4,561,2025-07-31,2028-06-14,24.02,,,2026-10-03
경기도,의왕월암,A1,674,2024-06-27,2027-05-24,69.35,,,2026-10-03
경기도,의왕월암,A3,642,2024-06-27,2028-01-24,44.24,,,2026-10-03
경기도,성남금토,A2,633,2024-07-08,2026-09-16,78,,,2026-10-03
경기도,성남금토,A4,1150,2024-09-30,2027-07-31,52,,,2026-10-03
경기도,부천괴안(공공주택),A1,499,2024-12-31,2027-04-30,29.53,,,2026-10-03
울산광역시,울산태화강변,A2,435,2025-12-30,2027-07-30,15.21,,,2026-10-03
울산광역시,울산태화강변,A1,324,2025-12-30,2027-01-24,29.06,,,2026-10-03
경기도,김포고촌2,A1,350,2025-03-01,2028-03-31,24.69,,,2026-10-03
인천광역시,인천가정2,B2,308,2025-06-30,2028-01-28,24.91,,,2026-10-03
강원특별자치도,화천신읍,1,120,2022-05-18,,13.95,,,2026-10-03
경기도,의정부우정,A1,538,2024-12-30,2028-02-01,29.12,,,2026-10-03
경기도,의정부우정,A3,640,2025-12-31,2028-10-05,2.25,,,2026-10-03
경기도,의정부우정,A2,463,2025-12-31,2028-10-31,8.7,,,2026-10-03
강원특별자치도,홍천갈마곡(마을정비형),1,,,,1.87,,,2026-10-03
경기도,의왕청계2,A1,480,2024-08-16,2027-09-25,30,,,2026-10-03
인천광역시,인천계양(공공주택),A17,463,2026-07-29,2029-08-17,0.42,,,2026-10-03
인천광역시,인천계양(공공주택),A10,778,2026-06-25,2029-01-08,1.741,,,2026-10-03
인천광역시,인천계양(공공주택),A2,747,2024-03-29,2026-10-11,100,,,2026-10-03
인천광역시,인천계양(공공주택),A3,538,2024-03-29,2026-10-11,100,,,2026-10-03
인천광역시,인천계양(공공주택),A6,663,2026-08-14,2029-03-22,0.85,,,2026-10-03
인천광역시,인천계양(공공주택),A9,475,2025-11-24,2028-10-03,11.29,,,2026-10-03
경기도,고양창릉,S-06,430,2024-10-31,2027-11-27,42.07,,,2026-10-03
경기도,고양창릉,S-05,759,2024-10-31,2027-10-15,40.12,,,2026-10-03
경기도,고양창릉,A-04,900,2024-10-31,2027-11-14,39.74,,,2026-10-03
경기도,고양창릉,S-01,494,2025-12-31,2028-11-14,3.59,,,2026-10-03
경기도,고양창릉,S-02,1057,2025-09-30,2029-06-07,,,,2026-10-03
경기도,성남복정2,A1,892,2026-06-30,2030-02-09,0.02,,,2026-10-03
경기도,시흥하중,A1,600,2025-03-31,2028-02-02,13.95,,,2026-10-03
경기도,시흥하중,A2,412,2024-12-31,2027-08-10,18.62,,,2026-10-03
경기도,시흥하중,A4,584,2025-03-11,2028-04-09,25.16,,,2026-10-03
경기도,남양주왕숙,A-06,954,,,1.68,,,2026-10-03
경기도,남양주왕숙,A-17,379,2026-08-03,2029-06-30,0.85,,,2026-10-03
경기도,남양주왕숙,S-18,965,2026-09-01,2029-04-30,0.37,,,2026-10-03
경기도,남양주왕숙,A-03,428,2025-09-29,2028-04-28,38.41,,,2026-10-03
경기도,남양주왕숙,A-01,629,2024-12-31,2028-06-01,16.85,,,2026-10-03
경기도,남양주왕숙,A-02,608,2024-12-31,2028-06-14,20.78,,,2026-10-03
경기도,남양주왕숙,B-01,560,2025-07-08,2028-05-10,37.9,,,2026-10-03
경기도,남양주왕숙,A-24,589,2025-08-29,2028-10-14,15.27,,,2026-10-03
경기도,남양주왕숙,B-17,491,2025-08-29,2028-10-02,11.41,,,2026-10-03
경기도,남양주왕숙,B-02,587,2025-07-08,2028-06-05,44.52,,,2026-10-03
경기도,남양주왕숙,A-25,1298,2026-04-01,2029-02-16,6.95,,,2026-10-03
경기도,하남교산,A2,1115,2025-03-31,2029-06-30,12.37,,,2026-10-03
경기도,부천역곡,A2,1464,2026-02-13,2029-03-12,13.33,,,2026-10-03
강원특별자치도,강원횡성(마을정비형),1,60,2024-12-31,2027-04-08,47.46,,,2026-10-03
서울특별시,서울공릉(복합개발),1,294,2023-11-01,2026-10-31,94.25,,,2026-10-03
서울특별시,서울대방(복합개발),1,283,2024-09-02,2027-05-31,54.94,,,2026-10-03
경기도,부천대장,A6,688,2025-03-24,2027-10-31,51.01,,,2026-10-03
경기도,부천대장,A5,952,2025-03-31,2027-10-31,51.01,,,2026-10-03
경기도,부천대장,A8,392,2024-12-30,2027-09-23,40.88,,,2026-10-03
경기도,부천대장,A7,473,2024-12-30,2027-09-23,36.97,,,2026-10-03
경기도,부천대장,A12,795,2026-06-26,,,,,2026-10-03
경기도,부천대장,A1,1002,2026-06-30,,,,,2026-10-03
경기도,부천대장,A2,548,,,,,,2026-10-03
인천광역시,인천부평(도시재생뉴딜),A,350,2023-03-31,2027-10-19,54.11,,,2026-10-03
강원특별자치도,철원철원,1,0,2022-03-31,,7.9,,,2026-10-03
서울특별시,수방사군부지,1,556,2024-12-23,2028-09-30,22.01,,,2026-10-03
제주특별자치도,제주삼도이동H-1BL(행복주택),1,54,,,100,,,2026-10-03
제주특별자치도,제주삼도이동H-2BL(행복주택),1,34,,,100,,,2026-10-03
충청남도,천안신부(행복),A1,587,2024-07-22,2027-06-02,59.65,,,2026-10-03
경상남도,거창숙박시설정비사업,A1,40,2024-11-29,2026-10-01,97,,,2026-10-03
경상남도,창녕영산,1,150,2023-05-15,2026-06-03,99.7,,,2026-10-03
강원특별자치도,캠퍼스 혁신파크(강원대),01,0,2022-03-31,,19.45,,,2026-10-03
인천광역시,인천서구(석남어울림),1,110,2025-03-05,2027-08-22,31.02,,,2026-10-03
인천광역시,인천서구(거북이기지),1,58,2025-03-05,2027-09-09,33.7,,,2026-10-03
충청북도,청주내덕(행복),A1,80,2023-12-19,2026-05-07,99.74,,,2026-10-03
강원특별자치도,정선사북(행복),1,150,2024-07-01,2027-01-12,83.91,,,2026-10-03
대전광역시,대전대흥(창업지원주택),1,100,2022-12-30,2026-04-22,,,,2026-10-03
전남광주통합특별시,담양삼만,01,94,2025-01-22,2026-12-18,50,,,2026-10-03
강원특별자치도,동해천곡(고령자),1,402,2022-12-12,2027-05-01,26.94,,,2026-10-03
전북특별자치도,익산송학(행복),1,80,2024-12-31,2027-09-10,53.89,,,2026-10-03
경기도,위례A2-7BL,1,1309,2022-08-31,2026-10-07,98.12,,,2026-10-03
부산광역시,"부산모라(복합,행복주택)",1,94,2024-12-30,2027-11-12,33.99,,,2026-10-03
충청남도,아산온양,주복1,318,2026-02-28,2028-12-25,5.648,,,2026-10-03
강원특별자치도,횡성우천2(일자리),1,80,2024-12-31,2027-05-18,37.12,,,2026-10-03
충청남도,천안쌍용(고령자),1,100,2024-11-15,2028-03-08,37,,,2026-10-03
전남광주통합특별시,담양담양(행복),1,40,2025-02-27,2027-10-26,18.55,,,2026-10-03
전남광주통합특별시,함평기산(행복),1,60,2024-12-30,2027-06-01,13.58,,,2026-10-03
전북특별자치도,"전주동서학(행복,일자리)",1,88,2024-12-31,2027-07-08,35.54,,,2026-10-03
충청북도,충북혁신(일자리),1,300,2024-09-30,2027-08-10,31.14,,,2026-10-03
충청북도,제천서부,1,42,2024-09-30,2027-07-09,46.23,,,2026-10-03
충청북도,영동황간,A,40,2025-02-14,2027-04-15,55.69,,,2026-10-03
전남광주통합특별시,여수국동(행복주택),1,120,2025-02-27,2028-08-21,21,,,2026-10-03
경상남도,산청산청(통합임대),1,30,2025-03-25,2026-09-25,98.22,,,2026-10-03
부산광역시,부산강동 A1BL,A1,516,2026-01-30,2028-10-11,0.19,,,2026-10-03
충청북도,충북혁신 B9,B9,998,2024-12-31,2028-08-01,13.22,,,2026-10-03
대전광역시,대덕특구 R&D 2단계 A4BL,A4,673,2025-12-31,2028-05-31,21.77,,,2026-10-03
강원특별자치도,평창장평(고령자복지),1,68,2025-12-30,2027-10-29,,,,2026-10-03
충청남도,석문국가산단 B-6,B-6,1124,2026-01-31,2029-03-31,3.71,,,2026-10-03
경기도,안성아양B-4(공임리츠),B-4,963,,,100,,,2026-10-03
