본부,사업단,공종,블록,사업지구,현장명,시공회사,공사금액_백만원(추정),공사규모,단위,착공(YY-MM-DD),준공예정(YY-MM-DD),공정률_퍼센트(7월 기준)
인천지역본부,계양부천,건축,A10,인천계양(공공주택),(조달청)인천계양 A-10BL 아파트 건설공사 4공구,주식회사 대우건설,"116,707",778,호,25-12-29,28-08-19,0
인천지역본부,계양부천,건축,A17,인천계양(공공주택),인천계양 A17BL 아파트 건설공사 6공구,(주)케이씨씨건설,"121,114",463,호,26-06-01,29-07-26,0
인천지역본부,계양부천,건축,A2,인천계양(공공주택),인천계양 A2BL 및 A3BL 아파트 건설공사 1공구,제일건설 주식회사,"136,444",747,호,23-10-25,26-10-11,93.12
인천지역본부,계양부천,기계,A2,인천계양(공공주택),인천계양 A-2BL 및 A-3BL 아파트 소방시설공사 1공구,존슨콘트롤즈인터내셔널코리아 주식회사,"10,462",1,건,24-11-20,26-10-11,88.86
인천지역본부,계양부천,전기/통신,A2,인천계양(공공주택),인천계양 A2BL 및 A3BL 아파트 전기공사 1공구,효성중공업주식회사,"21,182",1,건,24-08-26,26-10-11,88.5
인천지역본부,계양부천,전기/통신,A2,인천계양(공공주택),인천계양 A2BL 및 A3BL 아파트 정보통신공사 1공구,주식회사 나우스넷,"10,116",1,건,24-08-26,26-10-11,85.85
인천지역본부,계양부천,조경,A2,인천계양(공공주택),인천계양 A-2BL 아파트(공분 747호) 조경공사,세이브건설 주식회사,"6,273",1,건,26-02-11,29-10-11,12
인천지역본부,계양부천,건축,A3,인천계양(공공주택),인천계양 A2BL 및 A3BL 아파트 건설공사 1공구,제일건설 주식회사,"94,046",538,호,23-10-25,26-10-11,93.01
인천지역본부,계양부천,기계,A3,인천계양(공공주택),인천계양 A-2BL 및 A-3BL 아파트 소방시설공사 1공구,존슨콘트롤즈인터내셔널코리아 주식회사,"6,935",1,건,24-11-20,26-10-11,88.95
인천지역본부,계양부천,전기/통신,A3,인천계양(공공주택),인천계양 A2BL 및 A3BL 아파트 전기공사 1공구,효성중공업주식회사,"21,182",1,건,24-08-26,26-10-11,88.5
인천지역본부,계양부천,전기/통신,A3,인천계양(공공주택),인천계양 A2BL 및 A3BL 아파트 정보통신공사 1공구,주식회사 나우스넷,"10,116",1,건,24-08-26,26-10-11,85.85
인천지역본부,계양부천,조경,A3,인천계양(공공주택),인천계양 A-3BL 아파트(공분/행복 538호) 조경공사,주식회사 구산종합건설,"4,577",1,건,26-02-10,29-10-11,17
인천지역본부,계양부천,건축,A9,인천계양(공공주택),(조달청)인천계양 A9BL 아파트 건설공사 3공구,진흥기업(주),"119,627",475,호,25-09-30,28-06-28,4.62
인천지역본부,계양부천,전기/통신,A9,인천계양(공공주택),인천계양 A-9BL 아파트 전기공사 3공구,주식회사 신산전력,"8,708",1,건,25-12-18,28-09-18,0
인천지역본부,계양부천,전기/통신,A9,인천계양(공공주택),인천계양 A-9BL 아파트 정보통신공사 3공구,대호전기 주식회사,"4,522",1,건,25-12-18,28-09-18,0
인천지역본부,계양부천,토목,XX,인천계양(공공주택),인천계양 테크노밸리 공공주택지구 조성공사 2공구,한신공영(주),"75,171",1390,천㎡,24-05-30,29-09-30,20.5
인천지역본부,계양부천,토목,XX,인천계양(공공주택),인천계양 테크노밸리 공공주택지구 조성공사 1공구,주식회사 태영건설,"93,576",1282,천㎡,22-04-27,27-04-26,63.81
인천지역본부,계양부천,조경,XX,인천계양(공공주택),인천계양 테크노밸리 공공주택지구 조경공사(1-1공구),건원종합건설 주식회사,"7,224",1,건,25-09-01,28-10-31,0
인천지역본부,계양부천,전기/통신,XX,인천계양(공공주택),인천계양 테크노밸리 공공주택지구 도시기반 1공구 및 공원등 1-1공구 전기공사,주식회사가경,"3,514",1,건,25-12-03,27-06-02,5.7
인천지역본부,계양부천,토목,XX,인천계양(간선지구),인천계양 국도39호선(벌말로) 확장공사(부천·서울),현대건설 주식회사,"137,273",2.92,km,25-12-29,28-12-28,0
인천지역본부,계양부천,토목,XX,인천계양(간선지구),인천계양 경명대로 확장공사,주식회사 대원건설,"19,753",1,km,24-11-18,27-11-17,14.82
인천지역본부,계양부천,토목,XX,인천계양(간선지구),국도 39호선(벌말로) 154kV 지장송전선로 이설공사,주식회사 신보,"2,163",1,km,26-02-19,27-02-18,0
