월(Monthly),구분1,구분2,순계,순계,순계,순계,누계,누계,누계,누계
월(Monthly),구분1,구분2,합계,분양,임대,조합,합계,분양,임대,조합
2021-09,합계,합계,34,266,24,184,5,833,4,249,235,534,174,105,33,450,27,979
2021-09,수도권,소계,16,522,13,266,1,851,1,405,109,174,79,272,16,785,13,117
2021-09,수도권,서울,2,089,1,921,168,0,8,107,4,512,663,2,932
2021-09,수도권,인천,4,851,3,592,238,1,021,22,305,16,580,1,843,3,882
2021-09,수도권,경기,9,582,7,753,1,445,384,78,762,58,180,14,279,6,303
2021-09,지방,소계,17,744,10,918,3,982,2,844,126,360,94,833,16,665,14,862
2021-09,지방,부산,1,598,759,0,839,5,836,3,088,0,2,748
2021-09,지방,대구,941,941,0,0,19,872,15,311,2,122,2,439
2021-09,지방,광주,0,0,0,0,2,101,1,841,110,150
2021-09,지방,대전,1,014,934,80,0,3,905,2,899,106,900
2021-09,지방,울산,0,0,0,0,3,764,2,445,0,1,319
2021-09,지방,세종,0,0,0,0,3,228,3,029,199,0
2021-09,지방,강원,3,077,2,204,873,0,8,098,6,798,1,300,0
2021-09,지방,충북,986,746,0,240,7,786,6,931,284,571
2021-09,지방,충남,1,084,0,1,084,0,21,811,16,250,5,044,517
2021-09,지방,전북,120,0,120,0,6,100,4,378,1,722,0
2021-09,지방,전남,2,966,1,101,100,1,765,7,755,4,624,718,2,413
2021-09,지방,경북,2,780,2,280,500,0,13,867,10,848,3,019,0
2021-09,지방,경남,3,067,1,842,1,225,0,21,498,15,732,1,961,3,805
2021-09,지방,제주,111,111,0,0,739,659,80,0
2021-10,합계,합계,19,245,17,591,246,1,408,254,779,191,696,33,696,29,387
2021-10,수도권,소계,7,127,6,746,50,331,116,301,86,018,16,835,13,448
2021-10,수도권,서울,77,77,0,0,8,184,4,589,663,2,932
2021-10,수도권,인천,746,696,50,0,23,051,17,276,1,893,3,882
2021-10,수도권,경기,6,304,5,973,0,331,85,066,64,153,14,279,6,634
2021-10,지방,소계,12,118,10,845,196,1,077,138,478,105,678,16,861,15,939
2021-10,지방,부산,746,664,0,82,6,582,3,752,0,2,830
2021-10,지방,대구,859,713,0,146,20,731,16,024,2,122,2,585
2021-10,지방,광주,727,320,0,407,2,828,2,161,110,557
2021-10,지방,대전,474,304,0,170,4,379,3,203,106,1,070
2021-10,지방,울산,0,0,0,0,3,764,2,445,0,1,319
2021-10,지방,세종,0,0,0,0,3,228,3,029,199,0
2021-10,지방,강원,1,829,1,713,116,0,9,927,8,511,1,416,0
2021-10,지방,충북,0,0,0,0,7,786,6,931,284,571
2021-10,지방,충남,1,368,1,368,0,0,23,179,17,618,5,044,517
2021-10,지방,전북,582,310,0,272,6,682,4,688,1,722,272
2021-10,지방,전남,192,192,0,0,7,947,4,816,718,2,413
2021-10,지방,경북,1,908,1,908,0,0,15,775,12,756,3,019,0
2021-10,지방,경남,3,264,3,184,80,0,24,762,18,916,2,041,3,805
2021-10,지방,제주,169,169,0,0,908,828,80,0
2021-11,합계,합계,34,243,27,451,1,702,5,090,289,022,219,147,35,398,34,477
2021-11,수도권,소계,12,692,9,495,56,3,141,128,993,95,513,16,891,16,589
2021-11,수도권,서울,199,114,0,85,8,383,4,703,663,3,017
2021-11,수도권,인천,7,362,5,616,56,1,690,30,413,22,892,1,949,5,572
2021-11,수도권,경기,5,131,3,765,0,1,366,90,197,67,918,14,279,8,000
2021-11,지방,소계,21,551,17,956,1,646,1,949,160,029,123,634,18,507,17,888
2021-11,지방,부산,1,120,815,0,305,7,702,4,567,0,3,135
2021-11,지방,대구,1,190,1,087,0,103,21,921,17,111,2,122,2,688
2021-11,지방,광주,303,303,0,0,3,131,2,464,110,557
2021-11,지방,대전,146,146,0,0,4,525,3,349,106,1,070
2021-11,지방,울산,0,0,0,0,3,764,2,445,0,1,319
2021-11,지방,세종,0,0,0,0,3,228,3,029,199,0
2021-11,지방,강원,965,965,0,0,10,892,9,476,1,416,0
2021-11,지방,충북,72,72,0,0,7,858,7,003,284,571
2021-11,지방,충남,2,794,2,460,0,334,25,973,20,078,5,044,851
2021-11,지방,전북,4,180,2,534,1,646,0,10,862,7,222,3,368,272
2021-11,지방,전남,1,116,1,116,0,0,9,063,5,932,718,2,413
2021-11,지방,경북,5,896,5,896,0,0,21,671,18,652,3,019,0
2021-11,지방,경남,3,642,2,435,0,1,207,28,404,21,351,2,041,5,012
2021-11,지방,제주,127,127,0,0,1,035,955,80,0
2021-12,합계,합계,47,511,39,029,3,404,5,078,336,533,258,176,38,802,39,555
2021-12,수도권,소계,13,140,11,431,321,1,388,142,133,106,944,17,212,17,977
2021-12,수도권,서울,184,169,15,0,8,567,4,872,678,3,017
2021-12,수도권,인천,3,155,2,853,0,302,33,568,25,745,1,949,5,874
2021-12,수도권,경기,9,801,8,409,306,1,086,99,998,76,327,14,585,9,086
2021-12,지방,소계,34,371,27,598,3,083,3,690,194,400,151,232,21,590,21,578
2021-12,지방,부산,4,555,2,843,220,1,492,12,257,7,410,220,4,627
2021-12,지방,대구,4,730,4,040,76,614,26,651,21,151,2,198,3,302
2021-12,지방,광주,154,154,0,0,3,285,2,618,110,557
2021-12,지방,대전,2,966,2,254,712,0,7,491,5,603,818,1,070
2021-12,지방,울산,967,967,0,0,4,731,3,412,0,1,319
2021-12,지방,세종,660,660,0,0,3,888,3,689,199,0
2021-12,지방,강원,666,326,0,340,11,558,9,802,1,416,340
2021-12,지방,충북,2,113,2,113,0,0,9,971,9,116,284,571
2021-12,지방,충남,3,561,2,226,742,593,29,534,22,304,5,786,1,444
2021-12,지방,전북,2,546,2,546,0,0,13,408,9,768,3,368,272
2021-12,지방,전남,2,518,2,398,120,0,11,581,8,330,838,2,413
2021-12,지방,경북,5,625,5,625,0,0,27,296,24,277,3,019,0
2021-12,지방,경남,3,162,1,298,1,213,651,31,566,22,649,3,254,5,663
2021-12,지방,제주,148,148,0,0,1,183,1,103,80,0
2022-01,합계,합계,19,847,16,490,1,526,1,831,19,847,16,490,1,526,1,831
2022-01,수도권,소계,13,110,9,753,1,526,1,831,13,110,9,753,1,526,1,831
2022-01,수도권,서울,1,401,467,157,777,1,401,467,157,777
2022-01,수도권,인천,1,114,1,114,0,0,1,114,1,114,0,0
2022-01,수도권,경기,10,595,8,172,1,369,1,054,10,595,8,172,1,369,1,054
2022-01,지방,소계,6,737,6,737,0,0,6,737,6,737,0,0
2022-01,지방,부산,95,95,0,0,95,95,0,0
2022-01,지방,대구,60,60,0,0,60,60,0,0
2022-01,지방,광주,650,650,0,0,650,650,0,0
2022-01,지방,대전,0,0,0,0,0,0,0,0
2022-01,지방,울산,0,0,0,0,0,0,0,0
2022-01,지방,세종,0,0,0,0,0,0,0,0
2022-01,지방,강원,0,0,0,0,0,0,0,0
2022-01,지방,충북,1,191,1,191,0,0,1,191,1,191,0,0
2022-01,지방,충남,2,505,2,505,0,0,2,505,2,505,0,0
2022-01,지방,전북,0,0,0,0,0,0,0,0
2022-01,지방,전남,404,404,0,0,404,404,0,0
2022-01,지방,경북,350,350,0,0,350,350,0,0
2022-01,지방,경남,1,482,1,482,0,0,1,482,1,482,0,0
2022-01,지방,제주,0,0,0,0,0,0,0,0
2022-02,합계,합계,24,386,19,408,2,739,2,239,44,233,35,898,4,265,4,070
2022-02,수도권,소계,11,368,9,264,1,075,1,029,24,478,19,017,2,601,2,860
2022-02,수도권,서울,717,549,118,50,2,118,1,016,275,827
2022-02,수도권,인천,1,667,1,667,0,0,2,781,2,781,0,0
2022-02,수도권,경기,8,984,7,048,957,979,19,579,15,220,2,326,2,033
2022-02,지방,소계,13,018,10,144,1,664,1,210,19,755,16,881,1,664,1,210
2022-02,지방,부산,0,0,0,0,95,95,0,0
2022-02,지방,대구,1,303,1,303,0,0,1,363,1,363,0,0
2022-02,지방,광주,1,337,979,0,358,1,987,1,629,0,358
2022-02,지방,대전,2,555,1,761,145,649,2,555,1,761,145,649
2022-02,지방,울산,0,0,0,0,0,0,0,0
2022-02,지방,세종,2,067,876,1,191,0,2,067,876,1,191,0
2022-02,지방,강원,0,0,0,0,0,0,0,0
2022-02,지방,충북,2,057,1,849,208,0,3,248,3,040,208,0
2022-02,지방,충남,1,204,1,204,0,0,3,709,3,709,0,0
2022-02,지방,전북,120,0,120,0,120,0,120,0
2022-02,지방,전남,239,239,0,0,643,643,0,0
2022-02,지방,경북,761,761,0,0,1,111,1,111,0,0
2022-02,지방,경남,784,784,0,0,2,266,2,266,0,0
2022-02,지방,제주,591,388,0,203,591,388,0,203
2022-03,합계,합계,21,041,15,537,1,804,3,700,65,274,51,435,6,069,7,770
2022-03,수도권,소계,13,522,9,794,958,2,770,38,000,28,811,3,559,5,630
2022-03,수도권,서울,499,459,0,40,2,617,1,475,275,867
2022-03,수도권,인천,4,398,3,990,40,368,7,179,6,771,40,368
2022-03,수도권,경기,8,625,5,345,918,2,362,28,204,20,565,3,244,4,395
2022-03,지방,소계,7,519,5,743,846,930,27,274,22,624,2,510,2,140
2022-03,지방,부산,872,872,0,0,967,967,0,0
2022-03,지방,대구,631,631,0,0,1,994,1,994,0,0
2022-03,지방,광주,0,0,0,0,1,987,1,629,0,358
2022-03,지방,대전,195,195,0,0,2,750,1,956,145,649
2022-03,지방,울산,1,101,509,0,592,1,101,509,0,592
2022-03,지방,세종,609,0,609,0,2,676,876,1,800,0
2022-03,지방,강원,234,234,0,0,234,234,0,0
2022-03,지방,충북,0,0,0,0,3,248,3,040,208,0
2022-03,지방,충남,1,090,853,237,0,4,799,4,562,237,0
2022-03,지방,전북,878,878,0,0,998,878,120,0
2022-03,지방,전남,613,275,0,338,1,256,918,0,338
2022-03,지방,경북,255,255,0,0,1,366,1,366,0,0
2022-03,지방,경남,688,688,0,0,2,954,2,954,0,0
2022-03,지방,제주,353,353,0,0,944,741,0,203
2022-04,합계,합계,13,620,11,148,1,544,928,78,894,62,583,7,613,8,698
2022-04,수도권,소계,4,374,3,491,123,760,42,374,32,302,3,682,6,390
2022-04,수도권,서울,678,572,99,7,3,295,2,047,374,874
2022-04,수도권,인천,469,162,24,283,7,648,6,933,64,651
2022-04,수도권,경기,3,227,2,757,0,470,31,431,23,322,3,244,4,865
2022-04,지방,소계,9,246,7,657,1,421,168,36,520,30,281,3,931,2,308
2022-04,지방,부산,923,717,38,168,1,890,1,684,38,168
2022-04,지방,대구,607,607,0,0,2,601,2,601,0,0
2022-04,지방,광주,0,0,0,0,1,987,1,629,0,358
2022-04,지방,대전,799,799,0,0,3,549,2,755,145,649
2022-04,지방,울산,0,0,0,0,1,101,509,0,592
2022-04,지방,세종,0,0,0,0,2,676,876,1,800,0
2022-04,지방,강원,476,476,0,0,710,710,0,0
2022-04,지방,충북,1,029,1,029,0,0,4,277,4,069,208,0
2022-04,지방,충남,299,299,0,0,5,098,4,861,237,0
2022-04,지방,전북,398,0,398,0,1,396,878,518,0
2022-04,지방,전남,617,617,0,0,1,873,1,535,0,338
2022-04,지방,경북,0,0,0,0,1,366,1,366,0,0
2022-04,지방,경남,3,618,2,633,985,0,6,572,5,587,985,0
2022-04,지방,제주,480,480,0,0,1,424,1,221,0,203
2022-05,합계,합계,17,358,15,328,380,1,650,96,252,77,911,7,993,10,348
2022-05,수도권,소계,5,773,4,584,166,1,023,48,147,36,886,3,848,7,413
2022-05,수도권,서울,241,241,0,0,3,536,2,288,374,874
2022-05,수도권,인천,1,321,767,26,528,8,969,7,700,90,1,179
2022-05,수도권,경기,4,211,3,576,140,495,35,642,26,898,3,384,5,360
2022-05,지방,소계,11,585,10,744,214,627,48,105,41,025,4,145,2,935
2022-05,지방,부산,1,194,1,194,0,0,3,084,2,878,38,168
2022-05,지방,대구,824,824,0,0,3,425,3,425,0,0
2022-05,지방,광주,99,99,0,0,2,086,1,728,0,358
2022-05,지방,대전,0,0,0,0,3,549,2,755,145,649
2022-05,지방,울산,848,221,0,627,1,949,730,0,1,219
2022-05,지방,세종,0,0,0,0,2,676,876,1,800,0
2022-05,지방,강원,104,104,0,0,814,814,0,0
2022-05,지방,충북,1,907,1,907,0,0,6,184,5,976,208,0
2022-05,지방,충남,0,0,0,0,5,098,4,861,237,0
2022-05,지방,전북,0,0,0,0,1,396,878,518,0
2022-05,지방,전남,2,951,2,737,214,0,4,824,4,272,214,338
2022-05,지방,경북,3,602,3,602,0,0,4,968,4,968,0,0
2022-05,지방,경남,0,0,0,0,6,572,5,587,985,0
2022-05,지방,제주,56,56,0,0,1,480,1,277,0,203
2022-06,합계,합계,20,367,14,799,2,918,2,650,116,619,92,710,10,911,12,998
2022-06,수도권,소계,7,721,4,704,2,075,942,55,868,41,590,5,923,8,355
2022-06,수도권,서울,211,183,0,28,3,747,2,471,374,902
2022-06,수도권,인천,880,880,0,0,9,849,8,580,90,1,179
2022-06,수도권,경기,6,630,3,641,2,075,914,42,272,30,539,5,459,6,274
2022-06,지방,소계,12,646,10,095,843,1,708,60,751,51,120,4,988,4,643
2022-06,지방,부산,2,031,1,254,0,777,5,115,4,132,38,945
2022-06,지방,대구,1,107,1,107,0,0,4,532,4,532,0,0
2022-06,지방,광주,361,78,0,283,2,447,1,806,0,641
2022-06,지방,대전,175,175,0,0,3,724,2,930,145,649
2022-06,지방,울산,0,0,0,0,1,949,730,0,1,219
2022-06,지방,세종,78,0,78,0,2,754,876,1,878,0
2022-06,지방,강원,386,197,189,0,1,200,1,011,189,0
2022-06,지방,충북,2,700,1,972,80,648,8,884,7,948,288,648
2022-06,지방,충남,195,195,0,0,5,293,5,056,237,0
2022-06,지방,전북,1,616,1,328,288,0,3,012,2,206,806,0
2022-06,지방,전남,363,243,120,0,5,187,4,515,334,338
2022-06,지방,경북,2,681,2,681,0,0,7,649,7,649,0,0
2022-06,지방,경남,765,765,0,0,7,337,6,352,985,0
2022-06,지방,제주,188,100,88,0,1,668,1,377,88,203
2022-07,합계,합계,26,513,21,631,0,4,882,143,132,114,341,10,911,17,880
2022-07,수도권,소계,9,537,6,927,0,2,610,65,405,48,517,5,923,10,965
2022-07,수도권,서울,190,190,0,0,3,937,2,661,374,902
2022-07,수도권,인천,4,576,2,023,0,2,553,14,425,10,603,90,3,732
2022-07,수도권,경기,4,771,4,714,0,57,47,043,35,253,5,459,6,331
2022-07,지방,소계,16,976,14,704,0,2,272,77,727,65,824,4,988,6,915
2022-07,지방,부산,918,918,0,0,6,033,5,050,38,945
2022-07,지방,대구,3,239,3,101,0,138,7,771,7,633,0,138
2022-07,지방,광주,128,128,0,0,2,575,1,934,0,641
2022-07,지방,대전,2,157,1,656,0,501,5,881,4,586,145,1,150
2022-07,지방,울산,1,279,1,279,0,0,3,228,2,009,0,1,219
2022-07,지방,세종,0,0,0,0,2,754,876,1,878,0
2022-07,지방,강원,1,225,1,225,0,0,2,425,2,236,189,0
2022-07,지방,충북,334,149,0,185,9,218,8,097,288,833
2022-07,지방,충남,1,210,1,210,0,0,6,503,6,266,237,0
2022-07,지방,전북,839,839,0,0,3,851,3,045,806,0
2022-07,지방,전남,1,427,1,427,0,0,6,614,5,942,334,338
2022-07,지방,경북,1,108,776,0,332,8,757,8,425,0,332
2022-07,지방,경남,2,978,1,862,0,1,116,10,315,8,214,985,1,116
2022-07,지방,제주,134,134,0,0,1,802,1,511,88,203
2022-08,합계,합계,20,582,17,209,1,224,2,149,163,714,131,550,12,135,20,029
2022-08,수도권,소계,7,667,5,835,882,950,73,072,54,352,6,805,11,915
2022-08,수도권,서울,602,231,0,371,4,539,2,892,374,1,273
2022-08,수도권,인천,1,571,1,436,0,135,15,996,12,039,90,3,867
2022-08,수도권,경기,5,494,4,168,882,444,52,537,39,421,6,341,6,775
2022-08,지방,소계,12,915,11,374,342,1,199,90,642,77,198,5,330,8,114
2022-08,지방,부산,459,459,0,0,6,492,5,509,38,945
2022-08,지방,대구,729,676,0,53,8,500,8,309,0,191
2022-08,지방,광주,741,161,0,580,3,316,2,095,0,1,221
2022-08,지방,대전,0,0,0,0,5,881,4,586,145,1,150
2022-08,지방,울산,1,137,1,137,0,0,4,365,3,146,0,1,219
2022-08,지방,세종,210,0,210,0,2,964,876,2,088,0
2022-08,지방,강원,2,142,1,927,0,215,4,567,4,163,189,215
2022-08,지방,충북,1,757,1,757,0,0,10,975,9,854,288,833
2022-08,지방,충남,1,802,1,802,0,0,8,305,8,068,237,0
2022-08,지방,전북,1,667,1,316,0,351,5,518,4,361,806,351
2022-08,지방,전남,409,341,68,0,7,023,6,283,402,338
2022-08,지방,경북,310,310,0,0,9,067,8,735,0,332
2022-08,지방,경남,798,734,64,0,11,113,8,948,1,049,1,116
2022-08,지방,제주,754,754,0,0,2,556,2,265,88,203
2022-09,합계,합계,24,503,16,460,3,417,4,626,188,217,148,010,15,552,24,655
2022-09,수도권,소계,7,190,3,995,1,593,1,602,80,262,58,347,8,398,13,517
2022-09,수도권,서울,41,41,0,0,4,580,2,933,374,1,273
2022-09,수도권,인천,2,588,2,078,510,0,18,584,14,117,600,3,867
2022-09,수도권,경기,4,561,1,876,1,083,1,602,57,098,41,297,7,424,8,377
2022-09,지방,소계,17,313,12,465,1,824,3,024,107,955,89,663,7,154,11,138
2022-09,지방,부산,2,360,1,246,115,999,8,852,6,755,153,1,944
2022-09,지방,대구,2,385,563,0,1,822,10,885,8,872,0,2,013
2022-09,지방,광주,0,0,0,0,3,316,2,095,0,1,221
2022-09,지방,대전,0,0,0,0,5,881,4,586,145,1,150
2022-09,지방,울산,0,0,0,0,4,365,3,146,0,1,219
2022-09,지방,세종,0,0,0,0,2,964,876,2,088,0
2022-09,지방,강원,987,552,435,0,5,554,4,715,624,215
2022-09,지방,충북,3,301,2,549,752,0,14,276,12,403,1,040,833
2022-09,지방,충남,316,316,0,0,8,621,8,384,237,0
2022-09,지방,전북,1,004,704,300,0,6,522,5,065,1,106,351
2022-09,지방,전남,2,154,2,154,0,0,9,177,8,437,402,338
2022-09,지방,경북,1,298,1,298,0,0,10,365,10,033,0,332
2022-09,지방,경남,3,392,2,967,222,203,14,505,11,915,1,271,1,319
2022-09,지방,제주,116,116,0,0,2,672,2,381,88,203
2022-10,합계,합계,35,528,28,645,5,804,1,079,223,745,176,655,21,356,25,734
2022-10,수도권,소계,14,572,11,123,3,006,443,94,834,69,470,11,404,13,960
2022-10,수도권,서울,0,0,0,0,4,580,2,933,374,1,273
2022-10,수도권,인천,2,972,2,062,910,0,21,556,16,179,1,510,3,867
2022-10,수도권,경기,11,600,9,061,2,096,443,68,698,50,358,9,520,8,820
2022-10,지방,소계,20,956,17,522,2,798,636,128,911,107,185,9,952,11,774
2022-10,지방,부산,1,052,1,052,0,0,9,904,7,807,153,1,944
2022-10,지방,대구,2,245,1,695,148,402,13,130,10,567,148,2,415
2022-10,지방,광주,304,131,0,173,3,620,2,226,0,1,394
2022-10,지방,대전,2,783,2,247,536,0,8,664,6,833,681,1,150
2022-10,지방,울산,746,746,0,0,5,111,3,892,0,1,219
2022-10,지방,세종,0,0,0,0,2,964,876,2,088,0
2022-10,지방,강원,811,811,0,0,6,365,5,526,624,215
2022-10,지방,충북,1,019,1,019,0,0,15,295,13,422,1,040,833
2022-10,지방,충남,8,591,6,885,1,706,0,17,212,15,269,1,943,0
2022-10,지방,전북,2,262,1,854,408,0,8,784,6,919,1,514,351
2022-10,지방,전남,244,244,0,0,9,421,8,681,402,338
2022-10,지방,경북,745,745,0,0,11,110,10,778,0,332
2022-10,지방,경남,0,0,0,0,14,505,11,915,1,271,1,319
2022-10,지방,제주,154,93,0,61,2,826,2,474,88,264
2022-11,합계,합계,36,896,25,562,2,086,9,248,260,641,202,217,23,442,34,982
2022-11,수도권,소계,24,102,14,520,1,900,7,682,118,936,83,990,13,304,21,642
2022-11,수도권,서울,16,262,6,830,1,750,7,682,20,842,9,763,2,124,8,955
2022-11,수도권,인천,0,0,0,0,21,556,16,179,1,510,3,867
2022-11,수도권,경기,7,840,7,690,150,0,76,538,58,048,9,670,8,820
2022-11,지방,소계,12,794,11,042,186,1,566,141,705,118,227,10,138,13,340
2022-11,지방,부산,0,0,0,0,9,904,7,807,153,1,944
2022-11,지방,대구,480,105,0,375,13,610,10,672,148,2,790
2022-11,지방,광주,409,382,27,0,4,029,2,608,27,1,394
2022-11,지방,대전,4,237,3,409,0,828,12,901,10,242,681,1,978
2022-11,지방,울산,711,711,0,0,5,822,4,603,0,1,219
2022-11,지방,세종,0,0,0,0,2,964,876,2,088,0
2022-11,지방,강원,1,308,1,308,0,0,7,673,6,834,624,215
2022-11,지방,충북,0,0,0,0,15,295,13,422,1,040,833
2022-11,지방,충남,2,425,2,425,0,0,19,637,17,694,1,943,0
2022-11,지방,전북,633,633,0,0,9,417,7,552,1,514,351
2022-11,지방,전남,232,232,0,0,9,653,8,913,402,338
2022-11,지방,경북,428,428,0,0,11,538,11,206,0,332
2022-11,지방,경남,1,795,1,273,159,363,16,300,13,188,1,430,1,682
2022-11,지방,제주,136,136,0,0,2,962,2,610,88,264
2022-12,합계,합계,26,983,15,037,4,081,7,865,287,624,217,254,27,523,42,847
2022-12,수도권,소계,16,997,6,704,3,398,6,895,135,933,90,694,16,702,28,537
2022-12,수도권,서울,2,722,272,259,2,191,23,564,10,035,2,383,11,146
2022-12,수도권,인천,1,687,1,284,148,255,23,243,17,463,1,658,4,122
2022-12,수도권,경기,12,588,5,148,2,991,4,449,89,126,63,196,12,661,13,269
2022-12,지방,소계,9,986,8,333,683,970,151,691,126,560,10,821,14,310
2022-12,지방,부산,913,116,0,797,10,817,7,923,153,2,741
2022-12,지방,대구,481,481,0,0,14,091,11,153,148,2,790
2022-12,지방,광주,0,0,0,0,4,029,2,608,27,1,394
2022-12,지방,대전,851,851,0,0,13,752,11,093,681,1,978
2022-12,지방,울산,631,631,0,0,6,453,5,234,0,1,219
2022-12,지방,세종,256,190,0,66,3,220,1,066,2,088,66
2022-12,지방,강원,610,610,0,0,8,283,7,444,624,215
2022-12,지방,충북,928,652,169,107,16,223,14,074,1,209,940
2022-12,지방,충남,999,999,0,0,20,636,18,693,1,943,0
2022-12,지방,전북,0,0,0,0,9,417,7,552,1,514,351
2022-12,지방,전남,56,0,56,0,9,709,8,913,458,338
2022-12,지방,경북,1,455,1,455,0,0,12,993,12,661,0,332
2022-12,지방,경남,2,729,2,271,458,0,19,029,15,459,1,888,1,682
2022-12,지방,제주,77,77,0,0,3,039,2,687,88,264
2023-01,합계,합계,1,852,1,728,16,108,1,852,1,728,16,108
2023-01,수도권,소계,1,027,903,16,108,1,027,903,16,108
2023-01,수도권,서울,96,80,16,0,96,80,16,0
2023-01,수도권,인천,218,110,0,108,218,110,0,108
2023-01,수도권,경기,713,713,0,0,713,713,0,0
2023-01,지방,소계,825,825,0,0,825,825,0,0
2023-01,지방,부산,0,0,0,0,0,0,0,0
2023-01,지방,대구,0,0,0,0,0,0,0,0
2023-01,지방,광주,0,0,0,0,0,0,0,0
2023-01,지방,대전,0,0,0,0,0,0,0,0
2023-01,지방,울산,0,0,0,0,0,0,0,0
2023-01,지방,세종,0,0,0,0,0,0,0,0
2023-01,지방,강원,0,0,0,0,0,0,0,0
2023-01,지방,충북,0,0,0,0,0,0,0,0
2023-01,지방,충남,80,80,0,0,80,80,0,0
2023-01,지방,전북,745,745,0,0,745,745,0,0
2023-01,지방,전남,0,0,0,0,0,0,0,0
2023-01,지방,경북,0,0,0,0,0,0,0,0
2023-01,지방,경남,0,0,0,0,0,0,0,0
2023-01,지방,제주,0,0,0,0,0,0,0,0
2023-02,합계,합계,9,093,6,362,734,1,997,10,945,8,090,750,2,105
2023-02,수도권,소계,6,975,4,396,734,1,845,8,002,5,299,750,1,953
2023-02,수도권,서울,1,595,775,236,584,1,691,855,252,584
2023-02,수도권,인천,1,424,770,336,318,1,642,880,336,426
2023-02,수도권,경기,3,956,2,851,162,943,4,669,3,564,162,943
2023-02,지방,소계,2,118,1,966,0,152,2,943,2,791,0,152
2023-02,지방,부산,886,886,0,0,886,886,0,0
2023-02,지방,대구,0,0,0,0,0,0,0,0
2023-02,지방,광주,191,191,0,0,191,191,0,0
2023-02,지방,대전,0,0,0,0,0,0,0,0
2023-02,지방,울산,0,0,0,0,0,0,0,0
2023-02,지방,세종,0,0,0,0,0,0,0,0
2023-02,지방,강원,0,0,0,0,0,0,0,0
2023-02,지방,충북,715,715,0,0,715,715,0,0
2023-02,지방,충남,0,0,0,0,80,80,0,0
2023-02,지방,전북,0,0,0,0,745,745,0,0
2023-02,지방,전남,224,72,0,152,224,72,0,152
2023-02,지방,경북,0,0,0,0,0,0,0,0
2023-02,지방,경남,0,0,0,0,0,0,0,0
2023-02,지방,제주,102,102,0,0,102,102,0,0
2023-03,합계,합계,13,269,9,195,1,393,2,681,24,214,17,285,2,143,4,786
2023-03,수도권,소계,6,648,4,701,433,1,514,14,650,10,000,1,183,3,467
2023-03,수도권,서울,1,806,700,433,673,3,497,1,555,685,1,257
2023-03,수도권,인천,1,292,1,292,0,0,2,934,2,172,336,426
2023-03,수도권,경기,3,550,2,709,0,841,8,219,6,273,162,1,784
2023-03,지방,소계,6,621,4,494,960,1,167,9,564,7,285,960,1,319
2023-03,지방,부산,3,399,2,384,214,801,4,285,3,270,214,801
2023-03,지방,대구,0,0,0,0,0,0,0,0
2023-03,지방,광주,1,459,1,093,0,366,1,650,1,284,0,366
2023-03,지방,대전,0,0,0,0,0,0,0,0
2023-03,지방,울산,0,0,0,0,0,0,0,0
2023-03,지방,세종,0,0,0,0,0,0,0,0
2023-03,지방,강원,0,0,0,0,0,0,0,0
2023-03,지방,충북,200,200,0,0,915,915,0,0
2023-03,지방,충남,0,0,0,0,80,80,0,0
2023-03,지방,전북,857,707,150,0,1,602,1,452,150,0
2023-03,지방,전남,0,0,0,0,224,72,0,152
2023-03,지방,경북,0,0,0,0,0,0,0,0
2023-03,지방,경남,642,46,596,0,642,46,596,0
2023-03,지방,제주,64,64,0,0,166,166,0,0
2023-04,합계,합계,15,017,11,754,251,3,012,39,231,29,039,2,394,7,798
2023-04,수도권,소계,9,556,6,705,251,2,600,24,206,16,705,1,434,6,067
2023-04,수도권,서울,298,264,34,0,3,795,1,819,719,1,257
2023-04,수도권,인천,625,625,0,0,3,559,2,797,336,426
2023-04,수도권,경기,8,633,5,816,217,2,600,16,852,12,089,379,4,384
2023-04,지방,소계,5,461,5,049,0,412,15,025,12,334,960,1,731
2023-04,지방,부산,1,835,1,423,0,412,6,120,4,693,214,1,213
2023-04,지방,대구,0,0,0,0,0,0,0,0
2023-04,지방,광주,57,57,0,0,1,707,1,341,0,366
2023-04,지방,대전,0,0,0,0,0,0,0,0
2023-04,지방,울산,0,0,0,0,0,0,0,0
2023-04,지방,세종,0,0,0,0,0,0,0,0
2023-04,지방,강원,0,0,0,0,0,0,0,0
2023-04,지방,충북,2,876,2,876,0,0,3,791,3,791,0,0
2023-04,지방,충남,60,60,0,0,140,140,0,0
2023-04,지방,전북,633,633,0,0,2,235,2,085,150,0
2023-04,지방,전남,0,0,0,0,224,72,0,152
2023-04,지방,경북,0,0,0,0,0,0,0,0
2023-04,지방,경남,0,0,0,0,642,46,596,0
2023-04,지방,제주,0,0,0,0,166,166,0,0
2023-05,합계,합계,7,439,4,968,698,1,773,46,670,34,007,3,092,9,571
2023-05,수도권,소계,4,348,2,327,248,1,773,28,554,19,032,1,682,7,840
2023-05,수도권,서울,707,327,46,334,4,502,2,146,765,1,591
2023-05,수도권,인천,97,50,24,23,3,656,2,847,360,449
2023-05,수도권,경기,3,544,1,950,178,1,416,20,396,14,039,557,5,800
2023-05,지방,소계,3,091,2,641,450,0,18,116,14,975,1,410,1,731
2023-05,지방,부산,972,972,0,0,7,092,5,665,214,1,213
2023-05,지방,대구,34,34,0,0,34,34,0,0
2023-05,지방,광주,903,903,0,0,2,610,2,244,0,366
2023-05,지방,대전,0,0,0,0,0,0,0,0
2023-05,지방,울산,193,193,0,0,193,193,0,0
2023-05,지방,세종,450,0,450,0,450,0,450,0
2023-05,지방,강원,0,0,0,0,0,0,0,0
2023-05,지방,충북,0,0,0,0,3,791,3,791,0,0
2023-05,지방,충남,358,358,0,0,498,498,0,0
2023-05,지방,전북,0,0,0,0,2,235,2,085,150,0
2023-05,지방,전남,0,0,0,0,224,72,0,152
2023-05,지방,경북,0,0,0,0,0,0,0,0
2023-05,지방,경남,45,45,0,0,687,91,596,0
2023-05,지방,제주,136,136,0,0,302,302,0,0
2023-06,합계,합계,19,777,15,609,670,3,498,66,447,49,616,3,762,13,069
2023-06,수도권,소계,8,090,6,935,364,791,36,644,25,967,2,046,8,631
2023-06,수도권,서울,1,366,389,232,745,5,868,2,535,997,2,336
2023-06,수도권,인천,856,856,0,0,4,512,3,703,360,449
2023-06,수도권,경기,5,868,5,690,132,46,26,264,19,729,689,5,846
2023-06,지방,소계,11,687,8,674,306,2,707,29,803,23,649,1,716,4,438
2023-06,지방,부산,5,230,3,072,238,1,920,12,322,8,737,452,3,133
2023-06,지방,대구,0,0,0,0,34,34,0,0
2023-06,지방,광주,1,632,777,68,787,4,242,3,021,68,1,153
2023-06,지방,대전,60,60,0,0,60,60,0,0
2023-06,지방,울산,352,352,0,0,545,545,0,0
2023-06,지방,세종,56,56,0,0,506,56,450,0
2023-06,지방,강원,1,152,1,152,0,0,1,152,1,152,0,0
2023-06,지방,충북,933,933,0,0,4,724,4,724,0,0
2023-06,지방,충남,1,847,1,847,0,0,2,345,2,345,0,0
2023-06,지방,전북,0,0,0,0,2,235,2,085,150,0
2023-06,지방,전남,0,0,0,0,224,72,0,152
2023-06,지방,경북,0,0,0,0,0,0,0,0
2023-06,지방,경남,0,0,0,0,687,91,596,0
2023-06,지방,제주,425,425,0,0,727,727,0,0
2023-07,합계,합계,13,184,10,038,1,315,1,831,79,631,59,654,5,077,14,900
2023-07,수도권,소계,8,048,5,183,1,195,1,670,44,692,31,150,3,241,10,301
2023-07,수도권,서울,1,213,753,440,20,7,081,3,288,1,437,2,356
2023-07,수도권,인천,1,932,1,620,89,223,6,444,5,323,449,672
2023-07,수도권,경기,4,903,2,810,666,1,427,31,167,22,539,1,355,7,273
2023-07,지방,소계,5,136,4,855,120,161,34,939,28,504,1,836,4,599
2023-07,지방,부산,68,68,0,0,12,390,8,805,452,3,133
2023-07,지방,대구,0,0,0,0,34,34,0,0
2023-07,지방,광주,0,0,0,0,4,242,3,021,68,1,153
2023-07,지방,대전,224,63,0,161,284,123,0,161
2023-07,지방,울산,0,0,0,0,545,545,0,0
2023-07,지방,세종,0,0,0,0,506,56,450,0
2023-07,지방,강원,3,239,3,119,120,0,4,391,4,271,120,0
2023-07,지방,충북,0,0,0,0,4,724,4,724,0,0
2023-07,지방,충남,0,0,0,0,2,345,2,345,0,0
2023-07,지방,전북,268,268,0,0,2,503,2,353,150,0
2023-07,지방,전남,0,0,0,0,224,72,0,152
2023-07,지방,경북,67,67,0,0,67,67,0,0
2023-07,지방,경남,1,270,1,270,0,0,1,957,1,361,596,0
2023-07,지방,제주,0,0,0,0,727,727,0,0
2023-08,합계,합계,14,818,8,366,750,5,702,94,449,68,020,5,827,20,602
2023-08,수도권,소계,7,434,3,394,680,3,360,52,126,34,544,3,921,13,661
2023-08,수도권,서울,4,675,2,111,680,1,884,11,756,5,399,2,117,4,240
2023-08,수도권,인천,0,0,0,0,6,444,5,323,449,672
2023-08,수도권,경기,2,759,1,283,0,1,476,33,926,23,822,1,355,8,749
2023-08,지방,소계,7,384,4,972,70,2,342,42,323,33,476,1,906,6,941
2023-08,지방,부산,91,91,0,0,12,481,8,896,452,3,133
2023-08,지방,대구,0,0,0,0,34,34,0,0
2023-08,지방,광주,2,739,948,70,1,721,6,981,3,969,138,2,874
2023-08,지방,대전,1,974,1,353,0,621,2,258,1,476,0,782
2023-08,지방,울산,0,0,0,0,545,545,0,0
2023-08,지방,세종,0,0,0,0,506,56,450,0
2023-08,지방,강원,0,0,0,0,4,391,4,271,120,0
2023-08,지방,충북,0,0,0,0,4,724,4,724,0,0
2023-08,지방,충남,0,0,0,0,2,345,2,345,0,0
2023-08,지방,전북,333,333,0,0,2,836,2,686,150,0
2023-08,지방,전남,1,520,1,520,0,0,1,744,1,592,0,152
2023-08,지방,경북,0,0,0,0,67,67,0,0
2023-08,지방,경남,523,523,0,0,2,480,1,884,596,0
2023-08,지방,제주,204,204,0,0,931,931,0,0
2023-09,합계,합계,14,261,10,583,1,702,1,976,108,710,78,603,7,529,22,578
2023-09,수도권,소계,7,362,5,071,1,308,983,59,488,39,615,5,229,14,644
2023-09,수도권,서울,1,586,373,258,955,13,342,5,772,2,375,5,195
2023-09,수도권,인천,3,301,3,301,0,0,9,745,8,624,449,672
2023-09,수도권,경기,2,475,1,397,1,050,28,36,401,25,219,2,405,8,777
2023-09,지방,소계,6,899,5,512,394,993,49,222,38,988,2,300,7,934
2023-09,지방,부산,1,488,495,0,993,13,969,9,391,452,4,126
2023-09,지방,대구,0,0,0,0,34,34,0,0
2023-09,지방,광주,1,872,1,798,74,0,8,853,5,767,212,2,874
2023-09,지방,대전,0,0,0,0,2,258,1,476,0,782
2023-09,지방,울산,0,0,0,0,545,545,0,0
2023-09,지방,세종,0,0,0,0,506,56,450,0
2023-09,지방,강원,727,527,200,0,5,118,4,798,320,0
2023-09,지방,충북,644,644,0,0,5,368,5,368,0,0
2023-09,지방,충남,0,0,0,0,2,345,2,345,0,0
2023-09,지방,전북,0,0,0,0,2,836,2,686,150,0
2023-09,지방,전남,1,965,1,845,120,0,3,709,3,437,120,152
2023-09,지방,경북,0,0,0,0,67,67,0,0
2023-09,지방,경남,0,0,0,0,2,480,1,884,596,0
2023-09,지방,제주,203,203,0,0,1,134,1,134,0,0
2023-10,합계,합계,33,407,22,163,4,528,6,716,142,117,100,766,12,057,29,294
2023-10,수도권,소계,23,665,13,117,4,016,6,532,83,153,52,732,9,245,21,176
2023-10,수도권,서울,6,262,2,105,1,946,2,211,19,604,7,877,4,321,7,406
2023-10,수도권,인천,781,781,0,0,10,526,9,405,449,672
2023-10,수도권,경기,16,622,10,231,2,070,4,321,53,023,35,450,4,475,13,098
2023-10,지방,소계,9,742,9,046,512,184,58,964,48,034,2,812,8,118
2023-10,지방,부산,1,067,1,067,0,0,15,036,10,458,452,4,126
2023-10,지방,대구,0,0,0,0,34,34,0,0
2023-10,지방,광주,0,0,0,0,8,853,5,767,212,2,874
2023-10,지방,대전,660,528,132,0,2,918,2,004,132,782
2023-10,지방,울산,1,430,1,430,0,0,1,975,1,975,0,0
2023-10,지방,세종,0,0,0,0,506,56,450,0
2023-10,지방,강원,2,023,1,649,190,184,7,141,6,447,510,184
2023-10,지방,충북,70,0,70,0,5,438,5,368,70,0
2023-10,지방,충남,2,059,2,059,0,0,4,404,4,404,0,0
2023-10,지방,전북,1,048,928,120,0,3,884,3,614,270,0
2023-10,지방,전남,0,0,0,0,3,709,3,437,120,152
2023-10,지방,경북,1,385,1,385,0,0,1,452,1,452,0,0
2023-10,지방,경남,0,0,0,0,2,480,1,884,596,0
2023-10,지방,제주,0,0,0,0,1,134,1,134,0,0
2023-11,합계,합계,21,392,17,334,1,753,2,305,163,509,118,100,13,810,31,599
2023-11,수도권,소계,10,466,7,918,1,287,1,261,93,619,60,650,10,532,22,437
2023-11,수도권,서울,1,665,531,121,1,013,21,269,8,408,4,442,8,419
2023-11,수도권,인천,3,595,3,308,39,248,14,121,12,713,488,920
2023-11,수도권,경기,5,206,4,079,1,127,0,58,229,39,529,5,602,13,098
2023-11,지방,소계,10,926,9,416,466,1,044,69,890,57,450,3,278,9,162
2023-11,지방,부산,5,267,4,007,414,846,20,303,14,465,866,4,972
2023-11,지방,대구,0,0,0,0,34,34,0,0
2023-11,지방,광주,0,0,0,0,8,853,5,767,212,2,874
2023-11,지방,대전,818,568,52,198,3,736,2,572,184,980
2023-11,지방,울산,0,0,0,0,1,975,1,975,0,0
2023-11,지방,세종,0,0,0,0,506,56,450,0
2023-11,지방,강원,1,104,1,104,0,0,8,245,7,551,510,184
2023-11,지방,충북,2,157,2,157,0,0,7,595,7,525,70,0
2023-11,지방,충남,410,410,0,0,4,814,4,814,0,0
2023-11,지방,전북,129,129,0,0,4,013,3,743,270,0
2023-11,지방,전남,0,0,0,0,3,709,3,437,120,152
2023-11,지방,경북,820,820,0,0,2,272,2,272,0,0
2023-11,지방,경남,221,221,0,0,2,701,2,105,596,0
2023-11,지방,제주,0,0,0,0,1,134,1,134,0,0
2023-12,합계,합계,28,916,20,436,2,707,5,773,192,425,138,536,16,517,37,372
2023-12,수도권,소계,20,390,13,684,1,899,4,807,114,009,74,334,12,431,27,244
2023-12,수도권,서울,2,261,996,697,568,23,530,9,404,5,139,8,987
2023-12,수도권,인천,2,948,2,068,202,678,17,069,14,781,690,1,598
2023-12,수도권,경기,15,181,10,620,1,000,3,561,73,410,50,149,6,602,16,659
2023-12,지방,소계,8,526,6,752,808,966,78,416,64,202,4,086,10,128
2023-12,지방,부산,1,084,378,0,706,21,387,14,843,866,5,678
2023-12,지방,대구,0,0,0,0,34,34,0,0
2023-12,지방,광주,380,380,0,0,9,233,6,147,212,2,874
2023-12,지방,대전,358,358,0,0,4,094,2,930,184,980
2023-12,지방,울산,705,445,0,260,2,680,2,420,0,260
2023-12,지방,세종,151,0,151,0,657,56,601,0
2023-12,지방,강원,228,228,0,0,8,473,7,779,510,184
2023-12,지방,충북,800,800,0,0,8,395,8,325,70,0
2023-12,지방,충남,2,621,2,561,60,0,7,435,7,375,60,0
2023-12,지방,전북,320,0,320,0,4,333,3,743,590,0
2023-12,지방,전남,0,0,0,0,3,709,3,437,120,152
2023-12,지방,경북,1,100,823,277,0,3,372,3,095,277,0
2023-12,지방,경남,707,707,0,0,3,408,2,812,596,0
2023-12,지방,제주,72,72,0,0,1,206,1,206,0,0
2024-01,합계,합계,13,830,9,001,307,4,522,13,830,9,001,307,4,522
2024-01,수도권,소계,7,906,3,533,307,4,066,7,906,3,533,307,4,066
2024-01,수도권,서울,3,435,290,195,2,950,3,435,290,195,2,950
2024-01,수도권,인천,1,144,1,144,0,0,1,144,1,144,0,0
2024-01,수도권,경기,3,327,2,099,112,1,116,3,327,2,099,112,1,116
2024-01,지방,소계,5,924,5,468,0,456,5,924,5,468,0,456
2024-01,지방,부산,538,538,0,0,538,538,0,0
2024-01,지방,대구,0,0,0,0,0,0,0,0
2024-01,지방,광주,2,064,1,608,0,456,2,064,1,608,0,456
2024-01,지방,대전,0,0,0,0,0,0,0,0
2024-01,지방,울산,192,192,0,0,192,192,0,0
2024-01,지방,세종,0,0,0,0,0,0,0,0
2024-01,지방,강원,448,448,0,0,448,448,0,0
2024-01,지방,충북,0,0,0,0,0,0,0,0
2024-01,지방,충남,742,742,0,0,742,742,0,0
2024-01,지방,전북,92,92,0,0,92,92,0,0
2024-01,지방,전남,180,180,0,0,180,180,0,0
2024-01,지방,경북,1,668,1,668,0,0,1,668,1,668,0,0
2024-01,지방,경남,0,0,0,0,0,0,0,0
2024-01,지방,제주,0,0,0,0,0,0,0,0
2024-02,합계,합계,26,094,20,946,451,4,697,39,924,29,947,758,9,219
2024-02,수도권,소계,12,059,9,809,0,2,250,19,965,13,342,307,6,316
2024-02,수도권,서울,829,240,0,589,4,264,530,195,3,539
2024-02,수도권,인천,3,460,3,460,0,0,4,604,4,604,0,0
2024-02,수도권,경기,7,770,6,109,0,1,661,11,097,8,208,112,2,777
2024-02,지방,소계,14,035,11,137,451,2,447,19,959,16,605,451,2,903
2024-02,지방,부산,1,194,508,0,686,1,732,1,046,0,686
2024-02,지방,대구,240,240,0,0,240,240,0,0
2024-02,지방,광주,3,839,3,483,101,255,5,903,5,091,101,711
2024-02,지방,대전,1,213,776,61,376,1,213,776,61,376
2024-02,지방,울산,892,892,0,0,1,084,1,084,0,0
2024-02,지방,세종,0,0,0,0,0,0,0,0
2024-02,지방,강원,0,0,0,0,448,448,0,0
2024-02,지방,충북,2,330,1,675,118,537,2,330,1,675,118,537
2024-02,지방,충남,1,290,1,290,0,0,2,032,2,032,0,0
2024-02,지방,전북,1,914,1,225,96,593,2,006,1,317,96,593
2024-02,지방,전남,0,0,0,0,180,180,0,0
2024-02,지방,경북,123,123,0,0,1,791,1,791,0,0
2024-02,지방,경남,232,232,0,0,232,232,0,0
2024-02,지방,제주,768,693,75,0,768,693,75,0
2024-03,합계,합계,2,764,1,003,1,272,489,42,688,30,950,2,030,9,708
2024-03,수도권,소계,797,365,432,0,20,762,13,707,739,6,316
2024-03,수도권,서울,477,45,432,0,4,741,575,627,3,539
2024-03,수도권,인천,0,0,0,0,4,604,4,604,0,0
2024-03,수도권,경기,320,320,0,0,11,417,8,528,112,2,777
2024-03,지방,소계,1,967,638,840,489,21,926,17,243,1,291,3,392
2024-03,지방,부산,0,0,0,0,1,732,1,046,0,686
2024-03,지방,대구,418,143,0,275,658,383,0,275
2024-03,지방,광주,0,0,0,0,5,903,5,091,101,711
2024-03,지방,대전,749,495,40,214,1,962,1,271,101,590
2024-03,지방,울산,800,0,800,0,1,884,1,084,800,0
2024-03,지방,세종,0,0,0,0,0,0,0,0
2024-03,지방,강원,0,0,0,0,448,448,0,0
2024-03,지방,충북,0,0,0,0,2,330,1,675,118,537
2024-03,지방,충남,0,0,0,0,2,032,2,032,0,0
2024-03,지방,전북,0,0,0,0,2,006,1,317,96,593
2024-03,지방,전남,0,0,0,0,180,180,0,0
2024-03,지방,경북,0,0,0,0,1,791,1,791,0,0
2024-03,지방,경남,0,0,0,0,232,232,0,0
2024-03,지방,제주,0,0,0,0,768,693,75,0
2024-04,합계,합계,27,973,19,712,2,373,5,888,70,661,50,662,4,403,15,596
2024-04,수도권,소계,8,113,4,901,1,080,2,132,28,875,18,608,1,819,8,448
2024-04,수도권,서울,295,114,0,181,5,036,689,627,3,720
2024-04,수도권,인천,2,587,1,833,198,556,7,191,6,437,198,556
2024-04,수도권,경기,5,231,2,954,882,1,395,16,648,11,482,994,4,172
2024-04,지방,소계,19,860,14,811,1,293,3,756,41,786,32,054,2,584,7,148
2024-04,지방,부산,2,452,2,160,0,292,4,184,3,206,0,978
2024-04,지방,대구,438,337,101,0,1,096,720,101,275
2024-04,지방,광주,5,986,3,556,408,2,022,11,889,8,647,509,2,733
2024-04,지방,대전,2,308,1,769,105,434,4,270,3,040,206,1,024
2024-04,지방,울산,2,033,1,073,104,856,3,917,2,157,904,856
2024-04,지방,세종,0,0,0,0,0,0,0,0
2024-04,지방,강원,1,602,1,273,177,152,2,050,1,721,177,152
2024-04,지방,충북,154,0,154,0,2,484,1,675,272,537
2024-04,지방,충남,2,297,2,133,164,0,4,329,4,165,164,0
2024-04,지방,전북,1,239,1,159,80,0,3,245,2,476,176,593
2024-04,지방,전남,1,317,1,317,0,0,1,497,1,497,0,0
2024-04,지방,경북,0,0,0,0,1,791,1,791,0,0
2024-04,지방,경남,34,34,0,0,266,266,0,0
2024-04,지방,제주,0,0,0,0,768,693,75,0
2024-05,합계,합계,20,179,15,525,1,639,3,015,90,840,66,187,6,042,18,611
2024-05,수도권,소계,8,562,6,162,1,367,1,033,37,437,24,770,3,186,9,481
2024-05,수도권,서울,1,042,477,180,385,6,078,1,166,807,4,105
2024-05,수도권,인천,855,0,855,0,8,046,6,437,1,053,556
2024-05,수도권,경기,6,665,5,685,332,648,23,313,17,167,1,326,4,820
2024-05,지방,소계,11,617,9,363,272,1,982,53,403,41,417,2,856,9,130
2024-05,지방,부산,2,818,1,932,52,834,7,002,5,138,52,1,812
2024-05,지방,대구,1,471,1,138,101,232,2,567,1,858,202,507
2024-05,지방,광주,0,0,0,0,11,889,8,647,509,2,733
2024-05,지방,대전,1,821,1,381,119,321,6,091,4,421,325,1,345
2024-05,지방,울산,1,014,679,0,335,4,931,2,836,904,1,191
2024-05,지방,세종,0,0,0,0,0,0,0,0
2024-05,지방,강원,1,024,1,024,0,0,3,074,2,745,177,152
2024-05,지방,충북,0,0,0,0,2,484,1,675,272,537
2024-05,지방,충남,823,823,0,0,5,152,4,988,164,0
2024-05,지방,전북,1,092,832,0,260,4,337,3,308,176,853
2024-05,지방,전남,0,0,0,0,1,497,1,497,0,0
2024-05,지방,경북,0,0,0,0,1,791,1,791,0,0
2024-05,지방,경남,1,554,1,554,0,0,1,820,1,820,0,0
2024-05,지방,제주,0,0,0,0,768,693,75,0
2024-06,합계,합계,21,655,14,089,2,839,4,727,112,495,80,276,8,881,23,338
2024-06,수도권,소계,12,763,8,135,1,256,3,372,50,200,32,905,4,442,12,853
2024-06,수도권,서울,2,153,662,835,656,8,231,1,828,1,642,4,761
2024-06,수도권,인천,378,342,0,36,8,424,6,779,1,053,592
2024-06,수도권,경기,10,232,7,131,421,2,680,33,545,24,298,1,747,7,500
2024-06,지방,소계,8,892,5,954,1,583,1,355,62,295,47,371,4,439,10,485
2024-06,지방,부산,2,303,1,864,66,373,9,305,7,002,118,2,185
2024-06,지방,대구,0,0,0,0,2,567,1,858,202,507
2024-06,지방,광주,226,226,0,0,12,115,8,873,509,2,733
2024-06,지방,대전,745,334,0,411,6,836,4,755,325,1,756
2024-06,지방,울산,1,176,212,701,263,6,107,3,048,1,605,1,454
2024-06,지방,세종,416,0,416,0,416,0,416,0
2024-06,지방,강원,439,439,0,0,3,513,3,184,177,152
2024-06,지방,충북,1,743,1,743,0,0,4,227,3,418,272,537
2024-06,지방,충남,0,0,0,0,5,152,4,988,164,0
2024-06,지방,전북,0,0,0,0,4,337,3,308,176,853
2024-06,지방,전남,1,760,1,052,400,308,3,257,2,549,400,308
2024-06,지방,경북,84,84,0,0,1,875,1,875,0,0
2024-06,지방,경남,0,0,0,0,1,820,1,820,0,0
2024-06,지방,제주,0,0,0,0,768,693,75,0
2024-07,합계,합계,12,981,10,436,1,430,1,115,125,476,90,712,10,311,24,453
2024-07,수도권,소계,6,973,5,487,413,1,073,57,173,38,392,4,855,13,926
2024-07,수도권,서울,2,956,1,470,413,1,073,11,187,3,298,2,055,5,834
2024-07,수도권,인천,2,673,2,673,0,0,11,097,9,452,1,053,592
2024-07,수도권,경기,1,344,1,344,0,0,34,889,25,642,1,747,7,500
2024-07,지방,소계,6,008,4,949,1,017,42,68,303,52,320,5,456,10,527
2024-07,지방,부산,0,0,0,0,9,305,7,002,118,2,185
2024-07,지방,대구,0,0,0,0,2,567,1,858,202,507
2024-07,지방,광주,0,0,0,0,12,115,8,873,509,2,733
2024-07,지방,대전,4,075,3,247,828,0,10,911,8,002,1,153,1,756
2024-07,지방,울산,0,0,0,0,6,107,3,048,1,605,1,454
2024-07,지방,세종,159,0,159,0,575,0,575,0
2024-07,지방,강원,830,758,30,42,4,343,3,942,207,194
2024-07,지방,충북,0,0,0,0,4,227,3,418,272,537
2024-07,지방,충남,0,0,0,0,5,152,4,988,164,0
2024-07,지방,전북,275,275,0,0,4,612,3,583,176,853
2024-07,지방,전남,0,0,0,0,3,257,2,549,400,308
2024-07,지방,경북,631,631,0,0,2,506,2,506,0,0
2024-07,지방,경남,38,38,0,0,1,858,1,858,0,0
2024-07,지방,제주,0,0,0,0,768,693,75,0
2024-08,합계,합계,16,077,10,836,912,4,329,141,553,101,548,11,223,28,782
2024-08,수도권,소계,11,710,7,522,496,3,692,68,883,45,914,5,351,17,618
2024-08,수도권,서울,4,455,1,775,496,2,184,15,642,5,073,2,551,8,018
2024-08,수도권,인천,722,722,0,0,11,819,10,174,1,053,592
2024-08,수도권,경기,6,533,5,025,0,1,508,41,422,30,667,1,747,9,008
2024-08,지방,소계,4,367,3,314,416,637,72,670,55,634,5,872,11,164
2024-08,지방,부산,0,0,0,0,9,305,7,002,118,2,185
2024-08,지방,대구,0,0,0,0,2,567,1,858,202,507
2024-08,지방,광주,414,69,0,345,12,529,8,942,509,3,078
2024-08,지방,대전,0,0,0,0,10,911,8,002,1,153,1,756
2024-08,지방,울산,803,803,0,0,6,910,3,851,1,605,1,454
2024-08,지방,세종,238,0,238,0,813,0,813,0
2024-08,지방,강원,0,0,0,0,4,343,3,942,207,194
2024-08,지방,충북,0,0,0,0,4,227,3,418,272,537
2024-08,지방,충남,438,438,0,0,5,590,5,426,164,0
2024-08,지방,전북,0,0,0,0,4,612,3,583,176,853
2024-08,지방,전남,0,0,0,0,3,257,2,549,400,308
2024-08,지방,경북,0,0,0,0,2,506,2,506,0,0
2024-08,지방,경남,1,036,744,0,292,2,894,2,602,0,292
2024-08,지방,제주,1,438,1,260,178,0,2,206,1,953,253,0
2024-09,합계,합계,20,404,13,368,1,026,6,010,161,957,114,916,12,249,34,792
2024-09,수도권,소계,14,518,9,817,840,3,861,83,401,55,731,6,191,21,479
2024-09,수도권,서울,2,165,687,216,1,262,17,807,5,760,2,767,9,280
2024-09,수도권,인천,2,840,2,840,0,0,14,659,13,014,1,053,592
2024-09,수도권,경기,9,513,6,290,624,2,599,50,935,36,957,2,371,11,607
2024-09,지방,소계,5,886,3,551,186,2,149,78,556,59,185,6,058,13,313
2024-09,지방,부산,2,138,1,155,64,919,11,443,8,157,182,3,104
2024-09,지방,대구,1,758,1,112,90,556,4,325,2,970,292,1,063
2024-09,지방,광주,0,0,0,0,12,529,8,942,509,3,078
2024-09,지방,대전,0,0,0,0,10,911,8,002,1,153,1,756
2024-09,지방,울산,0,0,0,0,6,910,3,851,1,605,1,454
2024-09,지방,세종,0,0,0,0,813,0,813,0
2024-09,지방,강원,1,021,1,021,0,0,5,364,4,963,207,194
2024-09,지방,충북,969,263,32,674,5,196,3,681,304,1,211
2024-09,지방,충남,0,0,0,0,5,590,5,426,164,0
2024-09,지방,전북,0,0,0,0,4,612,3,583,176,853
2024-09,지방,전남,0,0,0,0,3,257,2,549,400,308
2024-09,지방,경북,0,0,0,0,2,506,2,506,0,0
2024-09,지방,경남,0,0,0,0,2,894,2,602,0,292
2024-09,지방,제주,0,0,0,0,2,206,1,953,253,0
2024-10,합계,합계,20,416,15,114,1,564,3,738,182,373,130,030,13,813,38,530
2024-10,수도권,소계,16,074,12,110,567,3,397,99,475,67,841,6,758,24,876
2024-10,수도권,서울,2,771,682,352,1,737,20,578,6,442,3,119,11,017
2024-10,수도권,인천,2,443,2,084,18,341,17,102,15,098,1,071,933
2024-10,수도권,경기,10,860,9,344,197,1,319,61,795,46,301,2,568,12,926
2024-10,지방,소계,4,342,3,004,997,341,82,898,62,189,7,055,13,654
2024-10,지방,부산,309,309,0,0,11,752,8,466,182,3,104
2024-10,지방,대구,0,0,0,0,4,325,2,970,292,1,063
2024-10,지방,광주,0,0,0,0,12,529,8,942,509,3,078
2024-10,지방,대전,1,614,1,206,67,341,12,525,9,208,1,220,2,097
2024-10,지방,울산,0,0,0,0,6,910,3,851,1,605,1,454
2024-10,지방,세종,0,0,0,0,813,0,813,0
2024-10,지방,강원,329,329,0,0,5,693,5,292,207,194
2024-10,지방,충북,742,0,742,0,5,938,3,681,1,046,1,211
2024-10,지방,충남,1,163,975,188,0,6,753,6,401,352,0
2024-10,지방,전북,115,115,0,0,4,727,3,698,176,853
2024-10,지방,전남,70,70,0,0,3,327,2,619,400,308
2024-10,지방,경북,0,0,0,0,2,506,2,506,0,0
2024-10,지방,경남,0,0,0,0,2,894,2,602,0,292
2024-10,지방,제주,0,0,0,0,2,206,1,953,253,0
2024-11,합계,합계,29,353,18,691,4,186,6,476,211,726,148,721,17,999,45,006
2024-11,수도권,소계,18,643,10,233,2,537,5,873,118,118,78,074,9,295,30,749
2024-11,수도권,서울,5,506,2,968,799,1,739,26,084,9,410,3,918,12,756
2024-11,수도권,인천,2,346,1,181,342,823,19,448,16,279,1,413,1,756
2024-11,수도권,경기,10,791,6,084,1,396,3,311,72,586,52,385,3,964,16,237
2024-11,지방,소계,10,710,8,458,1,649,603,93,608,70,647,8,704,14,257
2024-11,지방,부산,0,0,0,0,11,752,8,466,182,3,104
2024-11,지방,대구,990,990,0,0,5,315,3,960,292,1,063
2024-11,지방,광주,0,0,0,0,12,529,8,942,509,3,078
2024-11,지방,대전,2,946,2,480,466,0,15,471,11,688,1,686,2,097
2024-11,지방,울산,2,153,1,596,0,557,9,063,5,447,1,605,2,011
2024-11,지방,세종,0,0,0,0,813,0,813,0
2024-11,지방,강원,0,0,0,0,5,693,5,292,207,194
2024-11,지방,충북,1,021,1,003,0,18,6,959,4,684,1,046,1,229
2024-11,지방,충남,3,401,2,190,1,183,28,10,154,8,591,1,535,28
2024-11,지방,전북,199,199,0,0,4,926,3,897,176,853
2024-11,지방,전남,0,0,0,0,3,327,2,619,400,308
2024-11,지방,경북,0,0,0,0,2,506,2,506,0,0
2024-11,지방,경남,0,0,0,0,2,894,2,602,0,292
2024-11,지방,제주,0,0,0,0,2,206,1,953,253,0
2024-12,합계,합계,19,322,15,365,2,008,1,949,231,048,164,086,20,007,46,955
2024-12,수도권,소계,11,228,9,091,1,544,593,129,346,87,165,10,839,31,342
2024-12,수도권,서울,999,800,197,2,27,083,10,210,4,115,12,758
2024-12,수도권,인천,2,194,2,194,0,0,21,642,18,473,1,413,1,756
2024-12,수도권,경기,8,035,6,097,1,347,591,80,621,58,482,5,311,16,828
2024-12,지방,소계,8,094,6,274,464,1,356,101,702,76,921,9,168,15,613
2024-12,지방,부산,1,772,670,0,1,102,13,524,9,136,182,4,206
2024-12,지방,대구,521,521,0,0,5,836,4,481,292,1,063
2024-12,지방,광주,0,0,0,0,12,529,8,942,509,3,078
2024-12,지방,대전,0,0,0,0,15,471,11,688,1,686,2,097
2024-12,지방,울산,0,0,0,0,9,063,5,447,1,605,2,011
2024-12,지방,세종,0,0,0,0,813,0,813,0
2024-12,지방,강원,0,0,0,0,5,693,5,292,207,194
2024-12,지방,충북,599,599,0,0,7,558,5,283,1,046,1,229
2024-12,지방,충남,3,240,3,240,0,0,13,394,11,831,1,535,28
2024-12,지방,전북,0,0,0,0,4,926,3,897,176,853
2024-12,지방,전남,1,498,1,244,0,254,4,825,3,863,400,562
2024-12,지방,경북,290,0,290,0,2,796,2,506,290,0
2024-12,지방,경남,150,0,150,0,3,044,2,602,150,292
2024-12,지방,제주,24,0,24,0,2,230,1,953,277,0
2025-01,합계,합계,7,440,4,957,112,2,371,7,440,4,957,112,2,371
2025-01,수도권,소계,3,617,2,599,0,1,018,3,617,2,599,0,1,018
2025-01,수도권,서울,1,097,482,0,615,1,097,482,0,615
2025-01,수도권,인천,0,0,0,0,0,0,0,0
2025-01,수도권,경기,2,520,2,117,0,403,2,520,2,117,0,403
2025-01,지방,소계,3,823,2,358,112,1,353,3,823,2,358,112,1,353
2025-01,지방,부산,429,116,0,313,429,116,0,313
2025-01,지방,대구,0,0,0,0,0,0,0,0
2025-01,지방,광주,470,118,0,352,470,118,0,352
2025-01,지방,대전,0,0,0,0,0,0,0,0
2025-01,지방,울산,0,0,0,0,0,0,0,0
2025-01,지방,세종,698,698,0,0,698,698,0,0
2025-01,지방,강원,0,0,0,0,0,0,0,0
2025-01,지방,충북,0,0,0,0,0,0,0,0
2025-01,지방,충남,0,0,0,0,0,0,0,0
2025-01,지방,전북,2,226,1,426,112,688,2,226,1,426,112,688
2025-01,지방,전남,0,0,0,0,0,0,0,0
2025-01,지방,경북,0,0,0,0,0,0,0,0
2025-01,지방,경남,0,0,0,0,0,0,0,0
2025-01,지방,제주,0,0,0,0,0,0,0,0
2025-02,합계,합계,5,385,3,560,265,1,560,12,825,8,517,377,3,931
2025-02,수도권,소계,0,0,0,0,3,617,2,599,0,1,018
2025-02,수도권,서울,0,0,0,0,1,097,482,0,615
2025-02,수도권,인천,0,0,0,0,0,0,0,0
2025-02,수도권,경기,0,0,0,0,2,520,2,117,0,403
2025-02,지방,소계,5,385,3,560,265,1,560,9,208,5,918,377,2,913
2025-02,지방,부산,168,168,0,0,597,284,0,313
2025-02,지방,대구,755,374,0,381,755,374,0,381
2025-02,지방,광주,300,111,0,189,770,229,0,541
2025-02,지방,대전,952,394,0,558,952,394,0,558
2025-02,지방,울산,899,467,0,432,899,467,0,432
2025-02,지방,세종,0,0,0,0,698,698,0,0
2025-02,지방,강원,0,0,0,0,0,0,0,0
2025-02,지방,충북,0,0,0,0,0,0,0,0
2025-02,지방,충남,1,763,1,498,265,0,1,763,1,498,265,0
2025-02,지방,전북,0,0,0,0,2,226,1,426,112,688
2025-02,지방,전남,0,0,0,0,0,0,0,0
2025-02,지방,경북,548,548,0,0,548,548,0,0
2025-02,지방,경남,0,0,0,0,0,0,0,0
2025-02,지방,제주,0,0,0,0,0,0,0,0
2025-03,합계,합계,8,646,7,644,124,878,21,471,16,161,501,4,809
2025-03,수도권,소계,2,355,2,099,0,256,5,972,4,698,0,1,274
2025-03,수도권,서울,0,0,0,0,1,097,482,0,615
2025-03,수도권,인천,252,196,0,56,252,196,0,56
2025-03,수도권,경기,2,103,1,903,0,200,4,623,4,020,0,603
2025-03,지방,소계,6,291,5,545,124,622,15,499,11,463,501,3,535
2025-03,지방,부산,1,425,1,425,0,0,2,022,1,709,0,313
2025-03,지방,대구,147,147,0,0,902,521,0,381
2025-03,지방,광주,0,0,0,0,770,229,0,541
2025-03,지방,대전,0,0,0,0,952,394,0,558
2025-03,지방,울산,0,0,0,0,899,467,0,432
2025-03,지방,세종,0,0,0,0,698,698,0,0
2025-03,지방,강원,805,656,0,149,805,656,0,149
2025-03,지방,충북,0,0,0,0,0,0,0,0
2025-03,지방,충남,0,0,0,0,1,763,1,498,265,0
2025-03,지방,전북,277,277,0,0,2,503,1,703,112,688
2025-03,지방,전남,0,0,0,0,0,0,0,0
2025-03,지방,경북,999,999,0,0,1,547,1,547,0,0
2025-03,지방,경남,2,638,2,041,124,473,2,638,2,041,124,473
2025-03,지방,제주,0,0,0,0,0,0,0,0
2025-04,합계,합계,20,214,15,438,717,4,059,41,685,31,599,1,218,8,868
2025-04,수도권,소계,16,628,12,939,367,3,322,22,600,17,637,367,4,596
2025-04,수도권,서울,404,97,51,256,1,501,579,51,871
2025-04,수도권,인천,3,928,2,701,50,1,177,4,180,2,897,50,1,233
2025-04,수도권,경기,12,296,10,141,266,1,889,16,919,14,161,266,2,492
2025-04,지방,소계,3,586,2,499,350,737,19,085,13,962,851,4,272
2025-04,지방,부산,1,519,1,056,0,463,3,541,2,765,0,776
2025-04,지방,대구,108,108,0,0,1,010,629,0,381
2025-04,지방,광주,0,0,0,0,770,229,0,541
2025-04,지방,대전,0,0,0,0,952,394,0,558
2025-04,지방,울산,307,307,0,0,1,206,774,0,432
2025-04,지방,세종,0,0,0,0,698,698,0,0
2025-04,지방,강원,0,0,0,0,805,656,0,149
2025-04,지방,충북,926,576,350,0,926,576,350,0
2025-04,지방,충남,0,0,0,0,1,763,1,498,265,0
2025-04,지방,전북,0,0,0,0,2,503,1,703,112,688
2025-04,지방,전남,0,0,0,0,0,0,0,0
2025-04,지방,경북,418,418,0,0,1,965,1,965,0,0
2025-04,지방,경남,308,34,0,274,2,946,2,075,124,747
2025-04,지방,제주,0,0,0,0,0,0,0,0
2025-05,합계,합계,11,297,8,201,988,2,108,52,982,39,800,2,206,10,976
2025-05,수도권,소계,9,554,6,707,988,1,859,32,154,24,344,1,355,6,455
2025-05,수도권,서울,4,111,1,736,516,1,859,5,612,2,315,567,2,730
2025-05,수도권,인천,0,0,0,0,4,180,2,897,50,1,233
2025-05,수도권,경기,5,443,4,971,472,0,22,362,19,132,738,2,492
2025-05,지방,소계,1,743,1,494,0,249,20,828,15,456,851,4,521
2025-05,지방,부산,728,728,0,0,4,269,3,493,0,776
2025-05,지방,대구,540,540,0,0,1,550,1,169,0,381
2025-05,지방,광주,320,71,0,249,1,090,300,0,790
2025-05,지방,대전,0,0,0,0,952,394,0,558
2025-05,지방,울산,0,0,0,0,1,206,774,0,432
2025-05,지방,세종,0,0,0,0,698,698,0,0
2025-05,지방,강원,0,0,0,0,805,656,0,149
2025-05,지방,충북,0,0,0,0,926,576,350,0
2025-05,지방,충남,0,0,0,0,1,763,1,498,265,0
2025-05,지방,전북,0,0,0,0,2,503,1,703,112,688
2025-05,지방,전남,0,0,0,0,0,0,0,0
2025-05,지방,경북,90,90,0,0,2,055,2,055,0,0
2025-05,지방,경남,0,0,0,0,2,946,2,075,124,747
2025-05,지방,제주,65,65,0,0,65,65,0,0
2025-06,합계,합계,14,983,12,450,640,1,893,67,965,52,250,2,846,12,869
2025-06,수도권,소계,8,832,6,831,640,1,361,40,986,31,175,1,995,7,816
2025-06,수도권,서울,946,263,288,395,6,558,2,578,855,3,125
2025-06,수도권,인천,652,208,29,415,4,832,3,105,79,1,648
2025-06,수도권,경기,7,234,6,360,323,551,29,596,25,492,1,061,3,043
2025-06,지방,소계,6,151,5,619,0,532,26,979,21,075,851,5,053
2025-06,지방,부산,811,677,0,134,5,080,4,170,0,910
2025-06,지방,대구,1,094,696,0,398,2,644,1,865,0,779
2025-06,지방,광주,56,56,0,0,1,146,356,0,790
2025-06,지방,대전,1,166,1,166,0,0,2,118,1,560,0,558
2025-06,지방,울산,0,0,0,0,1,206,774,0,432
2025-06,지방,세종,0,0,0,0,698,698,0,0
2025-06,지방,강원,0,0,0,0,805,656,0,149
2025-06,지방,충북,650,650,0,0,1,576,1,226,350,0
2025-06,지방,충남,1,238,1,238,0,0,3,001,2,736,265,0
2025-06,지방,전북,0,0,0,0,2,503,1,703,112,688
2025-06,지방,전남,294,294,0,0,294,294,0,0
2025-06,지방,경북,0,0,0,0,2,055,2,055,0,0
2025-06,지방,경남,842,842,0,0,3,788,2,917,124,747
2025-06,지방,제주,0,0,0,0,65,65,0,0
2025-07,합계,합계,22,752,17,952,3,957,843,90,717,70,202,6,803,13,712
2025-07,수도권,소계,11,939,9,322,2,393,224,52,925,40,497,4,388,8,040
2025-07,수도권,서울,351,82,45,224,6,909,2,660,900,3,349
2025-07,수도권,인천,1,410,1,010,400,0,6,242,4,115,479,1,648
2025-07,수도권,경기,10,178,8,230,1,948,0,39,774,33,722,3,009,3,043
2025-07,지방,소계,10,813,8,630,1,564,619,37,792,29,705,2,415,5,672
2025-07,지방,부산,3,792,3,792,0,0,8,872,7,962,0,910
2025-07,지방,대구,325,0,325,0,2,969,1,865,325,779
2025-07,지방,광주,0,0,0,0,1,146,356,0,790
2025-07,지방,대전,0,0,0,0,2,118,1,560,0,558
2025-07,지방,울산,0,0,0,0,1,206,774,0,432
2025-07,지방,세종,0,0,0,0,698,698,0,0
2025-07,지방,강원,987,987,0,0,1,792,1,643,0,149
2025-07,지방,충북,3,719,2,193,907,619,5,295,3,419,1,257,619
2025-07,지방,충남,413,413,0,0,3,414,3,149,265,0
2025-07,지방,전북,728,728,0,0,3,231,2,431,112,688
2025-07,지방,전남,60,0,60,0,354,294,60,0
2025-07,지방,경북,0,0,0,0,2,055,2,055,0,0
2025-07,지방,경남,434,434,0,0,4,222,3,351,124,747
2025-07,지방,제주,355,83,272,0,420,148,272,0
2025-08,합계,합계,16,681,12,489,847,3,345,107,398,82,691,7,650,17,057
2025-08,수도권,소계,10,372,6,525,502,3,345,63,297,47,022,4,890,11,385
2025-08,수도권,서울,2,034,314,198,1,522,8,943,2,974,1,098,4,871
2025-08,수도권,인천,1,985,783,20,1,182,8,227,4,898,499,2,830
2025-08,수도권,경기,6,353,5,428,284,641,46,127,39,150,3,293,3,684
2025-08,지방,소계,6,309,5,964,345,0,44,101,35,669,2,760,5,672
2025-08,지방,부산,2,289,2,289,0,0,11,161,10,251,0,910
2025-08,지방,대구,0,0,0,0,2,969,1,865,325,779
2025-08,지방,광주,0,0,0,0,1,146,356,0,790
2025-08,지방,대전,100,0,100,0,2,218,1,560,100,558
2025-08,지방,울산,316,316,0,0,1,522,1,090,0,432
2025-08,지방,세종,0,0,0,0,698,698,0,0
2025-08,지방,강원,1,145,1,145,0,0,2,937,2,788,0,149
2025-08,지방,충북,243,243,0,0,5,538,3,662,1,257,619
2025-08,지방,충남,1,222,977,245,0,4,636,4,126,510,0
2025-08,지방,전북,0,0,0,0,3,231,2,431,112,688
2025-08,지방,전남,0,0,0,0,354,294,60,0
2025-08,지방,경북,0,0,0,0,2,055,2,055,0,0
2025-08,지방,경남,994,994,0,0,5,216,4,345,124,747
2025-08,지방,제주,0,0,0,0,420,148,272,0
2025-09,합계,합계,22,911,14,362,1,791,6,758,130,309,97,053,9,441,23,815
2025-09,수도권,소계,12,437,6,624,1,424,4,389,75,734,53,646,6,314,15,774
2025-09,수도권,서울,254,242,12,0,9,197,3,216,1,110,4,871
2025-09,수도권,인천,3,779,2,166,65,1,548,12,006,7,064,564,4,378
2025-09,수도권,경기,8,404,4,216,1,347,2,841,54,531,43,366,4,640,6,525
2025-09,지방,소계,10,474,7,738,367,2,369,54,575,43,407,3,127,8,041
2025-09,지방,부산,3,245,1,897,0,1,348,14,406,12,148,0,2,258
2025-09,지방,대구,0,0,0,0,2,969,1,865,325,779
2025-09,지방,광주,571,53,0,518,1,717,409,0,1,308
2025-09,지방,대전,1,130,1,130,0,0,3,348,2,690,100,558
2025-09,지방,울산,1,450,1,450,0,0,2,972,2,540,0,432
2025-09,지방,세종,0,0,0,0,698,698,0,0
2025-09,지방,강원,295,295,0,0,3,232,3,083,0,149
2025-09,지방,충북,1,042,459,80,503,6,580,4,121,1,337,1,122
2025-09,지방,충남,1,900,1,707,193,0,6,536,5,833,703,0
2025-09,지방,전북,284,284,0,0,3,515,2,715,112,688
2025-09,지방,전남,94,0,94,0,448,294,154,0
2025-09,지방,경북,463,463,0,0,2,518,2,518,0,0
2025-09,지방,경남,0,0,0,0,5,216,4,345,124,747
2025-09,지방,제주,0,0,0,0,420,148,272,0
2025-10,합계,합계,24,455,18,023,1,491,4,941,154,764,115,076,10,932,28,756
2025-10,수도권,소계,14,681,11,140,482,3,059,90,415,64,786,6,796,18,833
2025-10,수도권,서울,3,022,676,126,2,220,12,219,3,892,1,236,7,091
2025-10,수도권,인천,1,199,959,240,0,13,205,8,023,804,4,378
2025-10,수도권,경기,10,460,9,505,116,839,64,991,52,871,4,756,7,364
2025-10,지방,소계,9,774,6,883,1,009,1,882,64,349,50,290,4,136,9,923
2025-10,지방,부산,1,094,1,094,0,0,15,500,13,242,0,2,258
2025-10,지방,대구,0,0,0,0,2,969,1,865,325,779
2025-10,지방,광주,0,0,0,0,1,717,409,0,1,308
2025-10,지방,대전,299,299,0,0,3,647,2,989,100,558
2025-10,지방,울산,700,0,700,0,3,672,2,540,700,432
2025-10,지방,세종,0,0,0,0,698,698,0,0
2025-10,지방,강원,0,0,0,0,3,232,3,083,0,149
2025-10,지방,충북,1,618,705,0,913,8,198,4,826,1,337,2,035
2025-10,지방,충남,2,370,2,061,309,0,8,906,7,894,1,012,0
2025-10,지방,전북,0,0,0,0,3,515,2,715,112,688
2025-10,지방,전남,1,071,1,071,0,0,1,519,1,365,154,0
2025-10,지방,경북,2,166,1,197,0,969,4,684,3,715,0,969
2025-10,지방,경남,387,387,0,0,5,603,4,732,124,747
2025-10,지방,제주,69,69,0,0,489,217,272,0
2025-11,합계,합계,27,430,17,778,1,714,7,938,182,194,132,854,12,646,36,694
2025-11,수도권,소계,18,225,11,488,1,522,5,215,108,640,76,274,8,318,24,048
2025-11,수도권,서울,0,0,0,0,12,219,3,892,1,236,7,091
2025-11,수도권,인천,2,433,2,254,179,0,15,638,10,277,983,4,378
2025-11,수도권,경기,15,792,9,234,1,343,5,215,80,783,62,105,6,099,12,579
2025-11,지방,소계,9,205,6,290,192,2,723,73,554,56,580,4,328,12,646
2025-11,지방,부산,291,291,0,0,15,791,13,533,0,2,258
2025-11,지방,대구,0,0,0,0,2,969,1,865,325,779
2025-11,지방,광주,0,0,0,0,1,717,409,0,1,308
2025-11,지방,대전,0,0,0,0,3,647,2,989,100,558
2025-11,지방,울산,1,150,1,150,0,0,4,822,3,690,700,432
2025-11,지방,세종,424,424,0,0,1,122,1,122,0,0
2025-11,지방,강원,150,0,150,0,3,382,3,083,150,149
2025-11,지방,충북,757,757,0,0,8,955,5,583,1,337,2,035
2025-11,지방,충남,2,338,1,977,0,361,11,244,9,871,1,012,361
2025-11,지방,전북,508,508,0,0,4,023,3,223,112,688
2025-11,지방,전남,0,0,0,0,1,519,1,365,154,0
2025-11,지방,경북,72,30,42,0,4,756,3,745,42,969
2025-11,지방,경남,3,306,944,0,2,362,8,909,5,676,124,3,109
2025-11,지방,제주,209,209,0,0,698,426,272,0
2025-12,합계,합계,16,179,12,554,1,351,2,274,198,373,145,408,13,997,38,968
2025-12,수도권,소계,10,316,8,640,963,713,118,956,84,914,9,281,24,761
2025-12,수도권,서울,435,252,33,150,12,654,4,144,1,269,7,241
2025-12,수도권,인천,3,408,3,408,0,0,19,046,13,685,983,4,378
2025-12,수도권,경기,6,473,4,980,930,563,87,256,67,085,7,029,13,142
2025-12,지방,소계,5,863,3,914,388,1,561,79,417,60,494,4,716,14,207
2025-12,지방,부산,1,848,578,0,1,270,17,639,14,111,0,3,528
2025-12,지방,대구,0,0,0,0,2,969,1,865,325,779
2025-12,지방,광주,0,0,0,0,1,717,409,0,1,308
2025-12,지방,대전,0,0,0,0,3,647,2,989,100,558
2025-12,지방,울산,2,302,1,914,388,0,7,124,5,604,1,088,432
2025-12,지방,세종,643,643,0,0,1,765,1,765,0,0
2025-12,지방,강원,0,0,0,0,3,382,3,083,150,149
2025-12,지방,충북,0,0,0,0,8,955,5,583,1,337,2,035
2025-12,지방,충남,0,0,0,0,11,244,9,871,1,012,361
2025-12,지방,전북,48,48,0,0,4,071,3,271,112,688
2025-12,지방,전남,305,305,0,0,1,824,1,670,154,0
2025-12,지방,경북,264,264,0,0,5,020,4,009,42,969
2025-12,지방,경남,453,162,0,291,9,362,5,838,124,3,400
2025-12,지방,제주,0,0,0,0,698,426,272,0
2026-01 p),합계,합계,7,900,3,735,607,3,558,7,900,3,735,607,3,558
2026-01 p),수도권,소계,6,040,3,134,306,2,600,6,040,3,134,306,2,600
2026-01 p),수도권,서울,959,332,142,485,959,332,142,485
2026-01 p),수도권,인천,2,568,735,130,1,703,2,568,735,130,1,703
2026-01 p),수도권,경기,2,513,2,067,34,412,2,513,2,067,34,412
2026-01 p),지방,소계,1,860,601,301,958,1,860,601,301,958
2026-01 p),지방,부산,924,166,0,758,924,166,0,758
2026-01 p),지방,대구,0,0,0,0,0,0,0,0
2026-01 p),지방,광주,0,0,0,0,0,0,0,0
2026-01 p),지방,대전,341,341,0,0,341,341,0,0
2026-01 p),지방,울산,0,0,0,0,0,0,0,0
2026-01 p),지방,세종,0,0,0,0,0,0,0,0
2026-01 p),지방,강원,0,0,0,0,0,0,0,0
2026-01 p),지방,충북,501,0,301,200,501,0,301,200
2026-01 p),지방,충남,0,0,0,0,0,0,0,0
2026-01 p),지방,전북,0,0,0,0,0,0,0,0
2026-01 p),지방,전남,0,0,0,0,0,0,0,0
2026-01 p),지방,경북,0,0,0,0,0,0,0,0
2026-01 p),지방,경남,0,0,0,0,0,0,0,0
2026-01 p),지방,제주,94,94,0,0,94,94,0,0
2026-02,합계,합계,10,924,5,705,2,274,2,945,18,824,9,440,2,881,6,503
2026-02,수도권,소계,7,253,2,589,2,175,2,489,13,293,5,723,2,481,5,089
2026-02,수도권,서울,876,442,434,0,1,835,774,576,485
2026-02,수도권,인천,0,0,0,0,2,568,735,130,1,703
2026-02,수도권,경기,6,377,2,147,1,741,2,489,8,890,4,214,1,775,2,901
2026-02,지방,소계,3,671,3,116,99,456,5,531,3,717,400,1,414
2026-02,지방,부산,669,213,0,456,1,593,379,0,1,214
2026-02,지방,대구,0,0,0,0,0,0,0,0
2026-02,지방,광주,0,0,0,0,0,0,0,0
2026-02,지방,대전,0,0,0,0,341,341,0,0
2026-02,지방,울산,0,0,0,0,0,0,0,0
2026-02,지방,세종,0,0,0,0,0,0,0,0
2026-02,지방,강원,0,0,0,0,0,0,0,0
2026-02,지방,충북,0,0,0,0,501,0,301,200
2026-02,지방,충남,1,948,1,849,99,0,1,948,1,849,99,0
2026-02,지방,전북,0,0,0,0,0,0,0,0
2026-02,지방,전남,0,0,0,0,0,0,0,0
2026-02,지방,경북,1,004,1,004,0,0,1,004,1,004,0,0
2026-02,지방,경남,0,0,0,0,0,0,0,0
2026-02,지방,제주,50,50,0,0,144,144,0,0
2026-03,합계,합계,18,400,10,837,1,574,5,989,37,224,20,277,4,455,12,492
2026-03,수도권,소계,9,167,4,009,1,417,3,741,22,460,9,732,3,898,8,830
2026-03,수도권,서울,5,097,1,122,367,3,608,6,932,1,896,943,4,093
2026-03,수도권,인천,1,675,752,847,76,4,243,1,487,977,1,779
2026-03,수도권,경기,2,395,2,135,203,57,11,285,6,349,1,978,2,958
2026-03,지방,소계,9,233,6,828,157,2,248,14,764,10,545,557,3,662
2026-03,지방,부산,3,458,2,458,147,853,5,051,2,837,147,2,067
2026-03,지방,대구,158,47,0,111,158,47,0,111
2026-03,지방,광주,0,0,0,0,0,0,0,0
2026-03,지방,대전,427,427,0,0,768,768,0,0
2026-03,지방,울산,0,0,0,0,0,0,0,0
2026-03,지방,세종,0,0,0,0,0,0,0,0
2026-03,지방,강원,0,0,0,0,0,0,0,0
2026-03,지방,충북,0,0,0,0,501,0,301,200
2026-03,지방,충남,2,533,2,533,0,0,4,481,4,382,99,0
2026-03,지방,전북,0,0,0,0,0,0,0,0
2026-03,지방,전남,1,365,81,0,1,284,1,365,81,0,1,284
2026-03,지방,경북,773,773,0,0,1,777,1,777,0,0
2026-03,지방,경남,519,509,10,0,519,509,10,0
2026-03,지방,제주,0,0,0,0,144,144,0,0
2026-04,합계,합계,34,393,27,580,1,614,5,199,71,617,47,857,6,069,17,691
2026-04,수도권,소계,17,425,12,924,810,3,691,39,885,22,656,4,708,12,521
2026-04,수도권,서울,1,897,708,320,869,8,829,2,604,1,263,4,962
2026-04,수도권,인천,783,625,158,0,5,026,2,112,1,135,1,779
2026-04,수도권,경기,14,745,11,591,332,2,822,26,030,17,940,2,310,5,780
2026-04,지방,소계,16,968,14,656,804,1,508,31,732,25,201,1,361,5,170
2026-04,지방,부산,522,267,0,255,5,573,3,104,147,2,322
2026-04,지방,대구,0,0,0,0,158,47,0,111
2026-04,지방,광주,0,0,0,0,0,0,0,0
2026-04,지방,대전,3,244,2,731,513,0,4,012,3,499,513,0
2026-04,지방,울산,199,199,0,0,199,199,0,0
2026-04,지방,세종,0,0,0,0,0,0,0,0
2026-04,지방,강원,1,035,1,035,0,0,1,035,1,035,0,0
2026-04,지방,충북,1,351,1,351,0,0,1,852,1,351,301,200
2026-04,지방,충남,4,954,4,344,59,551,9,435,8,726,158,551
2026-04,지방,전북,1,006,693,34,279,1,006,693,34,279
2026-04,지방,전남,1,679,1,679,0,0,3,044,1,760,0,1,284
2026-04,지방,경북,959,959,0,0,2,736,2,736,0,0
2026-04,지방,경남,1,860,1,349,88,423,2,379,1,858,98,423
2026-04,지방,제주,159,49,110,0,303,193,110,0
2026-05,합계,합계,14,731,8,471,2,589,3,671,86,348,56,328,8,658,21,362
2026-05,수도권,소계,10,565,6,508,1,469,2,588,50,450,29,164,6,177,15,109
2026-05,수도권,서울,2,548,717,484,1,347,11,377,3,321,1,747,6,309
2026-05,수도권,인천,2,641,2,641,0,0,7,667,4,753,1,135,1,779
2026-05,수도권,경기,5,376,3,150,985,1,241,31,406,21,090,3,295,7,021
2026-05,지방,소계,4,166,1,963,1,120,1,083,35,898,27,164,2,481,6,253
2026-05,지방,부산,1,048,497,0,551,6,621,3,601,147,2,873
2026-05,지방,대구,299,299,0,0,457,346,0,111
2026-05,지방,광주,0,0,0,0,0,0,0,0
2026-05,지방,대전,0,0,0,0,4,012,3,499,513,0
2026-05,지방,울산,324,0,324,0,523,199,324,0
2026-05,지방,세종,0,0,0,0,0,0,0,0
2026-05,지방,강원,178,178,0,0,1,213,1,213,0,0
2026-05,지방,충북,989,417,40,532,2,841,1,768,341,732
2026-05,지방,충남,0,0,0,0,9,435,8,726,158,551
2026-05,지방,전북,572,572,0,0,1,578,1,265,34,279
2026-05,지방,전남,686,0,686,0,3,730,1,760,686,1,284
2026-05,지방,경북,0,0,0,0,2,736,2,736,0,0
2026-05,지방,경남,70,0,70,0,2,449,1,858,168,423
2026-05,지방,제주,0,0,0,0,303,193,110,0
2026-06,합계,합계,22,838,18,774,3,378,686,109,186,75,102,12,036,22,048
2026-06,수도권,소계,13,136,10,384,2,066,686,63,586,39,548,8,243,15,795
2026-06,수도권,서울,2,396,1,203,507,686,13,773,4,524,2,254,6,995
2026-06,수도권,인천,2,857,2,857,0,0,10,524,7,610,1,135,1,779
2026-06,수도권,경기,7,883,6,324,1,559,0,39,289,27,414,4,854,7,021
2026-06,지방,소계,9,702,8,390,1,312,0,45,600,35,554,3,793,6,253
2026-06,지방,부산,867,867,0,0,7,488,4,468,147,2,873
2026-06,지방,대구,448,0,448,0,905,346,448,111
2026-06,지방,광주,356,356,0,0,356,356,0,0
2026-06,지방,대전,0,0,0,0,4,012,3,499,513,0
2026-06,지방,울산,178,0,178,0,701,199,502,0
2026-06,지방,세종,0,0,0,0,0,0,0,0
2026-06,지방,강원,160,0,160,0,1,373,1,213,160,0
2026-06,지방,충북,0,0,0,0,2,841,1,768,341,732
2026-06,지방,충남,1,174,1,174,0,0,10,609,9,900,158,551
2026-06,지방,전북,0,0,0,0,1,578,1,265,34,279
2026-06,지방,전남,449,449,0,0,4,179,2,209,686,1,284
2026-06,지방,경북,1,712,1,712,0,0,4,448,4,448,0,0
2026-06,지방,경남,3,908,3,382,526,0,6,357,5,240,694,423
2026-06,지방,제주,450,450,0,0,753,643,110,0
2026-07,합계,합계,18,833,12,997,3,044,2,792,128,019,88,099,15,080,24,840
2026-07,수도권,소계,10,405,6,898,2,188,1,319,73,991,46,446,10,431,17,114
2026-07,수도권,서울,716,207,134,375,14,489,4,731,2,388,7,370
2026-07,수도권,인천,0,0,0,0,10,524,7,610,1,135,1,779
2026-07,수도권,경기,9,689,6,691,2,054,944,48,978,34,105,6,908,7,965
2026-07,지방,소계,8,428,6,099,856,1,473,54,028,41,653,4,649,7,726
2026-07,지방,전남광주,40,0,40,0,4,575,2,565,726,1,284
2026-07,지방,부산,1,575,846,0,729,9,063,5,314,147,3,602
2026-07,지방,대구,0,0,0,0,905,346,448,111
2026-07,지방,대전,0,0,0,0,4,012,3,499,513,0
2026-07,지방,울산,74,74,0,0,775,273,502,0
2026-07,지방,세종,676,676,0,0,676,676,0,0
2026-07,지방,강원,660,564,96,0,2,033,1,777,256,0
2026-07,지방,충북,0,0,0,0,2,841,1,768,341,732
2026-07,지방,충남,1,657,1,070,587,0,12,266,10,970,745,551
2026-07,지방,전북,0,0,0,0,1,578,1,265,34,279
2026-07,지방,경북,0,0,0,0,4,448,4,448,0,0
2026-07,지방,경남,3,746,2,869,133,744,10,103,8,109,827,1,167
2026-07,지방,제주,0,0,0,0,753,643,110,0
2026-08,합계,합계,17,295,11,585,2,576,3,134,145,314,99,684,17,656,27,974
2026-08,수도권,소계,14,587,9,889,2,198,2,500,88,578,56,335,12,629,19,614
2026-08,수도권,서울,1,473,505,211,757,15,962,5,236,2,599,8,127
2026-08,수도권,인천,4,372,3,053,1,319,0,14,896,10,663,2,454,1,779
2026-08,수도권,경기,8,742,6,331,668,1,743,57,720,40,436,7,576,9,708
2026-08,지방,소계,2,708,1,696,378,634,56,736,43,349,5,027,8,360
2026-08,지방,전남광주,638,638,0,0,5,213,3,203,726,1,284
2026-08,지방,부산,0,0,0,0,9,063,5,314,147,3,602
2026-08,지방,대구,360,360,0,0,1,265,706,448,111
2026-08,지방,대전,0,0,0,0,4,012,3,499,513,0
2026-08,지방,울산,0,0,0,0,775,273,502,0
2026-08,지방,세종,0,0,0,0,676,676,0,0
2026-08,지방,강원,378,0,378,0,2,411,1,777,634,0
2026-08,지방,충북,0,0,0,0,2,841,1,768,341,732
2026-08,지방,충남,0,0,0,0,12,266,10,970,745,551
2026-08,지방,전북,300,300,0,0,1,878,1,565,34,279
2026-08,지방,경북,0,0,0,0,4,448,4,448,0,0
2026-08,지방,경남,1,032,398,0,634,11,135,8,507,827,1,801
2026-08,지방,제주,0,0,0,0,753,643,110,0