region_slug,project_id,dong_no,floors_above,floors_below,height_m,units,dong_use,source_id,observed_at
incheon-gyeyang,techno-A6,601,15,,,,공동주택,lh-pamphlet,2026-10-03
incheon-gyeyang,techno-A6,602,15,,,,공동주택,lh-pamphlet,2026-10-03
incheon-gyeyang,techno-A6,603,15,,,,공동주택,lh-pamphlet,2026-10-03
incheon-gyeyang,techno-A6,604,14,,,,공동주택,lh-pamphlet,2026-10-03
incheon-gyeyang,techno-A6,605,9,,,,공동주택,lh-pamphlet,2026-10-03
incheon-gyeyang,techno-A6,606,10,,,,공동주택,lh-pamphlet,2026-10-03
incheon-gyeyang,techno-A6,607,9,,,,공동주택,lh-pamphlet,2026-10-03
incheon-gyeyang,techno-A6,608,9,,,,공동주택,lh-pamphlet,2026-10-03
incheon-gyeyang,techno-A6,609,11,,,,공동주택,lh-pamphlet,2026-10-03
incheon-gyeyang,techno-A6,610,14,,,,공동주택,lh-pamphlet,2026-10-03
incheon-gyeyang,techno-A6,611,8,,,,공동주택,lh-pamphlet,2026-10-03
incheon-gyeyang,techno-A6,612,15,,,,공동주택,lh-pamphlet,2026-10-03
incheon-gyeyang,techno-A9,901,15,,,,공동주택,lh-pamphlet,2026-10-03
incheon-gyeyang,techno-A9,902,15,,,,공동주택,lh-pamphlet,2026-10-03
incheon-gyeyang,techno-A9,903,15,,,,공동주택,lh-pamphlet,2026-10-03
incheon-gyeyang,techno-A9,904,15,,,,공동주택,lh-pamphlet,2026-10-03
incheon-gyeyang,techno-A9,905,14,,,,공동주택,lh-pamphlet,2026-10-03
incheon-gyeyang,techno-A9,906,15,,,,공동주택,lh-pamphlet,2026-10-03
incheon-gyeyang,techno-A9,907,15,,,,공동주택,lh-pamphlet,2026-10-03
incheon-gyeyang,techno-A9,908,15,,,,공동주택,lh-pamphlet,2026-10-03
incheon-gyeyang,techno-A9,909,15,,,,공동주택,lh-pamphlet,2026-10-03
