유형,단지명,계,공급예정세대수(43제곱미터),공급예정세대수(44제곱미터),공급예정세대수(45제곱미터),공급예정세대수(49제곱미터),공급예정세대수(50제곱미터),공급예정세대수(51제곱미터),공급예정세대수(53제곱미터),공급예정세대수(58제곱미터),공급예정세대수(59제곱미터),공급예정세대수(74제곱미터),공급예정세대수(84제곱미터),소재지,공급예정년도,공급예정월
매입형,청담르엘,15,0,0,0,15,0,0,0,0,0,0,0,강남구,2025,07
매입형,더샵강동센트럴시티,11,0,0,0,0,0,0,0,0,3,0,8,강동구,2025,07
매입형,e편한세상 강동프레스티지원,22,0,22,0,0,0,0,0,0,0,0,0,강동구,2025,07
매입형,힐스테이트 장승배기역,66,0,51,0,0,0,0,0,0,15,0,0,동작구,2025,07
매입형,잠실래미안아이파크,175,109,0,0,0,0,0,0,0,66,0,0,송파구,2025,07
건설형,마곡엠밸리 17단지,196,0,0,0,0,0,0,0,0,183,0,13,강서구,2025,07
매입형,청담르엘,15,0,0,0,15,0,0,0,0,0,0,0,강남구,2025,08
매입형,더샵강동센트럴시티,12,0,0,0,0,0,0,0,0,4,0,8,강동구,2025,08
매입형,e편한세상 강동프레스티지원,23,0,23,0,0,0,0,0,0,0,0,0,강동구,2025,08
매입형,힐스테이트 장승배기역,66,0,51,0,0,0,0,0,0,15,0,0,동작구,2025,08
매입형,잠실래미안아이파크,177,110,0,0,0,0,0,0,0,67,0,0,송파구,2025,08
매입형,한화포레나미아,25,0,0,0,0,0,0,25,0,0,0,0,강북구,2025,11
매입형,잠실르엘,98,0,0,37,0,0,25,0,0,36,0,0,송파구,2025,11
매입형,은평자이더스타,18,0,0,0,18,0,0,0,0,0,0,0,은평구,2025,11
매입형,디에이치 대치 에델루이,37,0,0,0,0,0,0,0,0,37,0,0,강남구,2025,12
매입형,한화포레나미아,25,0,0,0,0,0,0,25,0,0,0,0,강북구,2025,12
매입형,잠실르엘,100,0,0,38,0,0,26,0,0,36,0,0,송파구,2025,12
매입형,은평자이더스타,17,0,0,0,17,0,0,0,0,0,0,0,은평구,2025,12
매입형,엘리프 미아역,34,0,0,0,10,0,0,0,0,18,4,2,강북구,2026,04
매입형,힐스테이트 동작 시그니처,182,0,0,131,0,13,0,0,0,38,0,0,동작구,2026,04
매입형,동작 보라매역 프리센트,33,33,0,0,0,0,0,0,0,0,0,0,동작구,2026,04
매입형,래미안 레벤투스,48,0,0,27,0,0,0,0,21,0,0,0,강남구,2026,08
매입형,청담르엘,114,0,0,0,0,0,0,0,0,114,0,0,강남구,2026,08
매입형,두산위브더프레스티지,18,0,0,14,0,0,0,0,0,4,0,0,구로구,2026,08
매입형,이문3 복합공공청사,5,5,0,0,0,0,0,0,0,0,0,0,동대문구,2026,08
매입형,디에이치 방배,266,0,0,0,0,0,0,0,0,266,0,0,서초구,2026,08
매입형,오티에르 반포,42,0,37,1,0,0,0,0,0,4,0,0,서초구,2026,08
매입형,성동자이리버뷰,18,0,0,0,0,0,0,0,0,18,0,0,성동구,2026,08
매입형,영등포자이 디그니티,72,0,0,0,0,0,0,0,0,72,0,0,영등포구,2026,08
매입형,어반하임 102,1,0,0,1,0,0,0,0,0,0,0,0,중랑구,2026,08
