지역,유형,지구명,면적,공급호수,공급시기,입주예정,본부,비고
경기도,행복주택,고양지축A-2,55,194,2022-02,2023-07,인천지역본부,
인천광역시,행복주택,인천새시장1,16,16,2022-03,2023-04,인천지역본부,
인천광역시,행복주택,인천새시장1,26,12,2022-03,2023-04,인천지역본부,
인천광역시,행복주택,인천새시장1,36,12,2022-03,2023-04,인천지역본부,
전북특별자치도,행복주택,전주덕진(행복)1,21,22,2022-02,2023-05,전북지역본부,
전북특별자치도,행복주택,전주덕진(행복)1,26,66,2022-02,2023-05,전북지역본부,
전북특별자치도,행복주택,전주덕진(행복)1,44,32,2022-02,2023-05,전북지역본부,
전북특별자치도,행복주택,완주삼례(행복주택)A-1,21,150,2022-09,2023-11,전북지역본부,
전북특별자치도,행복주택,완주삼례(행복주택)A-1,26,60,2022-09,2023-11,전북지역본부,
전북특별자치도,행복주택,완주삼례(행복주택)A-1,44,90,2022-09,2023-11,전북지역본부,
충청북도,행복주택,청주수곡A1,21,30,2022-06,2023-07,충북지역본부,
충청북도,행복주택,청주수곡A1,26,35,2022-06,2023-07,충북지역본부,
충청북도,행복주택,청주수곡A1,44,15,2022-06,2023-07,충북지역본부,
충청북도,행복주택,옥천삼양A-1BL,21,78,2022-09,2024-04,충북지역본부,
충청북도,행복주택,옥천삼양A-1BL,26,38,2022-09,2024-04,충북지역본부,
충청북도,행복주택,옥천삼양A-1BL,36,42,2022-09,2024-04,충북지역본부,
충청북도,행복주택,옥천삼양A-1BL,44,42,2022-09,2024-04,충북지역본부,
충청북도,행복주택,청주산단11,26,320,2022-09,2024-04,충북지역본부,
충청북도,행복주택,청주산단11,36,192,2022-09,2024-04,충북지역본부,
충청북도,행복주택,청주산단11,44,40,2022-09,2024-04,충북지역본부,
경기도,행복주택,"파주운정3(07,택1)A47",21,392,2022-12,2024-12,인천지역본부,
경기도,행복주택,"파주운정3(07,택1)A47",36,288,2022-12,2024-12,인천지역본부,
경기도,행복주택,"파주운정3(07,택1)A47",44,202,2022-12,2024-12,인천지역본부,
경기도,행복주택,부천원종(공공주택)B2,46,40,2022-09,2024-12,인천지역본부,
경기도,행복주택,부천원종(공공주택)B2,55,157,2022-09,2024-12,인천지역본부,
경기도,행복주택,"시흥장현(06,택(GB))A-9",46,42,2022-06,2023-09,인천지역본부,
경기도,행복주택,"시흥장현(06,택(GB))A-9",55,368,2022-06,2023-09,인천지역본부,
세종특별자치시,행복주택,행정중심복합도시64UR2,21.93,54,2022-03,2023-09,세종특별본부,
세종특별자치시,행복주택,행정중심복합도시64UR2,26.81,305,2022-03,2023-09,세종특별본부,
세종특별자치시,행복주택,행정중심복합도시64UR2,44.58,75,2022-03,2023-09,세종특별본부,
세종특별자치시,행복주택,행정중심복합도시64UR2,36.77,93,2022-03,2023-09,세종특별본부,
세종특별자치시,행복주택,행정중심복합도시64UR2,36.76,51,2022-03,2023-09,세종특별본부,
세종특별자치시,행복주택,행정중심복합도시64UR2,36.29,9,2022-03,2023-09,세종특별본부,
세종특별자치시,행복주택,행정중심복합도시64UR2,36.25,19,2022-03,2023-09,세종특별본부,
세종특별자치시,행복주택,행정중심복합도시64UR2,26.77,3,2022-03,2023-09,세종특별본부,
서울특별시,행복주택,광명하안13(웰플러스)1,36,4,2022-12,2024-02,인천지역본부,
전라남도,행복주택,영광단주(행복주택)A1,22,58,2022-06,2023-11,광주전남지역본부,
전라남도,행복주택,영광단주(행복주택)A1,26,116,2022-06,2023-11,광주전남지역본부,
전라남도,행복주택,영광단주(행복주택)A1,36,42,2022-06,2023-11,광주전남지역본부,
전라남도,행복주택,영광단주(행복주택)A1,44,84,2022-06,2023-11,광주전남지역본부,
전라남도,행복주택,영암학산1,16,6,2022-06,2023-10,광주전남지역본부,
전라남도,행복주택,영암학산1,36,8,2022-06,2023-10,광주전남지역본부,
전라남도,행복주택,영암학산1,44,4,2022-06,2023-10,광주전남지역본부,
경기도,행복주택,고양장항A-2,55,279,2022-12,2025-08,인천지역본부,
인천광역시,행복주택,인천가정2A1,44,510,2022-09,2023-09,인천지역본부,
인천광역시,행복주택,인천석정(가로주택)1,16,40,2022-12,2023-02,인천지역본부,
인천광역시,행복주택,인천석정(가로주택)1,26,68,2022-12,2023-02,인천지역본부,
경기도,행복주택,고양장항A-5,56,315,2022-12,2024-03,인천지역본부,
인천광역시,행복주택,인천가정2A3,36,246,2022-09,2023-09,인천지역본부,
강원특별자치도,행복주택,남원주역세권A-6,21,144,2022-09,2023-08,강원지역본부,
강원특별자치도,행복주택,남원주역세권A-6,26,88,2022-09,2023-08,강원지역본부,
강원특별자치도,행복주택,남원주역세권A-6,44,203,2022-09,2023-08,강원지역본부,
강원특별자치도,행복주택,강원고성(마을정비형)00,16,8,2022-12,2024-07,강원지역본부,
강원특별자치도,행복주택,강원고성(마을정비형)00,37,12,2022-12,2024-07,강원지역본부,
강원특별자치도,행복주택,철원철원1,26,38,2022-12,2024-11,강원지역본부,
강원특별자치도,행복주택,철원철원1,36,52,2022-12,2024-11,강원지역본부,
경기도,행복주택,화성향남2B-15BLB15,21,192,2022-02,2023-05,경기남부지역본부,
경기도,행복주택,화성향남2B-15BLB15,29,162,2022-02,2023-05,경기남부지역본부,
경기도,행복주택,화성향남2B-15BLB15,36,242,2022-02,2023-05,경기남부지역본부,
경기도,행복주택,화성향남2B-15BLB15,44,326,2022-02,2023-05,경기남부지역본부,
경기도,행복주택,이천중리A-1,21,160,2022-03,2023-05,경기남부지역본부,
경기도,행복주택,이천중리A-1,26,40,2022-03,2023-05,경기남부지역본부,
경기도,행복주택,이천중리A-1,36,40,2022-03,2023-05,경기남부지역본부,
경기도,행복주택,이천중리A-1,44,160,2022-03,2023-05,경기남부지역본부,
경기도,행복주택,평택청북 B-13BLB-13,24,130,2022-03,2023-03,경기남부지역본부,
경기도,행복주택,평택청북 B-13BLB-13,36,70,2022-03,2023-03,경기남부지역본부,
경기도,행복주택,평택청북 B-13BLB-13,44,60,2022-03,2023-03,경기남부지역본부,
경기도,행복주택,화성동탄2A-53,21,366,2022-06,2023-04,경기남부지역본부,
경기도,행복주택,화성동탄2A-53,36,214,2022-06,2023-04,경기남부지역본부,
경기도,행복주택,화성동탄2A-53,44,120,2022-06,2023-04,경기남부지역본부,
경기도,행복주택,수원당수A3,55,134,2022-06,2023-05,경기남부지역본부,
경기도,행복주택,평택소사벌A-7BL(행복주택)A7,21,120,2022-06,2023-06,경기남부지역본부,
경기도,행복주택,평택소사벌A-7BL(행복주택)A7,26,154,2022-06,2023-06,경기남부지역본부,
경기도,행복주택,평택소사벌A-7BL(행복주택)A7,44,76,2022-06,2023-06,경기남부지역본부,
경기도,행복주택,화성비봉A05,29,492,2022-09,2023-10,경기남부지역본부,
경기도,행복주택,화성비봉A05,36,132,2022-09,2023-10,경기남부지역본부,
경기도,행복주택,화성비봉A05,44,134,2022-09,2023-10,경기남부지역본부,
경기도,행복주택,의왕초평(뉴스테이)A3,55,327,2022-09,2023-10,경기남부지역본부,
경기도,행복주택,수원당수A2,14,288,2022-12,2024-01,경기남부지역본부,
경기도,행복주택,수원당수A2,26,234,2022-12,2024-01,경기남부지역본부,
경기도,행복주택,수원당수A2,36,128,2022-12,2024-01,경기남부지역본부,
경기도,행복주택,수원당수A2,44,500,2022-12,2024-01,경기남부지역본부,
경기도,행복주택,평택고덕국제화계획Aa53,55,389,2022-12,2024-10,경기남부지역본부,
경기도,행복주택,평택고덕국제화계획Ab57-2,55,129,2022-12,2025-02,경기남부지역본부,
경기도,행복주택,과천지식정보타운S-3,55,175,2022-09,2024-02,경기남부지역본부,
경기도,행복주택,과천지식정보타운S-3,59,7,2022-09,2024-02,경기남부지역본부,
경기도,행복주택,고양장항A-4,56,572,2022-12,2024-03,인천지역본부,
경기도,행복주택,의왕고천A2,56,193,2022-04,2023-08,경기남부지역본부,
경기도,행복주택,의왕고천A2,59,97,2022-04,2023-08,경기남부지역본부,
경기도,행복주택,과천지식정보타운S-7,55,140,2022-09,2023-06,경기남부지역본부,
경기도,행복주택,과천지식정보타운S-8,46,57,2022-09,2024-04,경기남부지역본부,
경기도,행복주택,과천지식정보타운S-8,55,57,2022-09,2024-04,경기남부지역본부,
경기도,행복주택,화성동탄2A-54,21,692,2022-09,2023-08,경기남부지역본부,
경기도,행복주택,화성동탄2A-54,26,92,2022-09,2023-08,경기남부지역본부,
경기도,행복주택,화성동탄2A-54,37,176,2022-09,2023-08,경기남부지역본부,
서울특별시,행복주택,서울 강서아파트1,49,91,2022-03,2023-10,서울지역본부,
서울특별시,행복주택,서울 강서아파트1,55,19,2022-03,2023-10,서울지역본부,
서울특별시,행복주택,서울 강서아파트1,59,65,2022-03,2023-10,서울지역본부,
강원특별자치도,행복주택,홍천갈마곡(마을정비형)1,16,10,2022-12,2024-07,강원지역본부,
강원특별자치도,행복주택,홍천갈마곡(마을정비형)1,36,10,2022-12,2024-07,강원지역본부,
경기도,행복주택,화성동탄2A-54,44,46,2022-09,2023-08,경기남부지역본부,
경기도,행복주택,화성동탄2A-54,45,344,2022-09,2023-08,경기남부지역본부,
경상남도,행복주택,창원명곡(공공주택)A-2,60,308,2022-12,2023-12,경남지역본부,
충청남도,행복주택,청양교월1,16.83,8,2022-03,2023-07,대전충남지역본부,
충청남도,행복주택,청양교월1,36.52,12,2022-03,2023-07,대전충남지역본부,
충청남도,행복주택,홍성오관(18뉴딜)A1,26.83,10,2022-12,2024-02,대전충남지역본부,
충청남도,행복주택,홍성오관(18뉴딜)A1,36.93,6,2022-12,2024-02,대전충남지역본부,
경상남도,행복주택,고성남외1,60,20,2022-06,2023-09,경남지역본부,
경상남도,행복주택,"양산사송GB(05,택)A-8",60,150,2022-09,2023-11,경남지역본부,
경상남도,행복주택,산청신안(행복/국임)A,60,52,2022-09,2023-12,경남지역본부,
경상남도,행복주택,"양산사송GB(05,택)A-2",60,159,2022-12,2023-10,경남지역본부,
경상남도,행복주택,진주가좌(행복주택)01,60,150,2022-12,2023-11,경남지역본부,
경기도,행복주택,위례A2-6A2-6,46,74,2022-03,2023-03,서울지역본부,
경기도,행복주택,위례A2-6A2-6,49,68,2022-03,2023-03,서울지역본부,
경기도,행복주택,위례A2-6A2-6,55,5,2022-03,2023-03,서울지역본부,
경기도,행복주택,"오산세교2(06,택3)A-06",21,228,2022-08,2023-08,경기남부지역본부,
경기도,행복주택,"오산세교2(06,택3)A-06",26,140,2022-08,2023-08,경기남부지역본부,
경기도,행복주택,"오산세교2(06,택3)A-06",43,235,2022-08,2023-08,경기남부지역본부,
충청남도,행복주택,공주금흥(행복주택)1,21.77,116,2022-08,2023-02,대전충남지역본부,
충청남도,행복주택,공주금흥(행복주택)1,26.87,44,2022-08,2023-02,대전충남지역본부,
충청남도,행복주택,공주금흥(행복주택)1,44.98,40,2022-08,2023-02,대전충남지역본부,
경기도,행복주택,평택고덕국제화계획Ab3,55,166,2022-07,2023-09,경기남부지역본부,
전라남도,행복주택,영광단주(행복주택)A1,22,58,2022-12,2023-11,광주전남지역본부,
전라남도,행복주택,영광단주(행복주택)A1,26,116,2022-12,2023-11,광주전남지역본부,
전라남도,행복주택,영광단주(행복주택)A1,36,42,2022-12,2023-11,광주전남지역본부,
전라남도,행복주택,영광단주(행복주택)A1,44,84,2022-12,2023-11,광주전남지역본부,
제주특별자치도,행복주택,제주삼도이동H-1BL(행복주택)1,26.94,28,2022-06,2023-09,제주지역본부,
제주특별자치도,행복주택,제주삼도이동H-1BL(행복주택)1,36.95,26,2022-06,2023-09,제주지역본부,
제주특별자치도,행복주택,제주삼도이동H-2BL(행복주택)1,26.15,34,2022-06,2023-09,제주지역본부,
경기도,행복주택,양주회천(택)A10,21,222,2022-08,2024-04,서울지역본부,
경기도,행복주택,양주회천(택)A10,26,262,2022-08,2024-04,서울지역본부,
경기도,행복주택,양주회천(택)A10,37,40,2022-08,2024-04,서울지역본부,
경기도,행복주택,양주회천(택)A10,38,124,2022-08,2024-04,서울지역본부,
경기도,행복주택,양주회천(택)A10,44,32,2022-08,2024-04,서울지역본부,
경기도,행복주택,양주회천(택)A15,21,432,2022-08,2024-02,서울지역본부,
경기도,행복주택,양주회천(택)A15,26,144,2022-08,2024-02,서울지역본부,
경기도,행복주택,양주회천(택)A15,36,38,2022-08,2024-02,서울지역본부,
경기도,행복주택,양주회천(택)A15,44,266,2022-08,2024-02,서울지역본부,
경기도,행복주택,양주옥정 A-25BLA-25,26,457,2022-08,2023-12,서울지역본부,
경기도,행복주택,양주옥정 A-25BLA-25,32,268,2022-08,2023-12,서울지역본부,
경기도,행복주택,양주옥정 A-25BLA-25,36,390,2022-08,2023-12,서울지역본부,
경기도,행복주택,양주옥정 A-25BLA-25,44,100,2022-08,2023-12,서울지역본부,
전라남도,행복주택,영암학산1,16,6,2022-06,2023-11,광주전남지역본부,
전라남도,행복주택,영암학산1,36,8,2022-06,2023-11,광주전남지역본부,
전라남도,행복주택,영암학산1,44,4,2022-06,2023-11,광주전남지역본부,
경기도,행복주택,부천원종1,26,21,2022-12,2023-04,인천지역본부,
대구광역시,행복주택,대구침산(행복주택)1,16,8,2022-10,2023-05,대구경북지역본부,
대구광역시,행복주택,대구침산(행복주택)1,36,15,2022-10,2023-05,대구경북지역본부,
대구광역시,행복주택,대구침산(행복주택)1,44,5,2022-10,2023-05,대구경북지역본부,
전북특별자치도,행복주택,정읍수성(행)A-1BL,21,48,2022-12,2023-11,전북지역본부,
전북특별자치도,행복주택,정읍수성(행)A-1BL,26,20,2022-12,2023-11,전북지역본부,
전북특별자치도,행복주택,정읍수성(행)A-1BL,44,30,2022-12,2023-11,전북지역본부,
경기도,행복주택,성남판교대장A-10BLA-10,46,198,2022-12,2024-03,경기남부지역본부,
경기도,행복주택,성남판교대장A-10BLA-10,55,176,2022-12,2024-03,경기남부지역본부,
인천광역시,행복주택,인천가정2A1,16,60,2022-09,2023-10,인천지역본부,
인천광역시,행복주택,인천가정2A1,21,140,2022-09,2023-10,인천지역본부,
인천광역시,행복주택,인천가정2A1,26,30,2022-09,2023-10,인천지역본부,
인천광역시,행복주택,인천가정2A1,36,70,2022-09,2023-10,인천지역본부,
인천광역시,행복주택,인천가정2A1,44,210,2022-09,2023-10,인천지역본부,
전북특별자치도,행복주택,익산 제3일반산단(행복)A,25,80,2023-12,2025-03,전북지역본부,
전북특별자치도,행복주택,익산 제3일반산단(행복)A,36,80,2023-12,2025-03,전북지역본부,
전북특별자치도,행복주택,익산 제3일반산단(행복)A,44,40,2023-12,2025-03,전북지역본부,
경기도,행복주택,화성향남2 도시지원시설1-1BL,21,122,2023-09,2025-01,경기남부지역본부,
경기도,행복주택,화성향남2 도시지원시설1-1BL,29,86,2023-09,2025-01,경기남부지역본부,
경기도,행복주택,화성향남2 도시지원시설1-1BL,33,99,2023-09,2025-01,경기남부지역본부,
경기도,행복주택,화성향남2 도시지원시설1-1BL,39,76,2023-09,2025-01,경기남부지역본부,
경기도,행복주택,화성향남2 도시지원시설1-1BL,46,222,2023-09,2025-01,경기남부지역본부,
경기도,행복주택,성남복정1A2,46,26,2023-06,2025-12,서울지역본부,
경기도,행복주택,성남복정1A2,55,103,2023-06,2025-12,서울지역본부,
경기도,행복주택,성남복정1A3,55,105,2023-06,2025-12,서울지역본부,
경기도,행복주택,부천도당(행복주택)A1,16,78,2023-10,2025-01,인천지역본부,
경기도,행복주택,부천도당(행복주택)A1,26,15,2023-10,2025-01,인천지역본부,
경기도,행복주택,부천도당(행복주택)A1,26,16,2023-10,2025-01,인천지역본부,특별1
경기도,행복주택,부천도당(행복주택)A1,26,11,2023-10,2025-01,인천지역본부,지구주민
경기도,행복주택,부천도당(행복주택)A1,44,16,2023-10,2025-01,인천지역본부,
경기도,행복주택,화성비봉A03,59,329,2023-11,2025-06,경기남부지역본부,
경기도,행복주택,"수원매산(행복,노후청사)A1",24,46,2023-11,2025-07,경기남부지역본부,
경기도,행복주택,"수원매산(행복,노후청사)A1",26,12,2023-11,2025-07,경기남부지역본부,
충청북도,행복주택,증평창동(행복주택)1,26,32,2023-12,2025-02,충북지역본부,
전북특별자치도,행복주택,군산금암1,21,52,2023-03,2024-08,전북지역본부,
전북특별자치도,행복주택,군산금암1,26,30,2023-03,2024-08,전북지역본부,
전북특별자치도,행복주택,군산금암1,36,30,2023-03,2024-08,전북지역본부,
전북특별자치도,행복주택,군산금암1,44,26,2023-03,2024-08,전북지역본부,
전북특별자치도,행복주택,군산금암1,46,12,2023-03,2024-08,전북지역본부,
전북특별자치도,행복주택,김제지평선1,26,44,2023-12,2025-04,전북지역본부,
전북특별자치도,행복주택,김제지평선1,36,56,2023-12,2025-04,전북지역본부,
전북특별자치도,행복주택,김제지평선1,51,20,2023-12,2025-04,전북지역본부,
울산광역시,행복주택,"울산다운2(08,국민)A-9",55,417,2023-12,2025-06,부산울산지역본부,
강원특별자치도,행복주택,강원고성(마을정비형)00,16,8,2023-09,2024-07,강원지역본부,
강원특별자치도,행복주택,강원고성(마을정비형)00,37,12,2023-09,2024-07,강원지역본부,
강원특별자치도,행복주택,홍천갈마곡(마을정비형)1,16,10,2023-09,2024-07,강원지역본부,
강원특별자치도,행복주택,홍천갈마곡(마을정비형)1,36,10,2023-09,2024-07,강원지역본부,
강원특별자치도,행복주택,철원철원1,26,38,2023-12,2024-11,강원지역본부,
강원특별자치도,행복주택,철원철원1,36,52,2023-12,2024-11,강원지역본부,
강원특별자치도,행복주택,강원정선(마을정비형)1,16,12,2023-12,2024-11,강원지역본부,
강원특별자치도,행복주택,강원정선(마을정비형)1,37,18,2023-12,2024-11,강원지역본부,
경상남도,행복주택,밀양가곡(행복주택)1,26,60,2023-05,2024-03,경남지역본부,
경상남도,행복주택,밀양가곡(행복주택)1,36,30,2023-05,2024-03,경남지역본부,
경상남도,행복주택,밀양가곡(행복주택)1,44,14,2023-05,2024-03,경남지역본부,
경상남도,행복주택,창원명곡(공공주택)A-1,55,132,2023-12,2024-08,경남지역본부,
경기도,행복주택,위례A2-7BL1,55,219,2023-12,2025-12,서울지역본부,
경기도,행복주택,부천원종(가로주택정비)01,26,21,2023-07,2023-12,경기남부지역본부,
세종특별자치시,행복주택,세종조치원역1BL,26.82,92,2023-12,2025-04,세종특별본부,공급·입주 일정 등은 향후 변경가능
세종특별자치시,행복주택,세종조치원역1BL,26.68,10,2023-12,2025-04,세종특별본부,공급·입주 일정 등은 향후 변경가능
세종특별자치시,행복주택,세종조치원역1BL,26.91,20,2023-12,2025-04,세종특별본부,공급·입주 일정 등은 향후 변경가능
세종특별자치시,행복주택,세종조치원역1BL,44.93,9,2023-12,2025-04,세종특별본부,공급·입주 일정 등은 향후 변경가능
세종특별자치시,행복주택,세종조치원역1BL,44.38,20,2023-12,2025-04,세종특별본부,공급·입주 일정 등은 향후 변경가능
경기도,행복주택,부천괴안(공공주택)B1,55.65,58,2023-06,2024-11,인천지역본부,
경기도,행복주택,부천괴안(공공주택)B1,55.65,8,2023-06,2024-11,인천지역본부,
경기도,행복주택,부천괴안(공공주택)B1,55.94,25,2023-06,2024-11,인천지역본부,
경기도,행복주택,부천괴안(공공주택)B1,55.82,5,2023-06,2024-11,인천지역본부,
경기도,행복주택,화성향남2 도시지원시설1-2BL,39.72,64,2023-09,2025-01,경기남부지역본부,
경기도,행복주택,화성향남2 도시지원시설1-2BL,46.5,145,2023-09,2025-01,경기남부지역본부,
경기도,행복주택,화성향남2 도시지원시설1-2BL,29.58,32,2023-09,2025-01,경기남부지역본부,
경기도,행복주택,화성향남2 도시지원시설1-2BL,21.44,92,2023-09,2025-01,경기남부지역본부,
경기도,행복주택,화성향남2 도시지원시설1-2BL,29.56,32,2023-09,2025-01,경기남부지역본부,
경기도,행복주택,화성향남2 도시지원시설1-2BL,33.42,80,2023-09,2025-01,경기남부지역본부,
광주광역시,행복주택,광주선운2A-3BL,55,147,2023-07,2025-04,광주전남지역본부,
광주광역시,행복주택,광주선운2A-1BL,55,336,2023-07,2025-04,광주전남지역본부,
경기도,행복주택,고양장항A-1,21,440,2023-10,2025-03,경기북부지역본부,
경기도,행복주택,고양장항A-1,26,228,2023-10,2025-03,경기북부지역본부,
경기도,행복주택,고양장항A-1,36,262,2023-10,2025-03,경기북부지역본부,
경기도,행복주택,고양장항A-1,44,312,2023-10,2025-03,경기북부지역본부,
전라남도,행복주택,전남곡성(마을정비형)1,21.59,24,2023-09,2024-11,광주전남지역본부,
전라남도,행복주택,전남곡성(마을정비형)1,37.88,24,2023-09,2024-11,광주전남지역본부,
서울특별시,행복주택,강동천호(행복)01,16,32,2023-10,2025-02,서울지역본부,
서울특별시,행복주택,강동천호(행복)01,26,39,2023-10,2025-02,서울지역본부,
서울특별시,행복주택,강동천호(행복)01,36,23,2023-10,2025-02,서울지역본부,
경상북도,행복주택,경북의성(행복)1,26,72,2023-12,2024-10,대구경북지역본부,
경상북도,행복주택,경북의성(행복)1,44,26,2023-12,2024-10,대구경북지역본부,
대구광역시,행복주택,대구동인(가로주택)1,26,37,2024-05,2024-12,대구경북지역본부,
대구광역시,행복주택,대구동인(가로주택)1,36,64,2024-05,2024-12,대구경북지역본부,
대구광역시,행복주택,대구죽전 행복주택A,21,22,2024-06,2025-08,대구경북지역본부,
대구광역시,행복주택,대구죽전 행복주택A,29,22,2024-06,2025-08,대구경북지역본부,
대구광역시,행복주택,대구죽전 행복주택A,44,6,2024-06,2025-08,대구경북지역본부,
경상북도,행복주택,경주내남(고령자)1,26,90,2024-12,2025-02,대구경북지역본부,
대전광역시,행복주택,대전장대A1,19,160,2024-08,2025-08,대전충남지역본부,
대전광역시,행복주택,대전장대A1,21,228,2024-08,2025-08,대전충남지역본부,
대전광역시,행복주택,대전장대A1,26,180,2024-08,2025-08,대전충남지역본부,
대전광역시,행복주택,대전장대A1,44,232,2024-08,2025-08,대전충남지역본부,
경상남도,행복주택,창녕영산1,44,46,2024-06,2025-09,경남지역본부,
경상남도,행복주택,창녕영산1,25,76,2024-06,2025-09,경남지역본부,
경상남도,행복주택,창녕영산1,36,28,2024-06,2025-09,경남지역본부,
충청북도,행복주택,진천문백1,36,54,2024-04,2025-03,충북지역본부,
충청북도,행복주택,증평창동(행복주택)1,26,24,2024-11,2025-05,충북지역본부,
충청북도,행복주택,증평창동(행복주택)1,44,8,2024-11,2025-05,충북지역본부,
세종특별자치시,행복주택,행정중심복합도시63M중-1,21,53,2024-08,2025-08,세종특별본부,공급 ·입주 일정 등은 변동될 수 있음
세종특별자치시,행복주택,행정중심복합도시63M중-1,26,29,2024-08,2025-08,세종특별본부,공급 ·입주 일정 등은 변동될 수 있음
세종특별자치시,행복주택,행정중심복합도시63M중-1,36,156,2024-08,2025-08,세종특별본부,공급 ·입주 일정 등은 변동될 수 있음
인천광역시,행복주택,인천검단AA35-1,25,385,2024-05,2025-08,인천지역본부,
인천광역시,행복주택,인천검단AA35-1,36,172,2024-05,2025-08,인천지역본부,
인천광역시,행복주택,인천검단AA35-1,44,298,2024-05,2025-08,인천지역본부,
서울특별시,행복주택,관악봉천(행복주택)H-1BL,17.41,138,2024-08,2025-04,서울지역본부,
서울특별시,행복주택,관악봉천(행복주택)H-1BL,19.9,2,2024-08,2025-04,서울지역본부,
서울특별시,행복주택,관악봉천(행복주택)H-2BL,17.41,33,2024-08,2025-04,서울지역본부,
서울특별시,행복주택,관악봉천(행복주택)H-2BL,19.9,3,2024-08,2025-04,서울지역본부,
서울특별시,행복주택,관악봉천(행복주택)H-3BL,17.41,58,2024-08,2025-04,서울지역본부,
서울특별시,행복주택,관악봉천(행복주택)H-3BL,19.9,2,2024-08,2025-04,서울지역본부,
인천광역시,행복주택,매입재개발(부개서초교북측구역)2024,36.0986,55,2024-07,2024-12,인천지역본부,
인천광역시,행복주택,매입재건축(부평삼산 신원아침도시)2023,51.5017,7,2024-07,2024-12,인천지역본부,
인천광역시,행복주택,매입재건축(부평삼산 신원아침도시)2023,59.9889,2,2024-07,2024-12,인천지역본부,
인천광역시,행복주택,매입재건축(부평삼산 신원아침도시)2023,59.8939,2,2024-07,2024-12,인천지역본부,
인천광역시,행복주택,매입재개발(부평역한라비발디)2022,39.886,47,2024-07,2024-12,인천지역본부,
인천광역시,행복주택,매입재개발(부평역한라비발디)매입재개발,39.886,8,2024-07,2024-12,인천지역본부,
인천광역시,행복주택,인천가정2A2,55.95,267,2024-11,2026-05,인천지역본부,
경기도,행복주택,고양장항A-2,46.7,47,2024-11,2026-04,경기북부지역본부,
경기도,행복주택,고양장항A-2,55.82,20,2024-11,2026-04,경기북부지역본부,
경기도,행복주택,고양장항A-2,55.92,212,2024-11,2026-04,경기북부지역본부,
충청북도,행복주택,청주지북(뉴스테이)A4,21,40,2024-10,2026-01,충북지역본부,
충청북도,행복주택,청주지북(뉴스테이)A4,26,112,2024-10,2026-01,충북지역본부,
충청북도,행복주택,청주지북(뉴스테이)A4,36,18,2024-10,2026-01,충북지역본부,
충청북도,행복주택,청주지북(뉴스테이)A4,38,12,2024-10,2026-01,충북지역본부,
충청북도,행복주택,청주지북(뉴스테이)A4,44,72,2024-10,2026-01,충북지역본부,
충청북도,행복주택,청주지북(뉴스테이)A5,21,136,2024-10,2026-01,충북지역본부,
충청북도,행복주택,청주지북(뉴스테이)A5,26,132,2024-10,2026-01,충북지역본부,
충청북도,행복주택,청주지북(뉴스테이)A5,36,100,2024-10,2026-01,충북지역본부,
충청북도,행복주택,청주지북(뉴스테이)A5,44,120,2024-10,2026-01,충북지역본부,
대전광역시,행복주택,대전대흥(창업지원주택)1,21,82,2025-07,2026-11,대전충남지역본부,
대전광역시,행복주택,대전대흥(창업지원주택)1,44,18,2025-07,2026-11,대전충남지역본부,
울산광역시,행복주택,"울산다운2(08,국민)A-4",24.79,98,2025-12,2027-03,부산울산지역본부,
울산광역시,행복주택,"울산다운2(08,국민)A-4",27.81,36,2025-12,2027-03,부산울산지역본부,
울산광역시,행복주택,"울산다운2(08,국민)A-4",44.79,60,2025-12,2027-03,부산울산지역본부,
울산광역시,행복주택,"울산다운2(08,국민)A-7",21.21,80,2025-09,2027-03,부산울산지역본부,
울산광역시,행복주택,"울산다운2(08,국민)A-7",26.81,80,2025-09,2027-03,부산울산지역본부,
울산광역시,행복주택,"울산다운2(08,국민)A-7",36.51,100,2025-09,2027-03,부산울산지역본부,
울산광역시,행복주택,"울산다운2(08,국민)A-7",44.73,40,2025-09,2027-03,부산울산지역본부,
광주광역시,행복주택,광주선운2A-1BL,55,335,2024-01,2024-04,광주전남지역본부,
광주광역시,행복주택,광주선운2A-3BL,55,147,2024-01,2024-04,광주전남지역본부,
강원특별자치도,행복주택,정선사북(행복)1,31,20,2025-10,2027-03,강원지역본부,
강원특별자치도,행복주택,정선사북(행복)1,36,60,2025-10,2027-03,강원지역본부,
강원특별자치도,행복주택,정선사북(행복)1,44,40,2025-10,2027-03,강원지역본부,
강원특별자치도,행복주택,동해천곡(고령자)1,21,30,2025-09,2027-02,강원지역본부,
강원특별자치도,행복주택,동해천곡(고령자)1,29,56,2025-09,2027-02,강원지역본부,
강원특별자치도,행복주택,동해천곡(고령자)1,36,60,2025-09,2027-02,강원지역본부,
강원특별자치도,행복주택,동해천곡(고령자)1,44,54,2025-09,2027-02,강원지역본부,
세종특별자치시,행복주택,행정중심복합도시63M중-1,36,144,2025-06,2025-11,세종특별본부,추가모집
세종특별자치시,행복주택,세종조치원역1BL,26,38,2025-05,2025-10,세종특별본부,추가모집
세종특별자치시,행복주택,세종조치원역1BL,44,6,2025-05,2025-10,세종특별본부,추가모집
경상북도,행복주택,"경북청도(행복,뉴딜)1",36.93,8,2025-10,2027-05,대구경북지역본부,
경상북도,행복주택,"경북청도(행복,뉴딜)1",36.72,3,2025-10,2027-05,대구경북지역본부,
경상북도,행복주택,"경북청도(행복,뉴딜)1",44.85,11,2025-10,2027-05,대구경북지역본부,
경상북도,행복주택,"경북청도(행복,뉴딜)1",44.85,20,2025-10,2027-05,대구경북지역본부,
인천광역시,행복주택,부천원종(공공주택)C1,22,159,2025-05,2026-03,인천지역본부,
인천광역시,행복주택,부천원종(공공주택)C1,25,69,2025-05,2026-03,인천지역본부,
인천광역시,행복주택,부천원종(공공주택)C1,36,45,2025-05,2026-03,인천지역본부,
인천광역시,행복주택,부천원종(공공주택)C1,44,50,2025-05,2026-03,인천지역본부,
인천광역시,행복주택,부천원종(공공주택)A2,21,244,2025-06,2026-05,인천지역본부,
인천광역시,행복주택,부천원종(공공주택)A2,26,102,2025-06,2026-05,인천지역본부,
인천광역시,행복주택,부천원종(공공주택)A2,36,52,2025-06,2026-05,인천지역본부,
인천광역시,행복주택,부천원종(공공주택)A2,44,74,2025-06,2026-05,인천지역본부,
인천광역시,행복주택,인천계양(공공주택)A3,55,179,2025-11,2026-12,인천지역본부,
인천광역시,행복주택,인천산곡(행복주택)A-1,16,251,2025-07,2026-08,인천지역본부,
인천광역시,행복주택,인천산곡(행복주택)A-1,26,78,2025-07,2026-08,인천지역본부,
인천광역시,행복주택,인천산곡(행복주택)A-1,36,45,2025-07,2026-08,인천지역본부,
인천광역시,행복주택,인천산곡(행복주택)A-1,44,26,2025-07,2026-08,인천지역본부,
인천광역시,행복주택,부천여월(가로주택)1,26,29,2025-08,2026-03,인천지역본부,
인천광역시,행복주택,부천원종(가로주택정비)01,49,7,2025-04,2026-05,인천지역본부,
충청북도,행복주택,괴산미니복합타운A1,21.12,136,2025-04,2026-06,충북지역본부,청년계층
충청북도,행복주택,괴산미니복합타운A1,24.4,38,2025-04,2026-06,충북지역본부,청년계층
충청북도,행복주택,괴산미니복합타운A1,36.12,52,2025-04,2026-06,충북지역본부,고령자계층 17호 / 주거급여수급자계층 35호)
충청북도,행복주택,괴산미니복합타운A1,36.12,18,2025-04,2026-06,충북지역본부,고령자계층(주거약자용)
충청북도,행복주택,괴산미니복합타운A1,44.04,106,2025-04,2026-06,충북지역본부,신혼부부/한부모가족 계층
대전광역시,행복주택,대전 해모로 더 센트라(재정비촉진사업 임대주택)2024,39,24,2025-12,2026-01,대전충남지역본부,
