연도,구분,인허가_호
2021,계획,
2021,실적,535971
2021,서울,81637
2021,인천,26214
2021,경기,179862
2021,부산,21695
2021,대구,23727
2021,광주,5361
2021,대전,13809
2021,울산,9016
2021,세종,3238
2021,강원,16499
2021,충북,17072
2021,충남,28538
2021,전북,18694
2021,전남,30220
2021,경북,28974
2021,경남,24701
2021,제주,6714
2021,수도권,287713
2022,계획,
2022,실적,506139
2022,서울,42231
2022,인천,21178
2022,경기,121624
2022,부산,41665
2022,대구,26041
2022,광주,10708
2022,대전,18192
2022,울산,13286
2022,세종,3695
2022,강원,17592
2022,충북,31350
2022,충남,39725
2022,전북,22724
2022,전남,22823
2022,경북,35640
2022,경남,28043
2022,제주,9622
2022,수도권,185033
2023,계획,
2023,실적,425634
2023,서울,39163
2023,인천,29509
2023,경기,134659
2023,부산,28309
2023,대구,14248
2023,광주,11479
2023,대전,14087
2023,울산,14329
2023,세종,1101
2023,강원,18354
2023,충북,12935
2023,충남,26628
2023,전북,14504
2023,전남,19325
2023,경북,22096
2023,경남,17029
2023,제주,7879
2023,수도권,203331
2024,계획,
2024,실적,435234
2024,서울,51452
2024,인천,21428
2024,경기,161203
2024,부산,29395
2024,대구,3223
2024,광주,5754
2024,대전,28340
2024,울산,4852
2024,세종,9039
2024,강원,13572
2024,충북,19838
2024,충남,29574
2024,전북,7375
2024,전남,5727
2024,경북,19247
2024,경남,21939
2024,제주,3276
2024,수도권,234083
2025,계획,
2025,실적,388362
2025,서울,41938
2025,인천,26937
2025,경기,159966
2025,부산,30738
2025,대구,5034
2025,광주,7761
2025,대전,17526
2025,울산,9771
2025,세종,277
2025,강원,6882
2025,충북,5535
2025,충남,33003
2025,전북,9914
2025,전남,11462
2025,경북,11253
2025,경남,7994
2025,제주,2371
2025,수도권,228841
