기간,구분1,구분2,순계_합계,순계_분양,순계_임대,순계_조합,누계_합계,누계_분양,누계_임대,누계_조합
2021-09,합계,합계,34266,24184,5833,4249,235534,174105,33450,27979
2021-09,수도권,소계,16522,13266,1851,1405,109174,79272,16785,13117
2021-09,수도권,서울,2089,1921,168,0,8107,4512,663,2932
2021-09,수도권,인천,4851,3592,238,1021,22305,16580,1843,3882
2021-09,수도권,경기,9582,7753,1445,384,78762,58180,14279,6303
2021-09,지방,소계,17744,10918,3982,2844,126360,94833,16665,14862
2021-09,지방,부산,1598,759,0,839,5836,3088,0,2748
2021-09,지방,대구,941,941,0,0,19872,15311,2122,2439
2021-09,지방,광주,0,0,0,0,2101,1841,110,150
2021-09,지방,대전,1014,934,80,0,3905,2899,106,900
2021-09,지방,울산,0,0,0,0,3764,2445,0,1319
2021-09,지방,세종,0,0,0,0,3228,3029,199,0
2021-09,지방,강원,3077,2204,873,0,8098,6798,1300,0
2021-09,지방,충북,986,746,0,240,7786,6931,284,571
2021-09,지방,충남,1084,0,1084,0,21811,16250,5044,517
2021-09,지방,전북,120,0,120,0,6100,4378,1722,0
2021-09,지방,전남,2966,1101,100,1765,7755,4624,718,2413
2021-09,지방,경북,2780,2280,500,0,13867,10848,3019,0
2021-09,지방,경남,3067,1842,1225,0,21498,15732,1961,3805
2021-09,지방,제주,111,111,0,0,739,659,80,0
2021-10,합계,합계,19245,17591,246,1408,254779,191696,33696,29387
2021-10,수도권,소계,7127,6746,50,331,116301,86018,16835,13448
2021-10,수도권,서울,77,77,0,0,8184,4589,663,2932
2021-10,수도권,인천,746,696,50,0,23051,17276,1893,3882
2021-10,수도권,경기,6304,5973,0,331,85066,64153,14279,6634
2021-10,지방,소계,12118,10845,196,1077,138478,105678,16861,15939
2021-10,지방,부산,746,664,0,82,6582,3752,0,2830
2021-10,지방,대구,859,713,0,146,20731,16024,2122,2585
2021-10,지방,광주,727,320,0,407,2828,2161,110,557
2021-10,지방,대전,474,304,0,170,4379,3203,106,1070
2021-10,지방,울산,0,0,0,0,3764,2445,0,1319
2021-10,지방,세종,0,0,0,0,3228,3029,199,0
2021-10,지방,강원,1829,1713,116,0,9927,8511,1416,0
2021-10,지방,충북,0,0,0,0,7786,6931,284,571
2021-10,지방,충남,1368,1368,0,0,23179,17618,5044,517
2021-10,지방,전북,582,310,0,272,6682,4688,1722,272
2021-10,지방,전남,192,192,0,0,7947,4816,718,2413
2021-10,지방,경북,1908,1908,0,0,15775,12756,3019,0
2021-10,지방,경남,3264,3184,80,0,24762,18916,2041,3805
2021-10,지방,제주,169,169,0,0,908,828,80,0
2021-11,합계,합계,34243,27451,1702,5090,289022,219147,35398,34477
2021-11,수도권,소계,12692,9495,56,3141,128993,95513,16891,16589
2021-11,수도권,서울,199,114,0,85,8383,4703,663,3017
2021-11,수도권,인천,7362,5616,56,1690,30413,22892,1949,5572
2021-11,수도권,경기,5131,3765,0,1366,90197,67918,14279,8000
2021-11,지방,소계,21551,17956,1646,1949,160029,123634,18507,17888
2021-11,지방,부산,1120,815,0,305,7702,4567,0,3135
2021-11,지방,대구,1190,1087,0,103,21921,17111,2122,2688
2021-11,지방,광주,303,303,0,0,3131,2464,110,557
2021-11,지방,대전,146,146,0,0,4525,3349,106,1070
2021-11,지방,울산,0,0,0,0,3764,2445,0,1319
2021-11,지방,세종,0,0,0,0,3228,3029,199,0
2021-11,지방,강원,965,965,0,0,10892,9476,1416,0
2021-11,지방,충북,72,72,0,0,7858,7003,284,571
2021-11,지방,충남,2794,2460,0,334,25973,20078,5044,851
2021-11,지방,전북,4180,2534,1646,0,10862,7222,3368,272
2021-11,지방,전남,1116,1116,0,0,9063,5932,718,2413
2021-11,지방,경북,5896,5896,0,0,21671,18652,3019,0
2021-11,지방,경남,3642,2435,0,1207,28404,21351,2041,5012
2021-11,지방,제주,127,127,0,0,1035,955,80,0
2021-12,합계,합계,47511,39029,3404,5078,336533,258176,38802,39555
2021-12,수도권,소계,13140,11431,321,1388,142133,106944,17212,17977
2021-12,수도권,서울,184,169,15,0,8567,4872,678,3017
2021-12,수도권,인천,3155,2853,0,302,33568,25745,1949,5874
2021-12,수도권,경기,9801,8409,306,1086,99998,76327,14585,9086
2021-12,지방,소계,34371,27598,3083,3690,194400,151232,21590,21578
2021-12,지방,부산,4555,2843,220,1492,12257,7410,220,4627
2021-12,지방,대구,4730,4040,76,614,26651,21151,2198,3302
2021-12,지방,광주,154,154,0,0,3285,2618,110,557
2021-12,지방,대전,2966,2254,712,0,7491,5603,818,1070
2021-12,지방,울산,967,967,0,0,4731,3412,0,1319
2021-12,지방,세종,660,660,0,0,3888,3689,199,0
2021-12,지방,강원,666,326,0,340,11558,9802,1416,340
2021-12,지방,충북,2113,2113,0,0,9971,9116,284,571
2021-12,지방,충남,3561,2226,742,593,29534,22304,5786,1444
2021-12,지방,전북,2546,2546,0,0,13408,9768,3368,272
2021-12,지방,전남,2518,2398,120,0,11581,8330,838,2413
2021-12,지방,경북,5625,5625,0,0,27296,24277,3019,0
2021-12,지방,경남,3162,1298,1213,651,31566,22649,3254,5663
2021-12,지방,제주,148,148,0,0,1183,1103,80,0
2022-01,합계,합계,19847,16490,1526,1831,19847,16490,1526,1831
2022-01,수도권,소계,13110,9753,1526,1831,13110,9753,1526,1831
2022-01,수도권,서울,1401,467,157,777,1401,467,157,777
2022-01,수도권,인천,1114,1114,0,0,1114,1114,0,0
2022-01,수도권,경기,10595,8172,1369,1054,10595,8172,1369,1054
2022-01,지방,소계,6737,6737,0,0,6737,6737,0,0
2022-01,지방,부산,95,95,0,0,95,95,0,0
2022-01,지방,대구,60,60,0,0,60,60,0,0
2022-01,지방,광주,650,650,0,0,650,650,0,0
2022-01,지방,대전,0,0,0,0,0,0,0,0
2022-01,지방,울산,0,0,0,0,0,0,0,0
2022-01,지방,세종,0,0,0,0,0,0,0,0
2022-01,지방,강원,0,0,0,0,0,0,0,0
2022-01,지방,충북,1191,1191,0,0,1191,1191,0,0
2022-01,지방,충남,2505,2505,0,0,2505,2505,0,0
2022-01,지방,전북,0,0,0,0,0,0,0,0
2022-01,지방,전남,404,404,0,0,404,404,0,0
2022-01,지방,경북,350,350,0,0,350,350,0,0
2022-01,지방,경남,1482,1482,0,0,1482,1482,0,0
2022-01,지방,제주,0,0,0,0,0,0,0,0
2022-02,합계,합계,24386,19408,2739,2239,44233,35898,4265,4070
2022-02,수도권,소계,11368,9264,1075,1029,24478,19017,2601,2860
2022-02,수도권,서울,717,549,118,50,2118,1016,275,827
2022-02,수도권,인천,1667,1667,0,0,2781,2781,0,0
2022-02,수도권,경기,8984,7048,957,979,19579,15220,2326,2033
2022-02,지방,소계,13018,10144,1664,1210,19755,16881,1664,1210
2022-02,지방,부산,0,0,0,0,95,95,0,0
2022-02,지방,대구,1303,1303,0,0,1363,1363,0,0
2022-02,지방,광주,1337,979,0,358,1987,1629,0,358
2022-02,지방,대전,2555,1761,145,649,2555,1761,145,649
2022-02,지방,울산,0,0,0,0,0,0,0,0
2022-02,지방,세종,2067,876,1191,0,2067,876,1191,0
2022-02,지방,강원,0,0,0,0,0,0,0,0
2022-02,지방,충북,2057,1849,208,0,3248,3040,208,0
2022-02,지방,충남,1204,1204,0,0,3709,3709,0,0
2022-02,지방,전북,120,0,120,0,120,0,120,0
2022-02,지방,전남,239,239,0,0,643,643,0,0
2022-02,지방,경북,761,761,0,0,1111,1111,0,0
2022-02,지방,경남,784,784,0,0,2266,2266,0,0
2022-02,지방,제주,591,388,0,203,591,388,0,203
2022-03,합계,합계,21041,15537,1804,3700,65274,51435,6069,7770
2022-03,수도권,소계,13522,9794,958,2770,38000,28811,3559,5630
2022-03,수도권,서울,499,459,0,40,2617,1475,275,867
2022-03,수도권,인천,4398,3990,40,368,7179,6771,40,368
2022-03,수도권,경기,8625,5345,918,2362,28204,20565,3244,4395
2022-03,지방,소계,7519,5743,846,930,27274,22624,2510,2140
2022-03,지방,부산,872,872,0,0,967,967,0,0
2022-03,지방,대구,631,631,0,0,1994,1994,0,0
2022-03,지방,광주,0,0,0,0,1987,1629,0,358
2022-03,지방,대전,195,195,0,0,2750,1956,145,649
2022-03,지방,울산,1101,509,0,592,1101,509,0,592
2022-03,지방,세종,609,0,609,0,2676,876,1800,0
2022-03,지방,강원,234,234,0,0,234,234,0,0
2022-03,지방,충북,0,0,0,0,3248,3040,208,0
2022-03,지방,충남,1090,853,237,0,4799,4562,237,0
2022-03,지방,전북,878,878,0,0,998,878,120,0
2022-03,지방,전남,613,275,0,338,1256,918,0,338
2022-03,지방,경북,255,255,0,0,1366,1366,0,0
2022-03,지방,경남,688,688,0,0,2954,2954,0,0
2022-03,지방,제주,353,353,0,0,944,741,0,203
2022-04,합계,합계,13620,11148,1544,928,78894,62583,7613,8698
2022-04,수도권,소계,4374,3491,123,760,42374,32302,3682,6390
2022-04,수도권,서울,678,572,99,7,3295,2047,374,874
2022-04,수도권,인천,469,162,24,283,7648,6933,64,651
2022-04,수도권,경기,3227,2757,0,470,31431,23322,3244,4865
2022-04,지방,소계,9246,7657,1421,168,36520,30281,3931,2308
2022-04,지방,부산,923,717,38,168,1890,1684,38,168
2022-04,지방,대구,607,607,0,0,2601,2601,0,0
2022-04,지방,광주,0,0,0,0,1987,1629,0,358
2022-04,지방,대전,799,799,0,0,3549,2755,145,649
2022-04,지방,울산,0,0,0,0,1101,509,0,592
2022-04,지방,세종,0,0,0,0,2676,876,1800,0
2022-04,지방,강원,476,476,0,0,710,710,0,0
2022-04,지방,충북,1029,1029,0,0,4277,4069,208,0
2022-04,지방,충남,299,299,0,0,5098,4861,237,0
2022-04,지방,전북,398,0,398,0,1396,878,518,0
2022-04,지방,전남,617,617,0,0,1873,1535,0,338
2022-04,지방,경북,0,0,0,0,1366,1366,0,0
2022-04,지방,경남,3618,2633,985,0,6572,5587,985,0
2022-04,지방,제주,480,480,0,0,1424,1221,0,203
2022-05,합계,합계,17358,15328,380,1650,96252,77911,7993,10348
2022-05,수도권,소계,5773,4584,166,1023,48147,36886,3848,7413
2022-05,수도권,서울,241,241,0,0,3536,2288,374,874
2022-05,수도권,인천,1321,767,26,528,8969,7700,90,1179
2022-05,수도권,경기,4211,3576,140,495,35642,26898,3384,5360
2022-05,지방,소계,11585,10744,214,627,48105,41025,4145,2935
2022-05,지방,부산,1194,1194,0,0,3084,2878,38,168
2022-05,지방,대구,824,824,0,0,3425,3425,0,0
2022-05,지방,광주,99,99,0,0,2086,1728,0,358
2022-05,지방,대전,0,0,0,0,3549,2755,145,649
2022-05,지방,울산,848,221,0,627,1949,730,0,1219
2022-05,지방,세종,0,0,0,0,2676,876,1800,0
2022-05,지방,강원,104,104,0,0,814,814,0,0
2022-05,지방,충북,1907,1907,0,0,6184,5976,208,0
2022-05,지방,충남,0,0,0,0,5098,4861,237,0
2022-05,지방,전북,0,0,0,0,1396,878,518,0
2022-05,지방,전남,2951,2737,214,0,4824,4272,214,338
2022-05,지방,경북,3602,3602,0,0,4968,4968,0,0
2022-05,지방,경남,0,0,0,0,6572,5587,985,0
2022-05,지방,제주,56,56,0,0,1480,1277,0,203
2022-06,합계,합계,20367,14799,2918,2650,116619,92710,10911,12998
2022-06,수도권,소계,7721,4704,2075,942,55868,41590,5923,8355
2022-06,수도권,서울,211,183,0,28,3747,2471,374,902
2022-06,수도권,인천,880,880,0,0,9849,8580,90,1179
2022-06,수도권,경기,6630,3641,2075,914,42272,30539,5459,6274
2022-06,지방,소계,12646,10095,843,1708,60751,51120,4988,4643
2022-06,지방,부산,2031,1254,0,777,5115,4132,38,945
2022-06,지방,대구,1107,1107,0,0,4532,4532,0,0
2022-06,지방,광주,361,78,0,283,2447,1806,0,641
2022-06,지방,대전,175,175,0,0,3724,2930,145,649
2022-06,지방,울산,0,0,0,0,1949,730,0,1219
2022-06,지방,세종,78,0,78,0,2754,876,1878,0
2022-06,지방,강원,386,197,189,0,1200,1011,189,0
2022-06,지방,충북,2700,1972,80,648,8884,7948,288,648
2022-06,지방,충남,195,195,0,0,5293,5056,237,0
2022-06,지방,전북,1616,1328,288,0,3012,2206,806,0
2022-06,지방,전남,363,243,120,0,5187,4515,334,338
2022-06,지방,경북,2681,2681,0,0,7649,7649,0,0
2022-06,지방,경남,765,765,0,0,7337,6352,985,0
2022-06,지방,제주,188,100,88,0,1668,1377,88,203
2022-07,합계,합계,26513,21631,0,4882,143132,114341,10911,17880
2022-07,수도권,소계,9537,6927,0,2610,65405,48517,5923,10965
2022-07,수도권,서울,190,190,0,0,3937,2661,374,902
2022-07,수도권,인천,4576,2023,0,2553,14425,10603,90,3732
2022-07,수도권,경기,4771,4714,0,57,47043,35253,5459,6331
2022-07,지방,소계,16976,14704,0,2272,77727,65824,4988,6915
2022-07,지방,부산,918,918,0,0,6033,5050,38,945
2022-07,지방,대구,3239,3101,0,138,7771,7633,0,138
2022-07,지방,광주,128,128,0,0,2575,1934,0,641
2022-07,지방,대전,2157,1656,0,501,5881,4586,145,1150
2022-07,지방,울산,1279,1279,0,0,3228,2009,0,1219
2022-07,지방,세종,0,0,0,0,2754,876,1878,0
2022-07,지방,강원,1225,1225,0,0,2425,2236,189,0
2022-07,지방,충북,334,149,0,185,9218,8097,288,833
2022-07,지방,충남,1210,1210,0,0,6503,6266,237,0
2022-07,지방,전북,839,839,0,0,3851,3045,806,0
2022-07,지방,전남,1427,1427,0,0,6614,5942,334,338
2022-07,지방,경북,1108,776,0,332,8757,8425,0,332
2022-07,지방,경남,2978,1862,0,1116,10315,8214,985,1116
2022-07,지방,제주,134,134,0,0,1802,1511,88,203
2022-08,합계,합계,20582,17209,1224,2149,163714,131550,12135,20029
2022-08,수도권,소계,7667,5835,882,950,73072,54352,6805,11915
2022-08,수도권,서울,602,231,0,371,4539,2892,374,1273
2022-08,수도권,인천,1571,1436,0,135,15996,12039,90,3867
2022-08,수도권,경기,5494,4168,882,444,52537,39421,6341,6775
2022-08,지방,소계,12915,11374,342,1199,90642,77198,5330,8114
2022-08,지방,부산,459,459,0,0,6492,5509,38,945
2022-08,지방,대구,729,676,0,53,8500,8309,0,191
2022-08,지방,광주,741,161,0,580,3316,2095,0,1221
2022-08,지방,대전,0,0,0,0,5881,4586,145,1150
2022-08,지방,울산,1137,1137,0,0,4365,3146,0,1219
2022-08,지방,세종,210,0,210,0,2964,876,2088,0
2022-08,지방,강원,2142,1927,0,215,4567,4163,189,215
2022-08,지방,충북,1757,1757,0,0,10975,9854,288,833
2022-08,지방,충남,1802,1802,0,0,8305,8068,237,0
2022-08,지방,전북,1667,1316,0,351,5518,4361,806,351
2022-08,지방,전남,409,341,68,0,7023,6283,402,338
2022-08,지방,경북,310,310,0,0,9067,8735,0,332
2022-08,지방,경남,798,734,64,0,11113,8948,1049,1116
2022-08,지방,제주,754,754,0,0,2556,2265,88,203
2022-09,합계,합계,24503,16460,3417,4626,188217,148010,15552,24655
2022-09,수도권,소계,7190,3995,1593,1602,80262,58347,8398,13517
2022-09,수도권,서울,41,41,0,0,4580,2933,374,1273
2022-09,수도권,인천,2588,2078,510,0,18584,14117,600,3867
2022-09,수도권,경기,4561,1876,1083,1602,57098,41297,7424,8377
2022-09,지방,소계,17313,12465,1824,3024,107955,89663,7154,11138
2022-09,지방,부산,2360,1246,115,999,8852,6755,153,1944
2022-09,지방,대구,2385,563,0,1822,10885,8872,0,2013
2022-09,지방,광주,0,0,0,0,3316,2095,0,1221
2022-09,지방,대전,0,0,0,0,5881,4586,145,1150
2022-09,지방,울산,0,0,0,0,4365,3146,0,1219
2022-09,지방,세종,0,0,0,0,2964,876,2088,0
2022-09,지방,강원,987,552,435,0,5554,4715,624,215
2022-09,지방,충북,3301,2549,752,0,14276,12403,1040,833
2022-09,지방,충남,316,316,0,0,8621,8384,237,0
2022-09,지방,전북,1004,704,300,0,6522,5065,1106,351
2022-09,지방,전남,2154,2154,0,0,9177,8437,402,338
2022-09,지방,경북,1298,1298,0,0,10365,10033,0,332
2022-09,지방,경남,3392,2967,222,203,14505,11915,1271,1319
2022-09,지방,제주,116,116,0,0,2672,2381,88,203
2022-10,합계,합계,35528,28645,5804,1079,223745,176655,21356,25734
2022-10,수도권,소계,14572,11123,3006,443,94834,69470,11404,13960
2022-10,수도권,서울,0,0,0,0,4580,2933,374,1273
2022-10,수도권,인천,2972,2062,910,0,21556,16179,1510,3867
2022-10,수도권,경기,11600,9061,2096,443,68698,50358,9520,8820
2022-10,지방,소계,20956,17522,2798,636,128911,107185,9952,11774
2022-10,지방,부산,1052,1052,0,0,9904,7807,153,1944
2022-10,지방,대구,2245,1695,148,402,13130,10567,148,2415
2022-10,지방,광주,304,131,0,173,3620,2226,0,1394
2022-10,지방,대전,2783,2247,536,0,8664,6833,681,1150
2022-10,지방,울산,746,746,0,0,5111,3892,0,1219
2022-10,지방,세종,0,0,0,0,2964,876,2088,0
2022-10,지방,강원,811,811,0,0,6365,5526,624,215
2022-10,지방,충북,1019,1019,0,0,15295,13422,1040,833
2022-10,지방,충남,8591,6885,1706,0,17212,15269,1943,0
2022-10,지방,전북,2262,1854,408,0,8784,6919,1514,351
2022-10,지방,전남,244,244,0,0,9421,8681,402,338
2022-10,지방,경북,745,745,0,0,11110,10778,0,332
2022-10,지방,경남,0,0,0,0,14505,11915,1271,1319
2022-10,지방,제주,154,93,0,61,2826,2474,88,264
2022-11,합계,합계,36896,25562,2086,9248,260641,202217,23442,34982
2022-11,수도권,소계,24102,14520,1900,7682,118936,83990,13304,21642
2022-11,수도권,서울,16262,6830,1750,7682,20842,9763,2124,8955
2022-11,수도권,인천,0,0,0,0,21556,16179,1510,3867
2022-11,수도권,경기,7840,7690,150,0,76538,58048,9670,8820
2022-11,지방,소계,12794,11042,186,1566,141705,118227,10138,13340
2022-11,지방,부산,0,0,0,0,9904,7807,153,1944
2022-11,지방,대구,480,105,0,375,13610,10672,148,2790
2022-11,지방,광주,409,382,27,0,4029,2608,27,1394
2022-11,지방,대전,4237,3409,0,828,12901,10242,681,1978
2022-11,지방,울산,711,711,0,0,5822,4603,0,1219
2022-11,지방,세종,0,0,0,0,2964,876,2088,0
2022-11,지방,강원,1308,1308,0,0,7673,6834,624,215
2022-11,지방,충북,0,0,0,0,15295,13422,1040,833
2022-11,지방,충남,2425,2425,0,0,19637,17694,1943,0
2022-11,지방,전북,633,633,0,0,9417,7552,1514,351
2022-11,지방,전남,232,232,0,0,9653,8913,402,338
2022-11,지방,경북,428,428,0,0,11538,11206,0,332
2022-11,지방,경남,1795,1273,159,363,16300,13188,1430,1682
2022-11,지방,제주,136,136,0,0,2962,2610,88,264
2022-12,합계,합계,26983,15037,4081,7865,287624,217254,27523,42847
2022-12,수도권,소계,16997,6704,3398,6895,135933,90694,16702,28537
2022-12,수도권,서울,2722,272,259,2191,23564,10035,2383,11146
2022-12,수도권,인천,1687,1284,148,255,23243,17463,1658,4122
2022-12,수도권,경기,12588,5148,2991,4449,89126,63196,12661,13269
2022-12,지방,소계,9986,8333,683,970,151691,126560,10821,14310
2022-12,지방,부산,913,116,0,797,10817,7923,153,2741
2022-12,지방,대구,481,481,0,0,14091,11153,148,2790
2022-12,지방,광주,0,0,0,0,4029,2608,27,1394
2022-12,지방,대전,851,851,0,0,13752,11093,681,1978
2022-12,지방,울산,631,631,0,0,6453,5234,0,1219
2022-12,지방,세종,256,190,0,66,3220,1066,2088,66
2022-12,지방,강원,610,610,0,0,8283,7444,624,215
2022-12,지방,충북,928,652,169,107,16223,14074,1209,940
2022-12,지방,충남,999,999,0,0,20636,18693,1943,0
2022-12,지방,전북,0,0,0,0,9417,7552,1514,351
2022-12,지방,전남,56,0,56,0,9709,8913,458,338
2022-12,지방,경북,1455,1455,0,0,12993,12661,0,332
2022-12,지방,경남,2729,2271,458,0,19029,15459,1888,1682
2022-12,지방,제주,77,77,0,0,3039,2687,88,264
2023-01,합계,합계,1852,1728,16,108,1852,1728,16,108
2023-01,수도권,소계,1027,903,16,108,1027,903,16,108
2023-01,수도권,서울,96,80,16,0,96,80,16,0
2023-01,수도권,인천,218,110,0,108,218,110,0,108
2023-01,수도권,경기,713,713,0,0,713,713,0,0
2023-01,지방,소계,825,825,0,0,825,825,0,0
2023-01,지방,부산,0,0,0,0,0,0,0,0
2023-01,지방,대구,0,0,0,0,0,0,0,0
2023-01,지방,광주,0,0,0,0,0,0,0,0
2023-01,지방,대전,0,0,0,0,0,0,0,0
2023-01,지방,울산,0,0,0,0,0,0,0,0
2023-01,지방,세종,0,0,0,0,0,0,0,0
2023-01,지방,강원,0,0,0,0,0,0,0,0
2023-01,지방,충북,0,0,0,0,0,0,0,0
2023-01,지방,충남,80,80,0,0,80,80,0,0
2023-01,지방,전북,745,745,0,0,745,745,0,0
2023-01,지방,전남,0,0,0,0,0,0,0,0
2023-01,지방,경북,0,0,0,0,0,0,0,0
2023-01,지방,경남,0,0,0,0,0,0,0,0
2023-01,지방,제주,0,0,0,0,0,0,0,0
2023-02,합계,합계,9093,6362,734,1997,10945,8090,750,2105
2023-02,수도권,소계,6975,4396,734,1845,8002,5299,750,1953
2023-02,수도권,서울,1595,775,236,584,1691,855,252,584
2023-02,수도권,인천,1424,770,336,318,1642,880,336,426
2023-02,수도권,경기,3956,2851,162,943,4669,3564,162,943
2023-02,지방,소계,2118,1966,0,152,2943,2791,0,152
2023-02,지방,부산,886,886,0,0,886,886,0,0
2023-02,지방,대구,0,0,0,0,0,0,0,0
2023-02,지방,광주,191,191,0,0,191,191,0,0
2023-02,지방,대전,0,0,0,0,0,0,0,0
2023-02,지방,울산,0,0,0,0,0,0,0,0
2023-02,지방,세종,0,0,0,0,0,0,0,0
2023-02,지방,강원,0,0,0,0,0,0,0,0
2023-02,지방,충북,715,715,0,0,715,715,0,0
2023-02,지방,충남,0,0,0,0,80,80,0,0
2023-02,지방,전북,0,0,0,0,745,745,0,0
2023-02,지방,전남,224,72,0,152,224,72,0,152
2023-02,지방,경북,0,0,0,0,0,0,0,0
2023-02,지방,경남,0,0,0,0,0,0,0,0
2023-02,지방,제주,102,102,0,0,102,102,0,0
2023-03,합계,합계,13269,9195,1393,2681,24214,17285,2143,4786
2023-03,수도권,소계,6648,4701,433,1514,14650,10000,1183,3467
2023-03,수도권,서울,1806,700,433,673,3497,1555,685,1257
2023-03,수도권,인천,1292,1292,0,0,2934,2172,336,426
2023-03,수도권,경기,3550,2709,0,841,8219,6273,162,1784
2023-03,지방,소계,6621,4494,960,1167,9564,7285,960,1319
2023-03,지방,부산,3399,2384,214,801,4285,3270,214,801
2023-03,지방,대구,0,0,0,0,0,0,0,0
2023-03,지방,광주,1459,1093,0,366,1650,1284,0,366
2023-03,지방,대전,0,0,0,0,0,0,0,0
2023-03,지방,울산,0,0,0,0,0,0,0,0
2023-03,지방,세종,0,0,0,0,0,0,0,0
2023-03,지방,강원,0,0,0,0,0,0,0,0
2023-03,지방,충북,200,200,0,0,915,915,0,0
2023-03,지방,충남,0,0,0,0,80,80,0,0
2023-03,지방,전북,857,707,150,0,1602,1452,150,0
2023-03,지방,전남,0,0,0,0,224,72,0,152
2023-03,지방,경북,0,0,0,0,0,0,0,0
2023-03,지방,경남,642,46,596,0,642,46,596,0
2023-03,지방,제주,64,64,0,0,166,166,0,0
2023-04,합계,합계,15017,11754,251,3012,39231,29039,2394,7798
2023-04,수도권,소계,9556,6705,251,2600,24206,16705,1434,6067
2023-04,수도권,서울,298,264,34,0,3795,1819,719,1257
2023-04,수도권,인천,625,625,0,0,3559,2797,336,426
2023-04,수도권,경기,8633,5816,217,2600,16852,12089,379,4384
2023-04,지방,소계,5461,5049,0,412,15025,12334,960,1731
2023-04,지방,부산,1835,1423,0,412,6120,4693,214,1213
2023-04,지방,대구,0,0,0,0,0,0,0,0
2023-04,지방,광주,57,57,0,0,1707,1341,0,366
2023-04,지방,대전,0,0,0,0,0,0,0,0
2023-04,지방,울산,0,0,0,0,0,0,0,0
2023-04,지방,세종,0,0,0,0,0,0,0,0
2023-04,지방,강원,0,0,0,0,0,0,0,0
2023-04,지방,충북,2876,2876,0,0,3791,3791,0,0
2023-04,지방,충남,60,60,0,0,140,140,0,0
2023-04,지방,전북,633,633,0,0,2235,2085,150,0
2023-04,지방,전남,0,0,0,0,224,72,0,152
2023-04,지방,경북,0,0,0,0,0,0,0,0
2023-04,지방,경남,0,0,0,0,642,46,596,0
2023-04,지방,제주,0,0,0,0,166,166,0,0
2023-05,합계,합계,7439,4968,698,1773,46670,34007,3092,9571
2023-05,수도권,소계,4348,2327,248,1773,28554,19032,1682,7840
2023-05,수도권,서울,707,327,46,334,4502,2146,765,1591
2023-05,수도권,인천,97,50,24,23,3656,2847,360,449
2023-05,수도권,경기,3544,1950,178,1416,20396,14039,557,5800
2023-05,지방,소계,3091,2641,450,0,18116,14975,1410,1731
2023-05,지방,부산,972,972,0,0,7092,5665,214,1213
2023-05,지방,대구,34,34,0,0,34,34,0,0
2023-05,지방,광주,903,903,0,0,2610,2244,0,366
2023-05,지방,대전,0,0,0,0,0,0,0,0
2023-05,지방,울산,193,193,0,0,193,193,0,0
2023-05,지방,세종,450,0,450,0,450,0,450,0
2023-05,지방,강원,0,0,0,0,0,0,0,0
2023-05,지방,충북,0,0,0,0,3791,3791,0,0
2023-05,지방,충남,358,358,0,0,498,498,0,0
2023-05,지방,전북,0,0,0,0,2235,2085,150,0
2023-05,지방,전남,0,0,0,0,224,72,0,152
2023-05,지방,경북,0,0,0,0,0,0,0,0
2023-05,지방,경남,45,45,0,0,687,91,596,0
2023-05,지방,제주,136,136,0,0,302,302,0,0
2023-06,합계,합계,19777,15609,670,3498,66447,49616,3762,13069
2023-06,수도권,소계,8090,6935,364,791,36644,25967,2046,8631
2023-06,수도권,서울,1366,389,232,745,5868,2535,997,2336
2023-06,수도권,인천,856,856,0,0,4512,3703,360,449
2023-06,수도권,경기,5868,5690,132,46,26264,19729,689,5846
2023-06,지방,소계,11687,8674,306,2707,29803,23649,1716,4438
2023-06,지방,부산,5230,3072,238,1920,12322,8737,452,3133
2023-06,지방,대구,0,0,0,0,34,34,0,0
2023-06,지방,광주,1632,777,68,787,4242,3021,68,1153
2023-06,지방,대전,60,60,0,0,60,60,0,0
2023-06,지방,울산,352,352,0,0,545,545,0,0
2023-06,지방,세종,56,56,0,0,506,56,450,0
2023-06,지방,강원,1152,1152,0,0,1152,1152,0,0
2023-06,지방,충북,933,933,0,0,4724,4724,0,0
2023-06,지방,충남,1847,1847,0,0,2345,2345,0,0
2023-06,지방,전북,0,0,0,0,2235,2085,150,0
2023-06,지방,전남,0,0,0,0,224,72,0,152
2023-06,지방,경북,0,0,0,0,0,0,0,0
2023-06,지방,경남,0,0,0,0,687,91,596,0
2023-06,지방,제주,425,425,0,0,727,727,0,0
2023-07,합계,합계,13184,10038,1315,1831,79631,59654,5077,14900
2023-07,수도권,소계,8048,5183,1195,1670,44692,31150,3241,10301
2023-07,수도권,서울,1213,753,440,20,7081,3288,1437,2356
2023-07,수도권,인천,1932,1620,89,223,6444,5323,449,672
2023-07,수도권,경기,4903,2810,666,1427,31167,22539,1355,7273
2023-07,지방,소계,5136,4855,120,161,34939,28504,1836,4599
2023-07,지방,부산,68,68,0,0,12390,8805,452,3133
2023-07,지방,대구,0,0,0,0,34,34,0,0
2023-07,지방,광주,0,0,0,0,4242,3021,68,1153
2023-07,지방,대전,224,63,0,161,284,123,0,161
2023-07,지방,울산,0,0,0,0,545,545,0,0
2023-07,지방,세종,0,0,0,0,506,56,450,0
2023-07,지방,강원,3239,3119,120,0,4391,4271,120,0
2023-07,지방,충북,0,0,0,0,4724,4724,0,0
2023-07,지방,충남,0,0,0,0,2345,2345,0,0
2023-07,지방,전북,268,268,0,0,2503,2353,150,0
2023-07,지방,전남,0,0,0,0,224,72,0,152
2023-07,지방,경북,67,67,0,0,67,67,0,0
2023-07,지방,경남,1270,1270,0,0,1957,1361,596,0
2023-07,지방,제주,0,0,0,0,727,727,0,0
2023-08,합계,합계,14818,8366,750,5702,94449,68020,5827,20602
2023-08,수도권,소계,7434,3394,680,3360,52126,34544,3921,13661
2023-08,수도권,서울,4675,2111,680,1884,11756,5399,2117,4240
2023-08,수도권,인천,0,0,0,0,6444,5323,449,672
2023-08,수도권,경기,2759,1283,0,1476,33926,23822,1355,8749
2023-08,지방,소계,7384,4972,70,2342,42323,33476,1906,6941
2023-08,지방,부산,91,91,0,0,12481,8896,452,3133
2023-08,지방,대구,0,0,0,0,34,34,0,0
2023-08,지방,광주,2739,948,70,1721,6981,3969,138,2874
2023-08,지방,대전,1974,1353,0,621,2258,1476,0,782
2023-08,지방,울산,0,0,0,0,545,545,0,0
2023-08,지방,세종,0,0,0,0,506,56,450,0
2023-08,지방,강원,0,0,0,0,4391,4271,120,0
2023-08,지방,충북,0,0,0,0,4724,4724,0,0
2023-08,지방,충남,0,0,0,0,2345,2345,0,0
2023-08,지방,전북,333,333,0,0,2836,2686,150,0
2023-08,지방,전남,1520,1520,0,0,1744,1592,0,152
2023-08,지방,경북,0,0,0,0,67,67,0,0
2023-08,지방,경남,523,523,0,0,2480,1884,596,0
2023-08,지방,제주,204,204,0,0,931,931,0,0
2023-09,합계,합계,14261,10583,1702,1976,108710,78603,7529,22578
2023-09,수도권,소계,7362,5071,1308,983,59488,39615,5229,14644
2023-09,수도권,서울,1586,373,258,955,13342,5772,2375,5195
2023-09,수도권,인천,3301,3301,0,0,9745,8624,449,672
2023-09,수도권,경기,2475,1397,1050,28,36401,25219,2405,8777
2023-09,지방,소계,6899,5512,394,993,49222,38988,2300,7934
2023-09,지방,부산,1488,495,0,993,13969,9391,452,4126
2023-09,지방,대구,0,0,0,0,34,34,0,0
2023-09,지방,광주,1872,1798,74,0,8853,5767,212,2874
2023-09,지방,대전,0,0,0,0,2258,1476,0,782
2023-09,지방,울산,0,0,0,0,545,545,0,0
2023-09,지방,세종,0,0,0,0,506,56,450,0
2023-09,지방,강원,727,527,200,0,5118,4798,320,0
2023-09,지방,충북,644,644,0,0,5368,5368,0,0
2023-09,지방,충남,0,0,0,0,2345,2345,0,0
2023-09,지방,전북,0,0,0,0,2836,2686,150,0
2023-09,지방,전남,1965,1845,120,0,3709,3437,120,152
2023-09,지방,경북,0,0,0,0,67,67,0,0
2023-09,지방,경남,0,0,0,0,2480,1884,596,0
2023-09,지방,제주,203,203,0,0,1134,1134,0,0
2023-10,합계,합계,33407,22163,4528,6716,142117,100766,12057,29294
2023-10,수도권,소계,23665,13117,4016,6532,83153,52732,9245,21176
2023-10,수도권,서울,6262,2105,1946,2211,19604,7877,4321,7406
2023-10,수도권,인천,781,781,0,0,10526,9405,449,672
2023-10,수도권,경기,16622,10231,2070,4321,53023,35450,4475,13098
2023-10,지방,소계,9742,9046,512,184,58964,48034,2812,8118
2023-10,지방,부산,1067,1067,0,0,15036,10458,452,4126
2023-10,지방,대구,0,0,0,0,34,34,0,0
2023-10,지방,광주,0,0,0,0,8853,5767,212,2874
2023-10,지방,대전,660,528,132,0,2918,2004,132,782
2023-10,지방,울산,1430,1430,0,0,1975,1975,0,0
2023-10,지방,세종,0,0,0,0,506,56,450,0
2023-10,지방,강원,2023,1649,190,184,7141,6447,510,184
2023-10,지방,충북,70,0,70,0,5438,5368,70,0
2023-10,지방,충남,2059,2059,0,0,4404,4404,0,0
2023-10,지방,전북,1048,928,120,0,3884,3614,270,0
2023-10,지방,전남,0,0,0,0,3709,3437,120,152
2023-10,지방,경북,1385,1385,0,0,1452,1452,0,0
2023-10,지방,경남,0,0,0,0,2480,1884,596,0
2023-10,지방,제주,0,0,0,0,1134,1134,0,0
2023-11,합계,합계,21392,17334,1753,2305,163509,118100,13810,31599
2023-11,수도권,소계,10466,7918,1287,1261,93619,60650,10532,22437
2023-11,수도권,서울,1665,531,121,1013,21269,8408,4442,8419
2023-11,수도권,인천,3595,3308,39,248,14121,12713,488,920
2023-11,수도권,경기,5206,4079,1127,0,58229,39529,5602,13098
2023-11,지방,소계,10926,9416,466,1044,69890,57450,3278,9162
2023-11,지방,부산,5267,4007,414,846,20303,14465,866,4972
2023-11,지방,대구,0,0,0,0,34,34,0,0
2023-11,지방,광주,0,0,0,0,8853,5767,212,2874
2023-11,지방,대전,818,568,52,198,3736,2572,184,980
2023-11,지방,울산,0,0,0,0,1975,1975,0,0
2023-11,지방,세종,0,0,0,0,506,56,450,0
2023-11,지방,강원,1104,1104,0,0,8245,7551,510,184
2023-11,지방,충북,2157,2157,0,0,7595,7525,70,0
2023-11,지방,충남,410,410,0,0,4814,4814,0,0
2023-11,지방,전북,129,129,0,0,4013,3743,270,0
2023-11,지방,전남,0,0,0,0,3709,3437,120,152
2023-11,지방,경북,820,820,0,0,2272,2272,0,0
2023-11,지방,경남,221,221,0,0,2701,2105,596,0
2023-11,지방,제주,0,0,0,0,1134,1134,0,0
2023-12,합계,합계,28916,20436,2707,5773,192425,138536,16517,37372
2023-12,수도권,소계,20390,13684,1899,4807,114009,74334,12431,27244
2023-12,수도권,서울,2261,996,697,568,23530,9404,5139,8987
2023-12,수도권,인천,2948,2068,202,678,17069,14781,690,1598
2023-12,수도권,경기,15181,10620,1000,3561,73410,50149,6602,16659
2023-12,지방,소계,8526,6752,808,966,78416,64202,4086,10128
2023-12,지방,부산,1084,378,0,706,21387,14843,866,5678
2023-12,지방,대구,0,0,0,0,34,34,0,0
2023-12,지방,광주,380,380,0,0,9233,6147,212,2874
2023-12,지방,대전,358,358,0,0,4094,2930,184,980
2023-12,지방,울산,705,445,0,260,2680,2420,0,260
2023-12,지방,세종,151,0,151,0,657,56,601,0
2023-12,지방,강원,228,228,0,0,8473,7779,510,184
2023-12,지방,충북,800,800,0,0,8395,8325,70,0
2023-12,지방,충남,2621,2561,60,0,7435,7375,60,0
2023-12,지방,전북,320,0,320,0,4333,3743,590,0
2023-12,지방,전남,0,0,0,0,3709,3437,120,152
2023-12,지방,경북,1100,823,277,0,3372,3095,277,0
2023-12,지방,경남,707,707,0,0,3408,2812,596,0
2023-12,지방,제주,72,72,0,0,1206,1206,0,0
2024-01,합계,합계,13830,9001,307,4522,13830,9001,307,4522
2024-01,수도권,소계,7906,3533,307,4066,7906,3533,307,4066
2024-01,수도권,서울,3435,290,195,2950,3435,290,195,2950
2024-01,수도권,인천,1144,1144,0,0,1144,1144,0,0
2024-01,수도권,경기,3327,2099,112,1116,3327,2099,112,1116
2024-01,지방,소계,5924,5468,0,456,5924,5468,0,456
2024-01,지방,부산,538,538,0,0,538,538,0,0
2024-01,지방,대구,0,0,0,0,0,0,0,0
2024-01,지방,광주,2064,1608,0,456,2064,1608,0,456
2024-01,지방,대전,0,0,0,0,0,0,0,0
2024-01,지방,울산,192,192,0,0,192,192,0,0
2024-01,지방,세종,0,0,0,0,0,0,0,0
2024-01,지방,강원,448,448,0,0,448,448,0,0
2024-01,지방,충북,0,0,0,0,0,0,0,0
2024-01,지방,충남,742,742,0,0,742,742,0,0
2024-01,지방,전북,92,92,0,0,92,92,0,0
2024-01,지방,전남,180,180,0,0,180,180,0,0
2024-01,지방,경북,1668,1668,0,0,1668,1668,0,0
2024-01,지방,경남,0,0,0,0,0,0,0,0
2024-01,지방,제주,0,0,0,0,0,0,0,0
2024-02,합계,합계,26094,20946,451,4697,39924,29947,758,9219
2024-02,수도권,소계,12059,9809,0,2250,19965,13342,307,6316
2024-02,수도권,서울,829,240,0,589,4264,530,195,3539
2024-02,수도권,인천,3460,3460,0,0,4604,4604,0,0
2024-02,수도권,경기,7770,6109,0,1661,11097,8208,112,2777
2024-02,지방,소계,14035,11137,451,2447,19959,16605,451,2903
2024-02,지방,부산,1194,508,0,686,1732,1046,0,686
2024-02,지방,대구,240,240,0,0,240,240,0,0
2024-02,지방,광주,3839,3483,101,255,5903,5091,101,711
2024-02,지방,대전,1213,776,61,376,1213,776,61,376
2024-02,지방,울산,892,892,0,0,1084,1084,0,0
2024-02,지방,세종,0,0,0,0,0,0,0,0
2024-02,지방,강원,0,0,0,0,448,448,0,0
2024-02,지방,충북,2330,1675,118,537,2330,1675,118,537
2024-02,지방,충남,1290,1290,0,0,2032,2032,0,0
2024-02,지방,전북,1914,1225,96,593,2006,1317,96,593
2024-02,지방,전남,0,0,0,0,180,180,0,0
2024-02,지방,경북,123,123,0,0,1791,1791,0,0
2024-02,지방,경남,232,232,0,0,232,232,0,0
2024-02,지방,제주,768,693,75,0,768,693,75,0
2024-03,합계,합계,2764,1003,1272,489,42688,30950,2030,9708
2024-03,수도권,소계,797,365,432,0,20762,13707,739,6316
2024-03,수도권,서울,477,45,432,0,4741,575,627,3539
2024-03,수도권,인천,0,0,0,0,4604,4604,0,0
2024-03,수도권,경기,320,320,0,0,11417,8528,112,2777
2024-03,지방,소계,1967,638,840,489,21926,17243,1291,3392
2024-03,지방,부산,0,0,0,0,1732,1046,0,686
2024-03,지방,대구,418,143,0,275,658,383,0,275
2024-03,지방,광주,0,0,0,0,5903,5091,101,711
2024-03,지방,대전,749,495,40,214,1962,1271,101,590
2024-03,지방,울산,800,0,800,0,1884,1084,800,0
2024-03,지방,세종,0,0,0,0,0,0,0,0
2024-03,지방,강원,0,0,0,0,448,448,0,0
2024-03,지방,충북,0,0,0,0,2330,1675,118,537
2024-03,지방,충남,0,0,0,0,2032,2032,0,0
2024-03,지방,전북,0,0,0,0,2006,1317,96,593
2024-03,지방,전남,0,0,0,0,180,180,0,0
2024-03,지방,경북,0,0,0,0,1791,1791,0,0
2024-03,지방,경남,0,0,0,0,232,232,0,0
2024-03,지방,제주,0,0,0,0,768,693,75,0
2024-04,합계,합계,27973,19712,2373,5888,70661,50662,4403,15596
2024-04,수도권,소계,8113,4901,1080,2132,28875,18608,1819,8448
2024-04,수도권,서울,295,114,0,181,5036,689,627,3720
2024-04,수도권,인천,2587,1833,198,556,7191,6437,198,556
2024-04,수도권,경기,5231,2954,882,1395,16648,11482,994,4172
2024-04,지방,소계,19860,14811,1293,3756,41786,32054,2584,7148
2024-04,지방,부산,2452,2160,0,292,4184,3206,0,978
2024-04,지방,대구,438,337,101,0,1096,720,101,275
2024-04,지방,광주,5986,3556,408,2022,11889,8647,509,2733
2024-04,지방,대전,2308,1769,105,434,4270,3040,206,1024
2024-04,지방,울산,2033,1073,104,856,3917,2157,904,856
2024-04,지방,세종,0,0,0,0,0,0,0,0
2024-04,지방,강원,1602,1273,177,152,2050,1721,177,152
2024-04,지방,충북,154,0,154,0,2484,1675,272,537
2024-04,지방,충남,2297,2133,164,0,4329,4165,164,0
2024-04,지방,전북,1239,1159,80,0,3245,2476,176,593
2024-04,지방,전남,1317,1317,0,0,1497,1497,0,0
2024-04,지방,경북,0,0,0,0,1791,1791,0,0
2024-04,지방,경남,34,34,0,0,266,266,0,0
2024-04,지방,제주,0,0,0,0,768,693,75,0
2024-05,합계,합계,20179,15525,1639,3015,90840,66187,6042,18611
2024-05,수도권,소계,8562,6162,1367,1033,37437,24770,3186,9481
2024-05,수도권,서울,1042,477,180,385,6078,1166,807,4105
2024-05,수도권,인천,855,0,855,0,8046,6437,1053,556
2024-05,수도권,경기,6665,5685,332,648,23313,17167,1326,4820
2024-05,지방,소계,11617,9363,272,1982,53403,41417,2856,9130
2024-05,지방,부산,2818,1932,52,834,7002,5138,52,1812
2024-05,지방,대구,1471,1138,101,232,2567,1858,202,507
2024-05,지방,광주,0,0,0,0,11889,8647,509,2733
2024-05,지방,대전,1821,1381,119,321,6091,4421,325,1345
2024-05,지방,울산,1014,679,0,335,4931,2836,904,1191
2024-05,지방,세종,0,0,0,0,0,0,0,0
2024-05,지방,강원,1024,1024,0,0,3074,2745,177,152
2024-05,지방,충북,0,0,0,0,2484,1675,272,537
2024-05,지방,충남,823,823,0,0,5152,4988,164,0
2024-05,지방,전북,1092,832,0,260,4337,3308,176,853
2024-05,지방,전남,0,0,0,0,1497,1497,0,0
2024-05,지방,경북,0,0,0,0,1791,1791,0,0
2024-05,지방,경남,1554,1554,0,0,1820,1820,0,0
2024-05,지방,제주,0,0,0,0,768,693,75,0
2024-06,합계,합계,21655,14089,2839,4727,112495,80276,8881,23338
2024-06,수도권,소계,12763,8135,1256,3372,50200,32905,4442,12853
2024-06,수도권,서울,2153,662,835,656,8231,1828,1642,4761
2024-06,수도권,인천,378,342,0,36,8424,6779,1053,592
2024-06,수도권,경기,10232,7131,421,2680,33545,24298,1747,7500
2024-06,지방,소계,8892,5954,1583,1355,62295,47371,4439,10485
2024-06,지방,부산,2303,1864,66,373,9305,7002,118,2185
2024-06,지방,대구,0,0,0,0,2567,1858,202,507
2024-06,지방,광주,226,226,0,0,12115,8873,509,2733
2024-06,지방,대전,745,334,0,411,6836,4755,325,1756
2024-06,지방,울산,1176,212,701,263,6107,3048,1605,1454
2024-06,지방,세종,416,0,416,0,416,0,416,0
2024-06,지방,강원,439,439,0,0,3513,3184,177,152
2024-06,지방,충북,1743,1743,0,0,4227,3418,272,537
2024-06,지방,충남,0,0,0,0,5152,4988,164,0
2024-06,지방,전북,0,0,0,0,4337,3308,176,853
2024-06,지방,전남,1760,1052,400,308,3257,2549,400,308
2024-06,지방,경북,84,84,0,0,1875,1875,0,0
2024-06,지방,경남,0,0,0,0,1820,1820,0,0
2024-06,지방,제주,0,0,0,0,768,693,75,0
2024-07,합계,합계,12981,10436,1430,1115,125476,90712,10311,24453
2024-07,수도권,소계,6973,5487,413,1073,57173,38392,4855,13926
2024-07,수도권,서울,2956,1470,413,1073,11187,3298,2055,5834
2024-07,수도권,인천,2673,2673,0,0,11097,9452,1053,592
2024-07,수도권,경기,1344,1344,0,0,34889,25642,1747,7500
2024-07,지방,소계,6008,4949,1017,42,68303,52320,5456,10527
2024-07,지방,부산,0,0,0,0,9305,7002,118,2185
2024-07,지방,대구,0,0,0,0,2567,1858,202,507
2024-07,지방,광주,0,0,0,0,12115,8873,509,2733
2024-07,지방,대전,4075,3247,828,0,10911,8002,1153,1756
2024-07,지방,울산,0,0,0,0,6107,3048,1605,1454
2024-07,지방,세종,159,0,159,0,575,0,575,0
2024-07,지방,강원,830,758,30,42,4343,3942,207,194
2024-07,지방,충북,0,0,0,0,4227,3418,272,537
2024-07,지방,충남,0,0,0,0,5152,4988,164,0
2024-07,지방,전북,275,275,0,0,4612,3583,176,853
2024-07,지방,전남,0,0,0,0,3257,2549,400,308
2024-07,지방,경북,631,631,0,0,2506,2506,0,0
2024-07,지방,경남,38,38,0,0,1858,1858,0,0
2024-07,지방,제주,0,0,0,0,768,693,75,0
2024-08,합계,합계,16077,10836,912,4329,141553,101548,11223,28782
2024-08,수도권,소계,11710,7522,496,3692,68883,45914,5351,17618
2024-08,수도권,서울,4455,1775,496,2184,15642,5073,2551,8018
2024-08,수도권,인천,722,722,0,0,11819,10174,1053,592
2024-08,수도권,경기,6533,5025,0,1508,41422,30667,1747,9008
2024-08,지방,소계,4367,3314,416,637,72670,55634,5872,11164
2024-08,지방,부산,0,0,0,0,9305,7002,118,2185
2024-08,지방,대구,0,0,0,0,2567,1858,202,507
2024-08,지방,광주,414,69,0,345,12529,8942,509,3078
2024-08,지방,대전,0,0,0,0,10911,8002,1153,1756
2024-08,지방,울산,803,803,0,0,6910,3851,1605,1454
2024-08,지방,세종,238,0,238,0,813,0,813,0
2024-08,지방,강원,0,0,0,0,4343,3942,207,194
2024-08,지방,충북,0,0,0,0,4227,3418,272,537
2024-08,지방,충남,438,438,0,0,5590,5426,164,0
2024-08,지방,전북,0,0,0,0,4612,3583,176,853
2024-08,지방,전남,0,0,0,0,3257,2549,400,308
2024-08,지방,경북,0,0,0,0,2506,2506,0,0
2024-08,지방,경남,1036,744,0,292,2894,2602,0,292
2024-08,지방,제주,1438,1260,178,0,2206,1953,253,0
2024-09,합계,합계,20404,13368,1026,6010,161957,114916,12249,34792
2024-09,수도권,소계,14518,9817,840,3861,83401,55731,6191,21479
2024-09,수도권,서울,2165,687,216,1262,17807,5760,2767,9280
2024-09,수도권,인천,2840,2840,0,0,14659,13014,1053,592
2024-09,수도권,경기,9513,6290,624,2599,50935,36957,2371,11607
2024-09,지방,소계,5886,3551,186,2149,78556,59185,6058,13313
2024-09,지방,부산,2138,1155,64,919,11443,8157,182,3104
2024-09,지방,대구,1758,1112,90,556,4325,2970,292,1063
2024-09,지방,광주,0,0,0,0,12529,8942,509,3078
2024-09,지방,대전,0,0,0,0,10911,8002,1153,1756
2024-09,지방,울산,0,0,0,0,6910,3851,1605,1454
2024-09,지방,세종,0,0,0,0,813,0,813,0
2024-09,지방,강원,1021,1021,0,0,5364,4963,207,194
2024-09,지방,충북,969,263,32,674,5196,3681,304,1211
2024-09,지방,충남,0,0,0,0,5590,5426,164,0
2024-09,지방,전북,0,0,0,0,4612,3583,176,853
2024-09,지방,전남,0,0,0,0,3257,2549,400,308
2024-09,지방,경북,0,0,0,0,2506,2506,0,0
2024-09,지방,경남,0,0,0,0,2894,2602,0,292
2024-09,지방,제주,0,0,0,0,2206,1953,253,0
2024-10,합계,합계,20416,15114,1564,3738,182373,130030,13813,38530
2024-10,수도권,소계,16074,12110,567,3397,99475,67841,6758,24876
2024-10,수도권,서울,2771,682,352,1737,20578,6442,3119,11017
2024-10,수도권,인천,2443,2084,18,341,17102,15098,1071,933
2024-10,수도권,경기,10860,9344,197,1319,61795,46301,2568,12926
2024-10,지방,소계,4342,3004,997,341,82898,62189,7055,13654
2024-10,지방,부산,309,309,0,0,11752,8466,182,3104
2024-10,지방,대구,0,0,0,0,4325,2970,292,1063
2024-10,지방,광주,0,0,0,0,12529,8942,509,3078
2024-10,지방,대전,1614,1206,67,341,12525,9208,1220,2097
2024-10,지방,울산,0,0,0,0,6910,3851,1605,1454
2024-10,지방,세종,0,0,0,0,813,0,813,0
2024-10,지방,강원,329,329,0,0,5693,5292,207,194
2024-10,지방,충북,742,0,742,0,5938,3681,1046,1211
2024-10,지방,충남,1163,975,188,0,6753,6401,352,0
2024-10,지방,전북,115,115,0,0,4727,3698,176,853
2024-10,지방,전남,70,70,0,0,3327,2619,400,308
2024-10,지방,경북,0,0,0,0,2506,2506,0,0
2024-10,지방,경남,0,0,0,0,2894,2602,0,292
2024-10,지방,제주,0,0,0,0,2206,1953,253,0
2024-11,합계,합계,29353,18691,4186,6476,211726,148721,17999,45006
2024-11,수도권,소계,18643,10233,2537,5873,118118,78074,9295,30749
2024-11,수도권,서울,5506,2968,799,1739,26084,9410,3918,12756
2024-11,수도권,인천,2346,1181,342,823,19448,16279,1413,1756
2024-11,수도권,경기,10791,6084,1396,3311,72586,52385,3964,16237
2024-11,지방,소계,10710,8458,1649,603,93608,70647,8704,14257
2024-11,지방,부산,0,0,0,0,11752,8466,182,3104
2024-11,지방,대구,990,990,0,0,5315,3960,292,1063
2024-11,지방,광주,0,0,0,0,12529,8942,509,3078
2024-11,지방,대전,2946,2480,466,0,15471,11688,1686,2097
2024-11,지방,울산,2153,1596,0,557,9063,5447,1605,2011
2024-11,지방,세종,0,0,0,0,813,0,813,0
2024-11,지방,강원,0,0,0,0,5693,5292,207,194
2024-11,지방,충북,1021,1003,0,18,6959,4684,1046,1229
2024-11,지방,충남,3401,2190,1183,28,10154,8591,1535,28
2024-11,지방,전북,199,199,0,0,4926,3897,176,853
2024-11,지방,전남,0,0,0,0,3327,2619,400,308
2024-11,지방,경북,0,0,0,0,2506,2506,0,0
2024-11,지방,경남,0,0,0,0,2894,2602,0,292
2024-11,지방,제주,0,0,0,0,2206,1953,253,0
2024-12,합계,합계,19322,15365,2008,1949,231048,164086,20007,46955
2024-12,수도권,소계,11228,9091,1544,593,129346,87165,10839,31342
2024-12,수도권,서울,999,800,197,2,27083,10210,4115,12758
2024-12,수도권,인천,2194,2194,0,0,21642,18473,1413,1756
2024-12,수도권,경기,8035,6097,1347,591,80621,58482,5311,16828
2024-12,지방,소계,8094,6274,464,1356,101702,76921,9168,15613
2024-12,지방,부산,1772,670,0,1102,13524,9136,182,4206
2024-12,지방,대구,521,521,0,0,5836,4481,292,1063
2024-12,지방,광주,0,0,0,0,12529,8942,509,3078
2024-12,지방,대전,0,0,0,0,15471,11688,1686,2097
2024-12,지방,울산,0,0,0,0,9063,5447,1605,2011
2024-12,지방,세종,0,0,0,0,813,0,813,0
2024-12,지방,강원,0,0,0,0,5693,5292,207,194
2024-12,지방,충북,599,599,0,0,7558,5283,1046,1229
2024-12,지방,충남,3240,3240,0,0,13394,11831,1535,28
2024-12,지방,전북,0,0,0,0,4926,3897,176,853
2024-12,지방,전남,1498,1244,0,254,4825,3863,400,562
2024-12,지방,경북,290,0,290,0,2796,2506,290,0
2024-12,지방,경남,150,0,150,0,3044,2602,150,292
2024-12,지방,제주,24,0,24,0,2230,1953,277,0
2025-01,합계,합계,7440,4957,112,2371,7440,4957,112,2371
2025-01,수도권,소계,3617,2599,0,1018,3617,2599,0,1018
2025-01,수도권,서울,1097,482,0,615,1097,482,0,615
2025-01,수도권,인천,0,0,0,0,0,0,0,0
2025-01,수도권,경기,2520,2117,0,403,2520,2117,0,403
2025-01,지방,소계,3823,2358,112,1353,3823,2358,112,1353
2025-01,지방,부산,429,116,0,313,429,116,0,313
2025-01,지방,대구,0,0,0,0,0,0,0,0
2025-01,지방,광주,470,118,0,352,470,118,0,352
2025-01,지방,대전,0,0,0,0,0,0,0,0
2025-01,지방,울산,0,0,0,0,0,0,0,0
2025-01,지방,세종,698,698,0,0,698,698,0,0
2025-01,지방,강원,0,0,0,0,0,0,0,0
2025-01,지방,충북,0,0,0,0,0,0,0,0
2025-01,지방,충남,0,0,0,0,0,0,0,0
2025-01,지방,전북,2226,1426,112,688,2226,1426,112,688
2025-01,지방,전남,0,0,0,0,0,0,0,0
2025-01,지방,경북,0,0,0,0,0,0,0,0
2025-01,지방,경남,0,0,0,0,0,0,0,0
2025-01,지방,제주,0,0,0,0,0,0,0,0
2025-02,합계,합계,5385,3560,265,1560,12825,8517,377,3931
2025-02,수도권,소계,0,0,0,0,3617,2599,0,1018
2025-02,수도권,서울,0,0,0,0,1097,482,0,615
2025-02,수도권,인천,0,0,0,0,0,0,0,0
2025-02,수도권,경기,0,0,0,0,2520,2117,0,403
2025-02,지방,소계,5385,3560,265,1560,9208,5918,377,2913
2025-02,지방,부산,168,168,0,0,597,284,0,313
2025-02,지방,대구,755,374,0,381,755,374,0,381
2025-02,지방,광주,300,111,0,189,770,229,0,541
2025-02,지방,대전,952,394,0,558,952,394,0,558
2025-02,지방,울산,899,467,0,432,899,467,0,432
2025-02,지방,세종,0,0,0,0,698,698,0,0
2025-02,지방,강원,0,0,0,0,0,0,0,0
2025-02,지방,충북,0,0,0,0,0,0,0,0
2025-02,지방,충남,1763,1498,265,0,1763,1498,265,0
2025-02,지방,전북,0,0,0,0,2226,1426,112,688
2025-02,지방,전남,0,0,0,0,0,0,0,0
2025-02,지방,경북,548,548,0,0,548,548,0,0
2025-02,지방,경남,0,0,0,0,0,0,0,0
2025-02,지방,제주,0,0,0,0,0,0,0,0
2025-03,합계,합계,8646,7644,124,878,21471,16161,501,4809
2025-03,수도권,소계,2355,2099,0,256,5972,4698,0,1274
2025-03,수도권,서울,0,0,0,0,1097,482,0,615
2025-03,수도권,인천,252,196,0,56,252,196,0,56
2025-03,수도권,경기,2103,1903,0,200,4623,4020,0,603
2025-03,지방,소계,6291,5545,124,622,15499,11463,501,3535
2025-03,지방,부산,1425,1425,0,0,2022,1709,0,313
2025-03,지방,대구,147,147,0,0,902,521,0,381
2025-03,지방,광주,0,0,0,0,770,229,0,541
2025-03,지방,대전,0,0,0,0,952,394,0,558
2025-03,지방,울산,0,0,0,0,899,467,0,432
2025-03,지방,세종,0,0,0,0,698,698,0,0
2025-03,지방,강원,805,656,0,149,805,656,0,149
2025-03,지방,충북,0,0,0,0,0,0,0,0
2025-03,지방,충남,0,0,0,0,1763,1498,265,0
2025-03,지방,전북,277,277,0,0,2503,1703,112,688
2025-03,지방,전남,0,0,0,0,0,0,0,0
2025-03,지방,경북,999,999,0,0,1547,1547,0,0
2025-03,지방,경남,2638,2041,124,473,2638,2041,124,473
2025-03,지방,제주,0,0,0,0,0,0,0,0
2025-04,합계,합계,20214,15438,717,4059,41685,31599,1218,8868
2025-04,수도권,소계,16628,12939,367,3322,22600,17637,367,4596
2025-04,수도권,서울,404,97,51,256,1501,579,51,871
2025-04,수도권,인천,3928,2701,50,1177,4180,2897,50,1233
2025-04,수도권,경기,12296,10141,266,1889,16919,14161,266,2492
2025-04,지방,소계,3586,2499,350,737,19085,13962,851,4272
2025-04,지방,부산,1519,1056,0,463,3541,2765,0,776
2025-04,지방,대구,108,108,0,0,1010,629,0,381
2025-04,지방,광주,0,0,0,0,770,229,0,541
2025-04,지방,대전,0,0,0,0,952,394,0,558
2025-04,지방,울산,307,307,0,0,1206,774,0,432
2025-04,지방,세종,0,0,0,0,698,698,0,0
2025-04,지방,강원,0,0,0,0,805,656,0,149
2025-04,지방,충북,926,576,350,0,926,576,350,0
2025-04,지방,충남,0,0,0,0,1763,1498,265,0
2025-04,지방,전북,0,0,0,0,2503,1703,112,688
2025-04,지방,전남,0,0,0,0,0,0,0,0
2025-04,지방,경북,418,418,0,0,1965,1965,0,0
2025-04,지방,경남,308,34,0,274,2946,2075,124,747
2025-04,지방,제주,0,0,0,0,0,0,0,0
2025-05,합계,합계,11297,8201,988,2108,52982,39800,2206,10976
2025-05,수도권,소계,9554,6707,988,1859,32154,24344,1355,6455
2025-05,수도권,서울,4111,1736,516,1859,5612,2315,567,2730
2025-05,수도권,인천,0,0,0,0,4180,2897,50,1233
2025-05,수도권,경기,5443,4971,472,0,22362,19132,738,2492
2025-05,지방,소계,1743,1494,0,249,20828,15456,851,4521
2025-05,지방,부산,728,728,0,0,4269,3493,0,776
2025-05,지방,대구,540,540,0,0,1550,1169,0,381
2025-05,지방,광주,320,71,0,249,1090,300,0,790
2025-05,지방,대전,0,0,0,0,952,394,0,558
2025-05,지방,울산,0,0,0,0,1206,774,0,432
2025-05,지방,세종,0,0,0,0,698,698,0,0
2025-05,지방,강원,0,0,0,0,805,656,0,149
2025-05,지방,충북,0,0,0,0,926,576,350,0
2025-05,지방,충남,0,0,0,0,1763,1498,265,0
2025-05,지방,전북,0,0,0,0,2503,1703,112,688
2025-05,지방,전남,0,0,0,0,0,0,0,0
2025-05,지방,경북,90,90,0,0,2055,2055,0,0
2025-05,지방,경남,0,0,0,0,2946,2075,124,747
2025-05,지방,제주,65,65,0,0,65,65,0,0
2025-06,합계,합계,14983,12450,640,1893,67965,52250,2846,12869
2025-06,수도권,소계,8832,6831,640,1361,40986,31175,1995,7816
2025-06,수도권,서울,946,263,288,395,6558,2578,855,3125
2025-06,수도권,인천,652,208,29,415,4832,3105,79,1648
2025-06,수도권,경기,7234,6360,323,551,29596,25492,1061,3043
2025-06,지방,소계,6151,5619,0,532,26979,21075,851,5053
2025-06,지방,부산,811,677,0,134,5080,4170,0,910
2025-06,지방,대구,1094,696,0,398,2644,1865,0,779
2025-06,지방,광주,56,56,0,0,1146,356,0,790
2025-06,지방,대전,1166,1166,0,0,2118,1560,0,558
2025-06,지방,울산,0,0,0,0,1206,774,0,432
2025-06,지방,세종,0,0,0,0,698,698,0,0
2025-06,지방,강원,0,0,0,0,805,656,0,149
2025-06,지방,충북,650,650,0,0,1576,1226,350,0
2025-06,지방,충남,1238,1238,0,0,3001,2736,265,0
2025-06,지방,전북,0,0,0,0,2503,1703,112,688
2025-06,지방,전남,294,294,0,0,294,294,0,0
2025-06,지방,경북,0,0,0,0,2055,2055,0,0
2025-06,지방,경남,842,842,0,0,3788,2917,124,747
2025-06,지방,제주,0,0,0,0,65,65,0,0
2025-07,합계,합계,22752,17952,3957,843,90717,70202,6803,13712
2025-07,수도권,소계,11939,9322,2393,224,52925,40497,4388,8040
2025-07,수도권,서울,351,82,45,224,6909,2660,900,3349
2025-07,수도권,인천,1410,1010,400,0,6242,4115,479,1648
2025-07,수도권,경기,10178,8230,1948,0,39774,33722,3009,3043
2025-07,지방,소계,10813,8630,1564,619,37792,29705,2415,5672
2025-07,지방,부산,3792,3792,0,0,8872,7962,0,910
2025-07,지방,대구,325,0,325,0,2969,1865,325,779
2025-07,지방,광주,0,0,0,0,1146,356,0,790
2025-07,지방,대전,0,0,0,0,2118,1560,0,558
2025-07,지방,울산,0,0,0,0,1206,774,0,432
2025-07,지방,세종,0,0,0,0,698,698,0,0
2025-07,지방,강원,987,987,0,0,1792,1643,0,149
2025-07,지방,충북,3719,2193,907,619,5295,3419,1257,619
2025-07,지방,충남,413,413,0,0,3414,3149,265,0
2025-07,지방,전북,728,728,0,0,3231,2431,112,688
2025-07,지방,전남,60,0,60,0,354,294,60,0
2025-07,지방,경북,0,0,0,0,2055,2055,0,0
2025-07,지방,경남,434,434,0,0,4222,3351,124,747
2025-07,지방,제주,355,83,272,0,420,148,272,0
2025-08,합계,합계,16681,12489,847,3345,107398,82691,7650,17057
2025-08,수도권,소계,10372,6525,502,3345,63297,47022,4890,11385
2025-08,수도권,서울,2034,314,198,1522,8943,2974,1098,4871
2025-08,수도권,인천,1985,783,20,1182,8227,4898,499,2830
2025-08,수도권,경기,6353,5428,284,641,46127,39150,3293,3684
2025-08,지방,소계,6309,5964,345,0,44101,35669,2760,5672
2025-08,지방,부산,2289,2289,0,0,11161,10251,0,910
2025-08,지방,대구,0,0,0,0,2969,1865,325,779
2025-08,지방,광주,0,0,0,0,1146,356,0,790
2025-08,지방,대전,100,0,100,0,2218,1560,100,558
2025-08,지방,울산,316,316,0,0,1522,1090,0,432
2025-08,지방,세종,0,0,0,0,698,698,0,0
2025-08,지방,강원,1145,1145,0,0,2937,2788,0,149
2025-08,지방,충북,243,243,0,0,5538,3662,1257,619
2025-08,지방,충남,1222,977,245,0,4636,4126,510,0
2025-08,지방,전북,0,0,0,0,3231,2431,112,688
2025-08,지방,전남,0,0,0,0,354,294,60,0
2025-08,지방,경북,0,0,0,0,2055,2055,0,0
2025-08,지방,경남,994,994,0,0,5216,4345,124,747
2025-08,지방,제주,0,0,0,0,420,148,272,0
2025-09,합계,합계,22911,14362,1791,6758,130309,97053,9441,23815
2025-09,수도권,소계,12437,6624,1424,4389,75734,53646,6314,15774
2025-09,수도권,서울,254,242,12,0,9197,3216,1110,4871
2025-09,수도권,인천,3779,2166,65,1548,12006,7064,564,4378
2025-09,수도권,경기,8404,4216,1347,2841,54531,43366,4640,6525
2025-09,지방,소계,10474,7738,367,2369,54575,43407,3127,8041
2025-09,지방,부산,3245,1897,0,1348,14406,12148,0,2258
2025-09,지방,대구,0,0,0,0,2969,1865,325,779
2025-09,지방,광주,571,53,0,518,1717,409,0,1308
2025-09,지방,대전,1130,1130,0,0,3348,2690,100,558
2025-09,지방,울산,1450,1450,0,0,2972,2540,0,432
2025-09,지방,세종,0,0,0,0,698,698,0,0
2025-09,지방,강원,295,295,0,0,3232,3083,0,149
2025-09,지방,충북,1042,459,80,503,6580,4121,1337,1122
2025-09,지방,충남,1900,1707,193,0,6536,5833,703,0
2025-09,지방,전북,284,284,0,0,3515,2715,112,688
2025-09,지방,전남,94,0,94,0,448,294,154,0
2025-09,지방,경북,463,463,0,0,2518,2518,0,0
2025-09,지방,경남,0,0,0,0,5216,4345,124,747
2025-09,지방,제주,0,0,0,0,420,148,272,0
2025-10,합계,합계,24455,18023,1491,4941,154764,115076,10932,28756
2025-10,수도권,소계,14681,11140,482,3059,90415,64786,6796,18833
2025-10,수도권,서울,3022,676,126,2220,12219,3892,1236,7091
2025-10,수도권,인천,1199,959,240,0,13205,8023,804,4378
2025-10,수도권,경기,10460,9505,116,839,64991,52871,4756,7364
2025-10,지방,소계,9774,6883,1009,1882,64349,50290,4136,9923
2025-10,지방,부산,1094,1094,0,0,15500,13242,0,2258
2025-10,지방,대구,0,0,0,0,2969,1865,325,779
2025-10,지방,광주,0,0,0,0,1717,409,0,1308
2025-10,지방,대전,299,299,0,0,3647,2989,100,558
2025-10,지방,울산,700,0,700,0,3672,2540,700,432
2025-10,지방,세종,0,0,0,0,698,698,0,0
2025-10,지방,강원,0,0,0,0,3232,3083,0,149
2025-10,지방,충북,1618,705,0,913,8198,4826,1337,2035
2025-10,지방,충남,2370,2061,309,0,8906,7894,1012,0
2025-10,지방,전북,0,0,0,0,3515,2715,112,688
2025-10,지방,전남,1071,1071,0,0,1519,1365,154,0
2025-10,지방,경북,2166,1197,0,969,4684,3715,0,969
2025-10,지방,경남,387,387,0,0,5603,4732,124,747
2025-10,지방,제주,69,69,0,0,489,217,272,0
2025-11,합계,합계,27430,17778,1714,7938,182194,132854,12646,36694
2025-11,수도권,소계,18225,11488,1522,5215,108640,76274,8318,24048
2025-11,수도권,서울,0,0,0,0,12219,3892,1236,7091
2025-11,수도권,인천,2433,2254,179,0,15638,10277,983,4378
2025-11,수도권,경기,15792,9234,1343,5215,80783,62105,6099,12579
2025-11,지방,소계,9205,6290,192,2723,73554,56580,4328,12646
2025-11,지방,부산,291,291,0,0,15791,13533,0,2258
2025-11,지방,대구,0,0,0,0,2969,1865,325,779
2025-11,지방,광주,0,0,0,0,1717,409,0,1308
2025-11,지방,대전,0,0,0,0,3647,2989,100,558
2025-11,지방,울산,1150,1150,0,0,4822,3690,700,432
2025-11,지방,세종,424,424,0,0,1122,1122,0,0
2025-11,지방,강원,150,0,150,0,3382,3083,150,149
2025-11,지방,충북,757,757,0,0,8955,5583,1337,2035
2025-11,지방,충남,2338,1977,0,361,11244,9871,1012,361
2025-11,지방,전북,508,508,0,0,4023,3223,112,688
2025-11,지방,전남,0,0,0,0,1519,1365,154,0
2025-11,지방,경북,72,30,42,0,4756,3745,42,969
2025-11,지방,경남,3306,944,0,2362,8909,5676,124,3109
2025-11,지방,제주,209,209,0,0,698,426,272,0
2025-12,합계,합계,16179,12554,1351,2274,198373,145408,13997,38968
2025-12,수도권,소계,10316,8640,963,713,118956,84914,9281,24761
2025-12,수도권,서울,435,252,33,150,12654,4144,1269,7241
2025-12,수도권,인천,3408,3408,0,0,19046,13685,983,4378
2025-12,수도권,경기,6473,4980,930,563,87256,67085,7029,13142
2025-12,지방,소계,5863,3914,388,1561,79417,60494,4716,14207
2025-12,지방,부산,1848,578,0,1270,17639,14111,0,3528
2025-12,지방,대구,0,0,0,0,2969,1865,325,779
2025-12,지방,광주,0,0,0,0,1717,409,0,1308
2025-12,지방,대전,0,0,0,0,3647,2989,100,558
2025-12,지방,울산,2302,1914,388,0,7124,5604,1088,432
2025-12,지방,세종,643,643,0,0,1765,1765,0,0
2025-12,지방,강원,0,0,0,0,3382,3083,150,149
2025-12,지방,충북,0,0,0,0,8955,5583,1337,2035
2025-12,지방,충남,0,0,0,0,11244,9871,1012,361
2025-12,지방,전북,48,48,0,0,4071,3271,112,688
2025-12,지방,전남,305,305,0,0,1824,1670,154,0
2025-12,지방,경북,264,264,0,0,5020,4009,42,969
2025-12,지방,경남,453,162,0,291,9362,5838,124,3400
2025-12,지방,제주,0,0,0,0,698,426,272,0
2026-01,합계,합계,7900,3735,607,3558,7900,3735,607,3558
2026-01,수도권,소계,6040,3134,306,2600,6040,3134,306,2600
2026-01,수도권,서울,959,332,142,485,959,332,142,485
2026-01,수도권,인천,2568,735,130,1703,2568,735,130,1703
2026-01,수도권,경기,2513,2067,34,412,2513,2067,34,412
2026-01,지방,소계,1860,601,301,958,1860,601,301,958
2026-01,지방,부산,924,166,0,758,924,166,0,758
2026-01,지방,대구,0,0,0,0,0,0,0,0
2026-01,지방,광주,0,0,0,0,0,0,0,0
2026-01,지방,대전,341,341,0,0,341,341,0,0
2026-01,지방,울산,0,0,0,0,0,0,0,0
2026-01,지방,세종,0,0,0,0,0,0,0,0
2026-01,지방,강원,0,0,0,0,0,0,0,0
2026-01,지방,충북,501,0,301,200,501,0,301,200
2026-01,지방,충남,0,0,0,0,0,0,0,0
2026-01,지방,전북,0,0,0,0,0,0,0,0
2026-01,지방,전남,0,0,0,0,0,0,0,0
2026-01,지방,경북,0,0,0,0,0,0,0,0
2026-01,지방,경남,0,0,0,0,0,0,0,0
2026-01,지방,제주,94,94,0,0,94,94,0,0
2026-02,합계,합계,10924,5705,2274,2945,18824,9440,2881,6503
2026-02,수도권,소계,7253,2589,2175,2489,13293,5723,2481,5089
2026-02,수도권,서울,876,442,434,0,1835,774,576,485
2026-02,수도권,인천,0,0,0,0,2568,735,130,1703
2026-02,수도권,경기,6377,2147,1741,2489,8890,4214,1775,2901
2026-02,지방,소계,3671,3116,99,456,5531,3717,400,1414
2026-02,지방,부산,669,213,0,456,1593,379,0,1214
2026-02,지방,대구,0,0,0,0,0,0,0,0
2026-02,지방,광주,0,0,0,0,0,0,0,0
2026-02,지방,대전,0,0,0,0,341,341,0,0
2026-02,지방,울산,0,0,0,0,0,0,0,0
2026-02,지방,세종,0,0,0,0,0,0,0,0
2026-02,지방,강원,0,0,0,0,0,0,0,0
2026-02,지방,충북,0,0,0,0,501,0,301,200
2026-02,지방,충남,1948,1849,99,0,1948,1849,99,0
2026-02,지방,전북,0,0,0,0,0,0,0,0
2026-02,지방,전남,0,0,0,0,0,0,0,0
2026-02,지방,경북,1004,1004,0,0,1004,1004,0,0
2026-02,지방,경남,0,0,0,0,0,0,0,0
2026-02,지방,제주,50,50,0,0,144,144,0,0
2026-03,합계,합계,18400,10837,1574,5989,37224,20277,4455,12492
2026-03,수도권,소계,9167,4009,1417,3741,22460,9732,3898,8830
2026-03,수도권,서울,5097,1122,367,3608,6932,1896,943,4093
2026-03,수도권,인천,1675,752,847,76,4243,1487,977,1779
2026-03,수도권,경기,2395,2135,203,57,11285,6349,1978,2958
2026-03,지방,소계,9233,6828,157,2248,14764,10545,557,3662
2026-03,지방,부산,3458,2458,147,853,5051,2837,147,2067
2026-03,지방,대구,158,47,0,111,158,47,0,111
2026-03,지방,광주,0,0,0,0,0,0,0,0
2026-03,지방,대전,427,427,0,0,768,768,0,0
2026-03,지방,울산,0,0,0,0,0,0,0,0
2026-03,지방,세종,0,0,0,0,0,0,0,0
2026-03,지방,강원,0,0,0,0,0,0,0,0
2026-03,지방,충북,0,0,0,0,501,0,301,200
2026-03,지방,충남,2533,2533,0,0,4481,4382,99,0
2026-03,지방,전북,0,0,0,0,0,0,0,0
2026-03,지방,전남,1365,81,0,1284,1365,81,0,1284
2026-03,지방,경북,773,773,0,0,1777,1777,0,0
2026-03,지방,경남,519,509,10,0,519,509,10,0
2026-03,지방,제주,0,0,0,0,144,144,0,0
2026-04,합계,합계,34393,27580,1614,5199,71617,47857,6069,17691
2026-04,수도권,소계,17425,12924,810,3691,39885,22656,4708,12521
2026-04,수도권,서울,1897,708,320,869,8829,2604,1263,4962
2026-04,수도권,인천,783,625,158,0,5026,2112,1135,1779
2026-04,수도권,경기,14745,11591,332,2822,26030,17940,2310,5780
2026-04,지방,소계,16968,14656,804,1508,31732,25201,1361,5170
2026-04,지방,부산,522,267,0,255,5573,3104,147,2322
2026-04,지방,대구,0,0,0,0,158,47,0,111
2026-04,지방,광주,0,0,0,0,0,0,0,0
2026-04,지방,대전,3244,2731,513,0,4012,3499,513,0
2026-04,지방,울산,199,199,0,0,199,199,0,0
2026-04,지방,세종,0,0,0,0,0,0,0,0
2026-04,지방,강원,1035,1035,0,0,1035,1035,0,0
2026-04,지방,충북,1351,1351,0,0,1852,1351,301,200
2026-04,지방,충남,4954,4344,59,551,9435,8726,158,551
2026-04,지방,전북,1006,693,34,279,1006,693,34,279
2026-04,지방,전남,1679,1679,0,0,3044,1760,0,1284
2026-04,지방,경북,959,959,0,0,2736,2736,0,0
2026-04,지방,경남,1860,1349,88,423,2379,1858,98,423
2026-04,지방,제주,159,49,110,0,303,193,110,0
2026-05,합계,합계,14731,8471,2589,3671,86348,56328,8658,21362
2026-05,수도권,소계,10565,6508,1469,2588,50450,29164,6177,15109
2026-05,수도권,서울,2548,717,484,1347,11377,3321,1747,6309
2026-05,수도권,인천,2641,2641,0,0,7667,4753,1135,1779
2026-05,수도권,경기,5376,3150,985,1241,31406,21090,3295,7021
2026-05,지방,소계,4166,1963,1120,1083,35898,27164,2481,6253
2026-05,지방,부산,1048,497,0,551,6621,3601,147,2873
2026-05,지방,대구,299,299,0,0,457,346,0,111
2026-05,지방,광주,0,0,0,0,0,0,0,0
2026-05,지방,대전,0,0,0,0,4012,3499,513,0
2026-05,지방,울산,324,0,324,0,523,199,324,0
2026-05,지방,세종,0,0,0,0,0,0,0,0
2026-05,지방,강원,178,178,0,0,1213,1213,0,0
2026-05,지방,충북,989,417,40,532,2841,1768,341,732
2026-05,지방,충남,0,0,0,0,9435,8726,158,551
2026-05,지방,전북,572,572,0,0,1578,1265,34,279
2026-05,지방,전남,686,0,686,0,3730,1760,686,1284
2026-05,지방,경북,0,0,0,0,2736,2736,0,0
2026-05,지방,경남,70,0,70,0,2449,1858,168,423
2026-05,지방,제주,0,0,0,0,303,193,110,0
2026-06,합계,합계,22838,18774,3378,686,109186,75102,12036,22048
2026-06,수도권,소계,13136,10384,2066,686,63586,39548,8243,15795
2026-06,수도권,서울,2396,1203,507,686,13773,4524,2254,6995
2026-06,수도권,인천,2857,2857,0,0,10524,7610,1135,1779
2026-06,수도권,경기,7883,6324,1559,0,39289,27414,4854,7021
2026-06,지방,소계,9702,8390,1312,0,45600,35554,3793,6253
2026-06,지방,부산,867,867,0,0,7488,4468,147,2873
2026-06,지방,대구,448,0,448,0,905,346,448,111
2026-06,지방,광주,356,356,0,0,356,356,0,0
2026-06,지방,대전,0,0,0,0,4012,3499,513,0
2026-06,지방,울산,178,0,178,0,701,199,502,0
2026-06,지방,세종,0,0,0,0,0,0,0,0
2026-06,지방,강원,160,0,160,0,1373,1213,160,0
2026-06,지방,충북,0,0,0,0,2841,1768,341,732
2026-06,지방,충남,1174,1174,0,0,10609,9900,158,551
2026-06,지방,전북,0,0,0,0,1578,1265,34,279
2026-06,지방,전남,449,449,0,0,4179,2209,686,1284
2026-06,지방,경북,1712,1712,0,0,4448,4448,0,0
2026-06,지방,경남,3908,3382,526,0,6357,5240,694,423
2026-06,지방,제주,450,450,0,0,753,643,110,0
2026-07,합계,합계,18833,12997,3044,2792,128019,88099,15080,24840
2026-07,수도권,소계,10405,6898,2188,1319,73991,46446,10431,17114
2026-07,수도권,서울,716,207,134,375,14489,4731,2388,7370
2026-07,수도권,인천,0,0,0,0,10524,7610,1135,1779
2026-07,수도권,경기,9689,6691,2054,944,48978,34105,6908,7965
2026-07,지방,소계,8428,6099,856,1473,54028,41653,4649,7726
2026-07,지방,전남광주,40,0,40,0,4575,2565,726,1284
2026-07,지방,부산,1575,846,0,729,9063,5314,147,3602
2026-07,지방,대구,0,0,0,0,905,346,448,111
2026-07,지방,대전,0,0,0,0,4012,3499,513,0
2026-07,지방,울산,74,74,0,0,775,273,502,0
2026-07,지방,세종,676,676,0,0,676,676,0,0
2026-07,지방,강원,660,564,96,0,2033,1777,256,0
2026-07,지방,충북,0,0,0,0,2841,1768,341,732
2026-07,지방,충남,1657,1070,587,0,12266,10970,745,551
2026-07,지방,전북,0,0,0,0,1578,1265,34,279
2026-07,지방,경북,0,0,0,0,4448,4448,0,0
2026-07,지방,경남,3746,2869,133,744,10103,8109,827,1167
2026-07,지방,제주,0,0,0,0,753,643,110,0
2026-08,합계,합계,17295,11585,2576,3134,145314,99684,17656,27974
2026-08,수도권,소계,14587,9889,2198,2500,88578,56335,12629,19614
2026-08,수도권,서울,1473,505,211,757,15962,5236,2599,8127
2026-08,수도권,인천,4372,3053,1319,0,14896,10663,2454,1779
2026-08,수도권,경기,8742,6331,668,1743,57720,40436,7576,9708
2026-08,지방,소계,2708,1696,378,634,56736,43349,5027,8360
2026-08,지방,전남광주,638,638,0,0,5213,3203,726,1284
2026-08,지방,부산,0,0,0,0,9063,5314,147,3602
2026-08,지방,대구,360,360,0,0,1265,706,448,111
2026-08,지방,대전,0,0,0,0,4012,3499,513,0
2026-08,지방,울산,0,0,0,0,775,273,502,0
2026-08,지방,세종,0,0,0,0,676,676,0,0
2026-08,지방,강원,378,0,378,0,2411,1777,634,0
2026-08,지방,충북,0,0,0,0,2841,1768,341,732
2026-08,지방,충남,0,0,0,0,12266,10970,745,551
2026-08,지방,전북,300,300,0,0,1878,1565,34,279
2026-08,지방,경북,0,0,0,0,4448,4448,0,0
2026-08,지방,경남,1032,398,0,634,11135,8507,827,1801
2026-08,지방,제주,0,0,0,0,753,643,110,0
