유형,단지명,소재지,구분,공급(예정) 년도,공급예정물량 총계, 공급형별(전용면적) 
행복주택,고덕온빛채,서울특별시 강동구 고덕동 716-62 ,SH,2024,437,29-49㎡
행복주택,북서울자이폴라리스(미아3)_서울리츠2호,서울특별시 강북구 미아동 788-1,리츠,2024,48,38㎡
행복주택,DM7 건대,서울특별시 광진구 화양동 93-1,SH,2024,6,29-39㎡
행복주택,어울채,서울특별시 광진구 자양동 872,리츠,2024,300,23-39㎡
행복주택,가현 월디움 면목 1차,서울특별시 중랑구 면목동 1169-1,SH,2024,4,34-35㎡
행복주택,유어스빌리지(시흥동 108-3),서울특별시 금천구 시흥동 108-3,SH,2024,6,25-35㎡
행복주택,휘경자이디센시아(휘경3),서울특별시 동대문구 휘경동 172 ,SH,2024,170,39㎡
행복주택,힐스테이트 청량리 메트로블,서울특별시 동대문구 용두동 26-16,SH,2024,18,26㎡
행복주택,서대문센트럴아이파크(홍은13)_서울리츠2호,서울특별시 서대문구 홍은동 11-111번지 일대,리츠,2024,68,39-49㎡
행복주택,장위자이레디언트(장위4)_서울리츠2호,서울특별시 성북구 장위동 62-1,리츠,2024,260,39-49㎡
행복주택,이문 아이파크 자이,"서울특별시 동대문구 이문동 149-8, 412-1 일대",SH,2025,259,30-33㎡
행복주택,청석 행복주택 건설사업,"서울특별시 동작구 상도동 54-27, 산43-16",SH,2025,36,18-28㎡
행복주택,리버센 SK뷰 롯데캐슬,서울특별시 중랑구 중화동 331-1번지 일대,SH,2025,8,39㎡
행복주택,원에디션 강남,서울특별시 강남구 언주로 563,SH,2025,21,17-33㎡
행복주택,한화 포레나 미아,서울특별시 강북구 솔샘로53길 21,SH,2025,23,39㎡
행복주택,이문3 복합 공공청사,서울특별시 동대문구 이문동 130-10,SH,2025,24,28㎡
행복주택,DM7세종,서울특별시 광진구 군자동 361-26,SH,2026,6,25㎡
행복주택,사당 한누리채,서울특별시 동작구 사당동 1046-1,SH,2026,46,18-25㎡
행복주택,어반하임102,서울특별시 중랑구 상봉동 105-90,SH,2026,3,29㎡
