구분,자치구,구역명,유형,위치,용도지역, 구역면적(제곱미터) ,전체 세대수,임대 세대수, 건폐율(퍼센트) , 용적률(퍼센트) ,추진현황
공공재개발,강북구,강북5,재개발_도시정비형(재촉),강북구 미아동 61-79번지 일대,2종/3종/준주거→ 3종/준주거/일반상업,12863.00 ,688.00 ,298.00 ,59.93 ,894.95 ,정비계획(변경) 수립중
공공재개발,동대문구,용두1-6,재개발_도시정비형(재촉),동대문구 용두동 14-1번지 일대,준주거/일반상업→준주거/일반상업,20780.00 ,977.00 ,421.00 ,49.88 ,1099.87 ,정비계획(변경) 수립중(`23.11.01. 도시재정비(수권)소위원회 수정가결)
공공재개발,동작구,흑석2,재개발_도시정비형(재촉),동작구 흑석동 99-3번지 일대,2종/3종/준주거→ 2종/3종/준주거,45229.00 ,1055.00 ,374.00 ,53.58 ,599.79 ,정비계획(변경) 수립중
공공재개발,서대문구,홍은1,재개발_도시정비형(재촉해제),서대문구 홍은동 48-163번지 일대,2종/3종→ 2종(7층)/2종/3종/준주거,11571.00 ,329.00 ,110.00 ,59.77 ,449.79 ,정비계획 수립중(`23.09.25. 도시재정비(수권)소위원회 수정가결)
공공재개발,영등포구,양평13,재개발_도시정비형,영등포구 양평동2가 33-20번지 일대,준공업→ 준공업,27441.70 ,556.00 ,203.00 ,34.63 ,349.33 ,정비계획(변경) 수립중(`23.09.13. 도시계획위원회 수권분과위원회 수정가결)
공공재개발,영등포구,양평14,재개발_도시정비형,영등포구 양평동2가 29-6번지 일대,준공업→ 준공업,11082.10 ,,,,,주민 동의서 징구 중
공공재개발,종로구,신문로2-12,재개발_도시정비형,종로구 신문로1가 158,일반상업→ 일반상업,1163.80 ,180.00 ,90.00 , 74.77(저층부)59.80(고층부) ,1438.90 ,정비계획(변경) 수립중
공공재개발,성북구,장위8,재개발_주택정비형(재촉해제),성북구 장위동 85 일대,"1종/2종(7층)/2종→ 1종, 2종",121634.00 ,2846.00 ,784.00 ,25.43 ,299.98 ,정비계획 수립중(`23.11.01. 도시재정비(수권)소위원회 수정가결)
공공재개발,동작구,본동,재개발_주택정비형,동작구 본동 47번지 일대,1종/2종(7층)/3종/일반상업→1종/2종(7층)/3종/일반상업,51696.00 ,1046.00 ,296.00 ,22.40 ,276.70 ,정비계획 수립중
공공재개발,서대문구,연희2,재개발_주택정비형,서대문구 연희동 721-6번지 일대,1종/2종(7층)/3종→ 1종/2종,49745.00 ,1067.00 ,223.00 ,24.00 ,238.34 ,정비계획 수립중(`23.09.20. 도시계획위원회 수권분과위원회 수정가결)
공공재개발,서대문구,충정로1,재개발_주택정비형,서대문구 충정로3가 281-11번지 일대,3종/준주거→ 준주거,8276.50 ,297.00 ,102.00 ,30.32 ,449.90 ,정비계획 수립중
공공재개발,성동구,금호23,재개발_주택정비형,성동구 금호동4가 1109번지 일대,2종→ 2종,30191.10 ,764.00 ,206.00 ,21.36 ,259.71 ,정비계획 수립중
공공재개발,마포구,아현동 699번지 일대,재개발_주택정비형,마포구 아현동 699번지 일대,1종/2종(7층)/3종/준주거→,105609.20 ,,,,,사전기획 준비중
공공재개발,은평구,응암동101번지 일대,재개발_주택정비형,은평구 응암동 101번지 일대,2종(7층)→,38518.00 ,,,,,사전기획 준비중
공공재건축,용산구,강변강서,재건축,"용산구 이촌동 193-3, 5번지",3종→,3775.30 ,,,,,사전기획 추진중
공공재건축,영등포구,신길13,재건축,영등포구 신길동 340-1,3종→ 2종(7층)/2종/3종/준주거,15120.00 ,587.00 ,104.00 ,38.26 ,449.97 ,정비계획(변경) 수립중(`23.09.25. 도시재정비(수권)소위원회 수정가결)
