계약명,계약금액(원),계약시작일,계약종료일,입찰방법,계약대상
세운4구역 도시환경정비사업 시설공사,699740993000 ,2006-06-29,2013-08-05,일반경쟁,대림산업(주)
세운4구역 도시환경정비사업 시설공사,727220233000 ,2008-08-06,2013-08-05,수의계약,대림산업(주)
세곡지구 국민임대주택단지 조성사업 조경공사,11442120000 ,2009-07-23,2013-12-31,일반경쟁,(주)오렌지이엔지
우면2지구 국민임대주택단지 B공구 조경공사,10386088000 ,2009-07-28,2013-06-30,일반경쟁,(주)한진중공업
우면2지구 국민임대주택단지 A공구 조경공사,10530400000 ,2009-07-28,2013-06-30,일반경쟁,풍림산업(주)
마곡구역 도시개발사업 단지조성공사(1공구),117566590000 ,2009-09-30,2015-12-31,제한경쟁,금호산업(주)
마곡도시개발구역 지장물 철거공사,1574690503 ,2009-10-21,2016-12-31,일반경쟁,정원환경산업(주)
마곡구역 도시개발사업 단지조성공사(2공구),103503000000 ,2010-02-01,2016-03-31,제한경쟁,진흥기업(주)
양재동 시프트(101번지 212번지) 및 묵동7번지 시프트 건설공사 책임감리용역,2847000000 ,2010-07-20,2013-07-12,일반경쟁,(주)아이티엠코퍼레이션건축사사무소
양재 및 묵동 시프트 건설공사,63351330809 ,2010-07-31,2013-07-08,제한경쟁,금호산업(주)
신내3지구 국민임대주택 단지조성공사,27400960000 ,2010-09-17,2013-09-15,제한경쟁,대륙건설(주)
마곡 U-City실시설계 및 구축사업,21690000000 ,2010-10-01,2013-06-30,일반경쟁,(주)비츠로시스
문정지구 도시개발사업 단지조성공사,11723500000 ,2010-11-01,2013-10-30,제한경쟁,영진종합건설(주)
천왕2지구 2단지 아파트 건설공사,93823972000 ,2010-12-30,2013-07-24,제한경쟁,삼부토건(주)
신내3지구 2단지 아파트 및 정릉 유스하우징 건설공사,189363058029 ,2010-12-30,2013-09-25,제한경쟁,(주)태영건설
천왕2지구 1단지 아파트 건설공사,47074555000 ,2010-12-30,2013-04-20,제한경쟁,(주)포스코건설
양재동시프트  묵동시프트 및 정릉유스하우징 전기공사,6865993000 ,2011-02-19,2013-07-08,제한경쟁,(주)효성
양재동시프트 묵동시프트 및 정릉유스하우징 정보통신공사,3613025000 ,2011-02-19,2013-07-08,제한경쟁,삼언전공(주)
천왕2지구 2단지 아파트 정보통신공사,4594512000 ,2011-05-31,2013-07-24,제한경쟁,(주)전통
천왕2지구 1단지 아파트 전기공사,4664245000 ,2011-05-31,2013-04-20,제한경쟁,(주)파이런텍
천왕2지구 1단지 아파트 정보통신공사,2536299000 ,2011-05-31,2013-04-20,제한경쟁,(주)명현정보통신
천왕2지구 2단지 아파트 전기공사,9188162000 ,2011-06-13,2013-07-24,제한경쟁,(주)제이케이이이씨
북촌한옥(백인제가옥) 개보수공사,2623520000 ,2011-06-17,2014-08-22,일반경쟁,현도종합건설주식회사
신내3지구 2단지 아파트 정보통신공사,9238570000 ,2011-06-24,2013-09-25,제한경쟁,덕산정보통신(주)
신내3지구 2단지 아파트 전기공사,16170344000 ,2011-06-30,2013-09-25,제한경쟁,우민전기(주)
마곡지구 7단지 아파트 건설공사,170053053000 ,2011-09-21,2014-05-14,제한경쟁,금호산업(주)
마곡지구 4단지 아파트 건설공사,55603588000 ,2011-09-21,2014-05-24,제한경쟁,경남기업(주)
마곡지구 1-2-3단지 아파트 건설공사,130735078000 ,2011-09-21,2014-04-27,제한경쟁,풍림산업 주식회사
마곡지구 6단지 아파트 건설공사,172704949000 ,2011-09-21,2014-05-14,제한경쟁,경남기업(주)
마곡지구 15단지 아파트 건설공사,131495852000 ,2011-09-28,2014-04-29,제한경쟁,삼환기업(주)
마곡지구 14단지 아파트 건설공사,152744769000 ,2011-09-28,2014-04-29,제한경쟁,(주)한화건설
은평뉴타운 3-2지구 공원조성공사,8147830000 ,2011-10-04,2014-06-30,제한경쟁,주식회사삼림엘엔씨
신내3지구 1단지 아파트 건설공사,138242671000 ,2011-10-31,2014-05-24,제한경쟁,한신공영(주)
마곡지구 4단지 아파트 전기공사,4245000000 ,2011-11-03,2014-07-06,제한경쟁,린나이코리아(주)
마곡지구 5단지 아파트 정보통신공사,2671900000 ,2011-11-03,2014-05-20,제한경쟁,(주)세아네트웍스
마곡지구 4단지 아파트 정보통신공사,2352650000 ,2011-11-03,2014-07-06,제한경쟁,(주)우주텔레콤
마곡지구 1단지 2단지 3단지 아파트 전기공사,9677346000 ,2011-11-03,2014-06-09,제한경쟁,삼언전공(주)
마곡지구 15단지 아파트 전기공사,10030574000 ,2011-11-03,2014-06-04,제한경쟁,(주)성원이앤지
마곡지구 5단지 아파트 건설공사,65529331000 ,2011-11-11,2014-05-28,제한경쟁,티이씨건설(주)
마곡지구 15단지 아파트 정보통신공사,5986757000 ,2011-11-16,2014-06-17,제한경쟁,(주)탑엔지니어링
마곡지구 1단지 2단지 3단지 아파트 정보통신공사,5293679000 ,2011-11-16,2014-06-22,제한경쟁,(주)지오
마곡지구 7단지 아파트 정보통신공사,6494617000 ,2011-11-16,2014-07-09,일반경쟁,(주)신안정보통신
마곡지구 6단지 아파트 정보통신공사,7654895000 ,2011-11-16,2014-07-09,제한경쟁,(주)우성통신
마곡지구 14단지 아파트 정보통신공사,6619344000 ,2011-11-16,2014-06-17,제한경쟁,주식회사 경봉
신내3지구 1단지 아파트 정보통신공사,6692881000 ,2011-11-16,2014-06-09,제한경쟁,신세계건설(주)
내곡 보금자리주택지구 조성공사,27498000000 ,2011-11-30,2014-11-28,제한경쟁,큰빛종합건설(주)
마곡지구 5단지 6단지 7단지 아파트 전기공사,29140110000 ,2011-12-02,2014-07-25,제한경쟁,현대산업개발(주)
세곡2 보금자리주택지구 조성공사,27150550403 ,2011-12-05,2014-12-03,제한경쟁,청솔종합건설(주)
마곡지구 4단지 아파트 조경공사,2390119000 ,2011-12-22,2014-08-24,제한경쟁,(주)지승종합조경
마곡지구 5단지 아파트 조경공사,3008753000 ,2011-12-22,2014-08-28,제한경쟁,에이큐건설(주)
세곡2지구 4단지 아파트 건설공사,147613400000 ,2011-12-30,2013-09-21,제한경쟁,(주)한양
세곡2지구 1단지 아파트 건설공사,93924076000 ,2011-12-30,2014-02-08,제한경쟁,주식회사 태영건설
천왕2지구 국민임대주택사업 조경공사,4877238393 ,2012-01-02,2015-06-30,제한경쟁,주식회사 효승종합개발
내곡지구 3-5-7단지 아파트 건설공사,159290566000 ,2012-01-06,2014-05-29,제한경쟁,한신공영(주)
내곡지구 1단지 아파트 건설공사,168644340000 ,2012-01-06,2014-07-13,제한경쟁,(주)포스코건설
장지교삼거리 입체화시설 건설공사,81461000000 ,2012-01-13,2016-03-30,제한경쟁,진흥기업(주)
신내3지구 국민임대주택사업 조경공사,9571530000 ,2012-02-06,2016-04-30,제한경쟁,남광토건(주)
세곡2지구 3단지 아파트 건설공사,106660000000 ,2012-02-10,2013-11-15,제한경쟁,삼성물산(주)
세곡2지구 1단지 아파트 조경공사,3807849061 ,2012-02-22,2014-05-08,제한경쟁,남광토건(주)
2012년 양천권역 임대아파트 시설물 보수공사,2500463700 ,2012-03-15,2013-03-31,제한경쟁,동신공영(주)
2012년 마포권역 임대아파트 시설물 보수공사,2592292260 ,2012-03-15,2013-03-31,제한경쟁,삼진비에스(주)
2012년 관악권역 임대아파트 시설물 보수공사,1791886700 ,2012-03-15,2013-03-31,제한경쟁,(주)동현인테크
2012년 성북권역 임대아파트 시설물 보수공사,2046189900 ,2012-03-15,2013-03-31,제한경쟁,(합)부기토건
2012년 강서권역 임대아파트 시설물 보수공사,2769914000 ,2012-03-15,2013-03-31,제한경쟁,주식회사 오성공영
2012년 강남권역 임대아파트 시설물 보수공사,2993121703 ,2012-03-15,2013-03-31,제한경쟁,비엔지건설(주)
2012년 노원권역 임대아파트 시설물 보수공사,3054917230 ,2012-03-15,2013-03-31,제한경쟁,정우건설
2012년 동대문권역 임대아파트 시설물 보수공사,3150510000 ,2012-03-15,2013-03-31,제한경쟁,(주)빕스리젠
마곡지구 14단지 아파트 전기공사,11597700000 ,2012-03-26,2014-10-26,제한경쟁,우광기전(주)
신내3지구 1단지 아파트 전기공사,11519428000 ,2012-03-26,2014-10-18,제한경쟁,동서이엔씨(주)
차세대종합정보시스템 위탁운영 용역,1492537060 ,2012-05-01,2013-04-30,수의계약,(주)엔디에스
신정동 보금자리주택 건설공사,9192898000 ,2012-05-17,2014-04-30,제한경쟁,창일산업(주)
내곡지구 3단지 5단지 7단지 아파트 정보통신공사,6057159000 ,2012-05-21,2014-05-29,제한경쟁,유비콘테크(주)
내곡지구 1단지 아파트 전기공사,11756900000 ,2012-05-21,2014-07-13,제한경쟁,(주)디투엔지니어링
내곡지구 3단지 5단지 7단지 아파트 전기공사,10339672000 ,2012-05-21,2014-05-29,제한경쟁,(주)지티일렉콘
내곡지구 1단지 아파트 정보통신공사,6571931000 ,2012-05-21,2014-07-13,제한경쟁,주식회사 윈미디텍
세곡2지구 4단지 아파트 전기공사,10779410000 ,2012-06-21,2013-09-21,제한경쟁,대호전기(주)
세곡2지구 1단지 아파트 정보통신공사,4218452000 ,2012-06-21,2014-02-08,제한경쟁,(주)셀콤
세곡2지구 3단지 아파트 정보통신공사,5039860000 ,2012-06-28,2013-11-15,제한경쟁,주식회사파워네트웍
세곡2지구 3단지 아파트 전기공사,8603333000 ,2012-06-28,2013-11-15,제한경쟁,(주) 서광이엔씨
세곡2지구 1단지 아파트 전기공사,7644464680 ,2012-06-28,2014-02-08,제한경쟁,장한전산(주)
세곡2지구 4단지 아파트 정보통신공사,6664188000 ,2012-06-28,2013-09-21,제한경쟁,우민전기(주)
은평뉴타운 3지구 12단지 아파트 건설공사,58028461734 ,2012-07-18,2015-01-07,제한경쟁,한라건설 주식회사
은평뉴타운 3지구 12단지 아파트 전기공사,4362733000 ,2012-08-10,2015-01-07,제한경쟁,대륭중공건설(주)
은평뉴타운 3지구 12단지 아파트 정보통신공사,2745032000 ,2012-08-10,2015-01-07,제한경쟁,(주)우성통신
문정지구 택지 전기 교통신호등 및 탄천우안 지하차도 전기공사,3333565000 ,2012-09-20,2017-06-30,제한경쟁,삼보이엔지
장지교삼거리 입체화시설 전기공사,3438330000 ,2012-10-29,2016-12-31,제한경쟁,주식회사 홍우전력
내곡지구 택지 교통신호등 공사,1977008000 ,2012-10-29,2017-07-31,제한경쟁,세희종합건설(주)
문정지구 도시개발사업 조경공사,12436113000 ,2012-11-05,2016-05-31,제한경쟁,(주)한양
마곡 1 및 2  빗물펌프장 조성공사 책임감리용역,2299000000 ,2012-12-12,2015-12-26,조달계약,(주)도화엔지니어링
마곡 1 및 2 빗물펌프장 조성공사,41521489859 ,2012-12-17,2015-12-16,제한경쟁,고려개발(주)
내곡 보금자리주택지구 2단지 아파트 건설공사,96087313545 ,2013-01-24,2015-03-22,제한경쟁,고려개발(주)
마곡1공구 도시개발사업 조경공사(1차),10308168000 ,2013-02-06,2016-12-31,제한경쟁,한일개발(주)
갈현동 공공기숙사 증축 리모델링공사,1182333379 ,2013-02-28,2013-08-30,제한경쟁,성현토건 주식회사
역삼동 도시형생활주택 신축공사,1071302360 ,2013-03-04,2013-08-30,제한경쟁,태극건설
내곡지구 2단지 아파트 전기공사,7025124000 ,2013-03-05,2015-05-06,제한경쟁,(주)석주기업
내곡지구 2단지 아파트 정보통신공사,5041429000 ,2013-03-05,2015-05-06,제한경쟁,(주)남일기업
세곡2 보금자리주택지구 조경공사(1공구),5658000000 ,2013-03-18,2017-05-31,제한경쟁,송림조경
세곡2 보금자리주택지구 조경공사(2공구),17449751000 ,2013-03-19,2017-05-31,제한경쟁,중흥건설(주)
세곡2지구 보금자리주택지구 조성 전기 및 교통신호등공사,3289478000 ,2013-03-21,2017-04-28,제한경쟁,호곡종합건설(주)
"마곡1,2 빗물펌프장 조성 전기공사",2876470000 ,2013-03-21,2016-06-16,제한경쟁,(주)용진정보통신
2013년 성북권역 임대아파트 시설물 보수공사,2165536000 ,2013-03-25,2014-03-31,제한경쟁,(주)쓰리에스엔지니어링
2013년 동대문권역 임대아파트 시설물 보수공사,2878953000 ,2013-03-25,2014-03-31,제한경쟁,대한공영 주식회사
2013년 노원권역 임대아파트 시설물 보수공사,3135670300 ,2013-03-25,2014-03-31,제한경쟁,산양공영 주식회사
2013년 강남권역 임대아파트 시설물 보수공사,3097635000 ,2013-03-25,2014-03-31,제한경쟁,(주)승일토건
2013년 관악권역 임대아파트 시설물 보수공사,1736986200 ,2013-03-25,2014-03-31,제한경쟁,(주)조양산업
2013년 양천권역 임대아파트 시설물 보수공사,2645282500 ,2013-03-25,2014-03-31,제한경쟁,(주)해인산업개발
2013년 강서권역 임대아파트 시설물 보수공사,2661013350 ,2013-03-25,2014-03-31,제한경쟁,예도건설(주)
2013년 마포권역 임대아파트 시설물 보수공사,2502261000 ,2013-03-25,2014-03-31,제한경쟁,(주)라텍이엔지
내곡보금자리주택지구 2단지 아파트 조경공사,3926673800 ,2013-04-01,2017-03-22,제한경쟁,원택건설(주)
임대주택 노후 전기시설물 교체 공사,1107360430 ,2013-04-15,2013-09-30,제한경쟁,(주)아이텍파워
내발산동 공공기숙사 건설공사,13466195430 ,2013-04-16,2014-04-25,제한경쟁,국제건설(주)
마곡지구 공동구 전기공사,3245516000 ,2013-06-12,2017-06-30,제한경쟁,(주)대아티이씨
"2013년 강서,양천권역 임대아파트 도배 및 바닥재 교체공사",1305970470 ,2013-06-28,2013-11-30,제한경쟁,신화건장 주식회사
"2013년 강남,성북권역 임대아파트 도배 및 바닥재 교체공사",1479298720 ,2013-06-28,2013-11-30,제한경쟁,(주)제일디자인하이테크
"2013년 노원,동대문권역 임대아파트 도배 및 바닥재 교체공사",1156444900 ,2013-06-28,2013-11-30,제한경쟁,세민텍크(주)
홍건익가옥 개보수공사,1238499700 ,2013-07-10,2015-09-02,일반경쟁,(주)토형산업
내곡 보금자리주택지구 조경공사,17904000000 ,2013-08-07,2017-04-30,제한경쟁,주식회사 대명건설
가양동 주택협동조합형 공공주택 건설공사,3713099591 ,2013-08-16,2014-08-23,제한경쟁,신한건영(주)
2013년 중계4 외 1개단지 욕실리모델링공사,2540086000 ,2013-09-06,2013-12-14,제한경쟁,(주)대한하이텍건설
2013년 성산 외 1개단지 욕실리모델링공사,2404974000 ,2013-09-06,2013-12-14,제한경쟁,(주)태명엔지니어링
2013년 중계3단지 욕실리모델링공사,2059588000 ,2013-09-06,2013-12-14,제한경쟁,(주)강토산업개발
임대아파트 도로 및 보도 교체사업 공사,1140980120 ,2013-09-23,2013-12-21,제한경쟁,대흥토건 주식회사
"세곡2보금자리주택지구 6,8단지 아파트 및 초등학교 건설공사",69687902474 ,2013-09-25,2015-02-28,제한경쟁,경남기업(주)
내곡보금자리주택지구 6단지 아파트 및 서울언남초등학교 건설공사,63550817832 ,2013-10-01,2015-03-09,제한경쟁,계룡건설산업(주)
공릉동 657-7 공공기숙사 건설공사,1253000000 ,2013-10-10,2014-02-06,제한경쟁,동신토건(주)
"천왕지구 7단지, 등촌동 장기전세주택 및 천왕여성안심주택 건설공사",30785580706 ,2013-10-10,2015-10-09,제한경쟁,우신건설 주식회사
"천왕지구 7단지, 등촌동 장기전세주택 및 천왕여성안심주택 전기공사",2515812000 ,2013-10-21,2015-10-09,제한경쟁,(주)동광이앤티
"천왕지구 7단지, 등촌동 장기전세주택 및 천왕여성안심주택 전기공사",2500079111 ,2013-10-21,2015-10-09,제한경쟁,(주)동광이앤티
"천왕지구 7단지, 등촌동 장기전세주택 및 천왕여성안심주택 정보통신공사",1869446377 ,2013-10-21,2015-10-09,제한경쟁,(주)프라임엔시스템
"천왕지구 7단지, 등촌동 장기전세주택 및 천왕여성안심주택 정보통신공사",1903723000 ,2013-10-21,2015-10-09,제한경쟁,(주)프라임엔시스템
내곡보금자리주택지구 6단지 아파트 및 서울언남초등학교 정보통신공사,3211756317 ,2013-10-28,2014-12-29,제한경쟁,(주)동화이엔지
내곡보금자리주택지구 6단지 아파트 및 서울언남초등학교 전기공사,5673770000 ,2013-10-28,2015-02-22,제한경쟁,우남전설 주식회사
"세곡2지구보금자리주택지구 6,8단지 및 초등학교 정보통신공사",3428156000 ,2013-10-31,2015-09-30,제한경쟁,대림아이앤에스(주)
상계동 보금자리주택 및 사당동 도시형생활주택 건설공사,50069103000 ,2013-10-31,2015-12-17,제한경쟁,진흥기업(주)
"세곡2지구보금자리주택지구 6,8단지 및 초등학교 전기공사",7180122000 ,2013-10-31,2015-09-30,제한경쟁,대진전설(주)
오금 보금자리주택지구 조성공사,7780279000 ,2013-12-24,2017-01-23,제한경쟁,주식회사 서우건영
마곡지구 10-1단지 아파트 건설공사,65443190025 ,2013-12-26,2016-06-11,제한경쟁,南陽建設 株式會社
"마곡지구 11,12단지 아파트 건설공사",90543655000 ,2013-12-26,2016-05-27,제한경쟁,대보건설(주)
마곡지구 8단지 아파트 건설공사,65963094382 ,2013-12-26,2016-06-01,제한경쟁,(주)한진중공업
신정4보금자리주택지구 택지조성공사 및 아파트 건설공사,54165786032 ,2013-12-31,2016-03-31,제한경쟁,한일건설 주식회사
천왕2지구 도시형생활주택 건설공사,15486411000 ,2013-12-31,2015-06-04,제한경쟁,유한회사 무영건설
신내 의료안심주택 건설공사,11791983000 ,2013-12-31,2015-08-08,제한경쟁,에스디종합건설(주)
상계동 보금자리주택 정보통신공사,2461173000 ,2014-01-27,2016-01-17,제한경쟁,(주)아큐픽스
상계동 보금자리주택 전기공사,4109500000 ,2014-01-27,2016-01-17,제한경쟁,(합)동양전기공업사
대치1 외 13개단지 아파트 복도화재감지기 설치공사,1016749810 ,2014-01-28,2014-07-26,제한경쟁,주식회사탐진이엔지
신내동 및 수유동 장기전세주택 건설공사,23739052842 ,2014-02-06,2019-04-29,제한경쟁,(주)남일기업
천왕2지구 도시형생활주택 전기공사,1644594000 ,2014-02-17,2017-06-23,제한경쟁,벽산파워 주식회사
천왕2지구 도시형생활주택 정보통신공사,1064469000 ,2014-02-17,2017-06-23,제한경쟁,(주)우리아이티
강일지구 11단지 아파트 건설공사(도시기반시설 포함),20782020000 ,2014-02-26,2015-10-29,제한경쟁,대흥토건 주식회사
수서동 721-1 장기전세주택 건설공사,7053146000 ,2014-03-03,2015-11-21,제한경쟁,선석건설(주)
마곡지구 도시개발사업 교통신호등공사,2991385000 ,2014-03-06,2017-06-30,제한경쟁,映進綜合建設 株式會社
마곡지구 10-1단지 아파트 정보통신공사,3953319200 ,2014-03-06,2016-06-11,제한경쟁,신세계건설 주식회사
"마곡지구 11,12단지 아파트 정보통신공사",5603948000 ,2014-03-06,2016-07-17,제한경쟁,(주)신성하이텍
마곡지구 10-1단지 아파트 전기공사,7211560000 ,2014-03-06,2016-06-11,제한경쟁,대상전설(주)
마곡지구 도시개발사업 전기공사,6381100000 ,2014-03-06,2017-06-30,제한경쟁,서광종합개발 주식회사
마곡지구 8단지 아파트 전기공사,6292490000 ,2014-03-06,2016-06-01,제한경쟁,주식회사 완일이씨에스
"마곡지구 11,12단지 아파트 전기공사",9252525000 ,2014-03-06,2016-07-17,제한경쟁,우민전기(주)
마곡지구 8단지 아파트 정보통신공사,4371435000 ,2014-03-06,2016-06-01,제한경쟁,(주)경도
마곡1공구 도시개발사업 조경공사 2차,17199412000 ,2014-03-12,2018-06-30,제한경쟁,대우조선해양건설 주식회사
2014년 동대문권역 임대아파트 시설물 보수공사,2870784000 ,2014-03-24,2015-03-31,제한경쟁,기경건설
2014년 노원권역 임대아파트 시설물 보수공사,3119412700 ,2014-03-24,2015-03-31,제한경쟁,건우건업(주)
2014년 관악권역 임대아파트 시설물 보수공사,1883684200 ,2014-03-24,2015-03-31,제한경쟁,천담개발(주)
2014년 강서권역 임대아파트 시설물 보수공사,2692813800 ,2014-03-24,2015-03-31,제한경쟁,(주)월드이앤씨
2014년 마포권역 임대아파트 시설물 보수공사,2525054000 ,2014-03-24,2015-03-31,제한경쟁,주식회사 대평선건설
2014년 강남권역 임대아파트 시설물 보수공사,2830181100 ,2014-03-24,2015-03-31,제한경쟁,(주)동아기업
2014년 양천권역 임대아파트 시설물 보수공사,2628159545 ,2014-03-24,2015-03-31,제한경쟁,한길특수건설(주)
2014년 성북권역 임대아파트 시설물 보수공사,2168131000 ,2014-03-24,2015-03-31,제한경쟁,(주)태민엔지니어링
신내 의료안심주택 정보통신공사,1283433000 ,2014-04-10,2015-08-08,제한경쟁,주식회사 건영
신내 의료안심주택 전기공사,1059060000 ,2014-04-16,2015-08-08,제한경쟁,(주)유한이엔씨
만리동 예술인 협동조합형 공공주택 건설공사,2870789050 ,2014-04-21,2015-03-06,제한경쟁,대흥토건 주식회사
내곡 도시형생활주택 건설공사,5326960200 ,2014-04-24,2015-04-29,제한경쟁,위일종합건설주식회사
신내동 및 수유동 장기전세주택 전기공사,2152218000 ,2014-05-01,2019-04-29,제한경쟁,백두기전
강일지구 11단지 아파트 정보통신공사,1199292900 ,2014-05-09,2015-10-29,제한경쟁,하이엠테크(주)
강일지구 11단지 아파트 전기공사,1626426952 ,2014-05-09,2015-10-29,제한경쟁,주식회사 지안이앤씨
마곡지구 U-City 도시통합운영센터 건설공사,1513251875 ,2014-06-02,2014-09-09,제한경쟁,예강건설산업주식회사
"2014년 관악,마포권역 임대아파트 도배 및 장판 교체공사",1139813950 ,2014-07-07,2014-11-30,제한경쟁,교보리얼코주식회사
"2014년 노원,동대문권역 임대아파트 도배 및 장판 교체공사",1706105142 ,2014-07-07,2014-11-30,제한경쟁,한신디자인(주)
"2014년 강남,성북권역 임대아파트 도배 및 장판 교체공사",1817198800 ,2014-07-07,2014-11-30,제한경쟁,(주)전진산업개발
"2014년 강서,양천권역 임대아파트 도배 및 장판 교체공사",1045011890 ,2014-07-07,2014-11-30,제한경쟁,(주)정암디자인
신정4 보금자리주택지구 아파트 및 택지조성 전기공사,4620353020 ,2014-07-24,2016-08-01,제한경쟁,유한회사 일석
신정4 보금자리주택지구 아파트 정보통신공사,3344678750 ,2014-07-24,2016-08-01,제한경쟁,제일정보통신주식회사
문정법무시설(서울동부지방검찰청사 및 성동교정시설) 신축공사,138020893000 ,2014-08-21,2016-12-07,제한경쟁,한신공영(주)
은평3지구 기반시설 보완공사,5428643790 ,2014-09-01,2015-02-27,수의계약,금호산업(주)
은평뉴타운 방음터널 시설보완공사,1897910350 ,2014-09-25,2015-12-31,제한경쟁,도아기업 주식회사
서울동부지방검찰청사 신축 전기공사,5195974000 ,2014-09-29,2017-01-15,제한경쟁,주식회사 태영이엔티
성동교정시설 신축 전기공사,9574880000 ,2014-09-29,2017-02-27,제한경쟁,(주)신보
성동교정시설 신축 정보통신공사,11196512000 ,2014-09-29,2017-02-27,제한경쟁,대아티아이주식회사
서울동부지방검찰청사 신축 정보통신공사,3985893000 ,2014-09-29,2017-01-15,제한경쟁,(주)케이비에스비즈니스
위례지구 A1-10BL 아파트 정보통신공사,8734706000 ,2014-10-02,2017-08-08,제한경쟁,제이케이앤티텔레콤(주)
위례지구 A1-10BL 아파트 전기공사,17988989000 ,2014-10-02,2017-08-08,제한경쟁,(주)전우사
위례지구 A1-10BL 아파트 건설공사,180246146000 ,2014-11-10,2017-01-28,제한경쟁,계룡건설산업(주)
"오금보금자리주택지구 1,2단지 아파트 건설공사",121687637796 ,2014-12-16,2017-07-02,제한경쟁,한양개발(주)
"마곡지구 1-7단지, 14,15단지 추가 시설물 정보통신공사",1163608960 ,2015-02-24,2015-07-31,제한경쟁,(주)동진정보통신
마곡구역 도시개발사업 3공구 기반시설조성공사,66561770000 ,2015-02-26,2017-02-25,제한경쟁,(주)고덕종합건설
"오금 보금자리주택지구 1,2단지 아파트 및 택지조성 전기공사",11770987000 ,2015-03-04,2017-12-23,제한경쟁,효진전기(주)
"오금 보금자리주택지구 1,2단지 아파트 정보통신공사",8634517000 ,2015-03-04,2017-12-23,제한경쟁,창신정보통신(주)
강일2지구 준주거2 도시형생활주택 건설공사,3997626659 ,2015-03-13,2016-02-18,제한경쟁,동우공영(주)
"세곡2지구 문화유적 보존, 복원 공사",3063230000 ,2015-03-16,2016-05-27,제한경쟁,현도종합건설 주식회사
2015년 강남권역 임대아파트 시설물 보수공사,1368075500 ,2015-04-02,2016-04-01,제한경쟁,(주)새빛씨앤알
2015년 성동권역 임대아파트 시설물 보수공사,1282429300 ,2015-04-02,2016-04-01,제한경쟁,(주) 비아이비씨앤알
2015년 은평권역 임대아파트 시설물 보수공사,1305493330 ,2015-04-02,2016-04-01,제한경쟁,두모건설산업 주식회사
2015년 마포권역 임대아파트 시설물 보수공사,1001188980 ,2015-04-02,2016-04-01,제한경쟁,(주)씨에스빌더스
2015년 양천권역 임대아파트 시설물 보수공사,2007691600 ,2015-04-02,2016-04-01,제한경쟁,(주)킹대일
2015년 강서권역 임대아파트 시설물 보수공사,2385919043 ,2015-04-02,2016-04-01,제한경쟁,고황건설 주식회사
2015년 관악권역 임대아파트 시설물 보수공사,1990750000 ,2015-04-02,2016-04-01,제한경쟁,주식회사 이젠리버텍
2015년 송파권역 임대아파트 시설물 보수공사,1285588000 ,2015-04-02,2016-04-01,제한경쟁,에듀건설(주)
2015년 동대문권역 임대아파트 시설물 보수공사,1889807200 ,2015-04-02,2016-04-01,제한경쟁,동양건설(주)
2015년 성북권역 임대아파트 시설물 보수공사,1302116100 ,2015-04-02,2016-04-01,제한경쟁,주식회사재왕건설
2015년 노원권역 임대아파트 시설물 보수공사,2624585400 ,2015-04-02,2016-04-01,제한경쟁,정도건설
화곡동 도시형생활주택 건설공사 및 목동 실내리모델링공사,1024279000 ,2015-05-21,2015-12-26,제한경쟁,노스웨스트건설(주)
창동환승주차장 내 박스파크 조성공사,2872842800 ,2015-06-19,2015-12-12,제한경쟁,에메랄드종합건설(주)
수서1-1단지 임대아파트 노후배관 및 급수방식개선공사,1012679600 ,2015-07-20,2015-11-16,제한경쟁,(주)동성플랜트
마곡지구 2공구 도시개발사업 조경공사 1차,18968640000 ,2015-07-20,2019-11-30,제한경쟁,주식회사 한라
마포태영 재개발임대아파트 개별난방전환공사,1086865000 ,2015-08-10,2015-12-07,제한경쟁,주식회사 피닉스건설
신방화역 환승주차장 건설공사,5983950000 ,2015-10-06,2016-09-21,제한경쟁,기찬종합건설((주)
천왕지구 8단지 도시형생활주택 및 고척동 156 장기전세주택 건설공사,22787693000 ,2015-10-26,2017-10-24,제한경쟁,동비건설주식회사
정보시스템부 테스트 건설공사,22741012081 ,2015-10-26,2017-10-24,제한경쟁,동비건설주식회사
항동공공주택지구 조성공사,30032790000 ,2015-10-27,2018-11-03,제한경쟁,새천년종합건설 주식회사
"상계장암지구 5단지 및 신내3지구 3,4단지 도시형생활주택 건설공사",22955178069 ,2015-10-28,2017-05-11,제한경쟁,한일건설 주식회사
마천지구 3단지 도시형생활주택 및 거여동 12-1 장기전세주택 건설공사,19933709227 ,2015-11-02,2017-04-19,제한경쟁,(주)원건설
서울 마곡중앙공원 조성공사,119483298000 ,2015-11-09,2018-06-08,제한경쟁,계룡건설산업(주)
서울 위례지구 택지개발사업 단지조성공사(3공구),66549142000 ,2015-12-10,2019-07-10,제한경쟁,주식회사 동양건설산업
천왕지구 8단지 도시형생활주택 및 고척동156 장기전세주택 전기공사,3040230000 ,2015-12-14,2017-10-24,제한경쟁,주식회사 영은전력
천왕지구 8단지 도시형생활주택 및 고척동156 장기전세주택 정보통신공사,1318660000 ,2015-12-14,2017-10-24,제한경쟁,빠름정보통신(주)
마곡 중앙공원 조성 정보통신공사,4938172140 ,2015-12-28,2018-06-08,제한경쟁,성일통신 주식회사
마곡 중앙공원 조성 전기공사,4886131000 ,2015-12-28,2018-06-08,제한경쟁,(주)하나전기
"상계장암지구 5단지 및 신내3지구 3,4단지 도시형생활주택 전기공사",2437386000 ,2015-12-30,2017-06-20,제한경쟁,벽산파워 주식회사
서울 항동공공주택지구 3단지 아파트 및 도시형생활주택 3단지 건설공사(2공구),136474392672 ,2015-12-30,2018-04-26,제한경쟁,한신공영(주)
서울 항동공공주택지구 2단지 아파트 건설공사(1공구),68165660000 ,2015-12-30,2018-04-19,제한경쟁,계룡건설산업(주)
"서울 항동공공주택지구 4단지 아파트 및 도시형생활주택 1,2단지 건설공사(3공구)",66884000000 ,2015-12-30,2018-03-15,제한경쟁,동부건설(주)
서울 항동공공주택지구 8단지 아파트 건설공사(4공구),32836839280 ,2015-12-30,2018-03-16,제한경쟁,신성종합건설(주)
"상계장암지구 5단지 및 신내3지구 3,4단지 도시형생활주택 정보통신공사",1158030000 ,2015-12-30,2017-06-20,제한경쟁,(주)삼지엔지니어링
마천지구 3단지 도시형생활주택 및 거여동 12-1 장기전세주택 전기공사,1898432000 ,2016-02-05,2017-04-19,제한경쟁,(주)인성이엔씨
서울 문정컬처밸리 조성공사,32457535000 ,2016-03-24,2018-01-28,제한경쟁,풍림산업 주식회사
서울 마곡구역 도시개발사업 3공구 기반시설조성공사(2단계),55182279867 ,2016-03-29,2018-03-28,제한경쟁,(주)케이씨씨건설
서울 마곡중앙광장조성공사,38799809000 ,2016-03-29,2018-03-28,제한경쟁,(주)금강주택
2016년 마포권역 임대아파트 시설물 보수공사,1533796900 ,2016-04-01,2017-03-31,제한경쟁,보령종합건설 주식회사
2016년 동대문권역 임대아파트 시설물 보수공사,2100680000 ,2016-04-01,2017-03-31,제한경쟁,명가종합건설 주식회사
2016년 노원권역 임대아파트 시설물 보수공사,2829625000 ,2016-04-01,2017-03-31,제한경쟁,(주)송강건설
2016년 강서권역 임대아파트 시설물 보수공사,2584588300 ,2016-04-01,2017-03-31,제한경쟁,주식회사 서우에코
2016년 강남권역 임대아파트 시설물 보수공사,1981959000 ,2016-04-01,2017-03-31,제한경쟁,청구건설
2016년 송파권역 임대아파트 시설물 보수공사,1623826300 ,2016-04-01,2017-03-31,제한경쟁,(주)새빛씨앤알
2016년 은평권역 임대아파트 시설물 보수공사,1397757000 ,2016-04-01,2017-03-31,제한경쟁,주식회사 서우에코
2016년 성북권역 임대아파트 시설물 보수공사,1662205000 ,2016-04-01,2017-03-31,제한경쟁,(주)금강주택
2016년 양천권역 임대아파트 시설물 보수공사,2964790710 ,2016-04-01,2017-03-31,제한경쟁,주식회사 가나씨엔씨
2016년 관악권역 임대아파트 시설물 보수공사,1968325700 ,2016-04-01,2017-03-31,제한경쟁,(주)리노엠건축
2016년 성동권역 임대아파트 시설물 보수공사,1440145690 ,2016-04-01,2017-03-31,제한경쟁,(주)세진씨엔씨
문정컬처밸리 조성 전기공사,2422710000 ,2016-04-06,2018-01-28,제한경쟁,거성일렉콤(주)
마곡광장 조성 전기공사,2353929000 ,2016-04-14,2018-03-28,제한경쟁,대월기전(주)
수요자 맞춤형(연극인 전용) 공공임대주택 건설공사,1237039000 ,2016-04-29,2016-12-26,제한경쟁,주식회사라움건설
서울 항동공공주택지구 8단지 아파트 정보통신공사,2270861000 ,2016-06-01,2018-06-03,제한경쟁,(주)조일이씨에스
서울 항동공공주택지구 8단지 아파트 전기공사(4공구),4033270000 ,2016-06-01,2018-06-03,제한경쟁,(합)부원전기
은평뉴타운 중심상업지 하천조성공사,6439997000 ,2016-06-07,2017-06-06,제한경쟁,호용종합건설(주)
"서울 항동공공주택지구 4단지 아파트 및 도시형생활주택1,2단지 정보통신공사(3공구)",3944310000 ,2016-06-09,2018-12-04,제한경쟁,(유)영화통신
서울 항동공공주택지구 3단지 아파트 및 도시형생활주택3단지 정보통신공사(2공구),8463888000 ,2016-06-28,2018-08-28,제한경쟁,에이스건설 주식회사
"서울 항동공공주택지구 4단지 아파트 및 도시형생활주택1,2단지 전기공사(3공구)",7898665000 ,2016-06-28,2018-12-04,제한경쟁,주형전기주식회사
돈의문 박물관 마을 조성공사,17335675788 ,2016-06-28,2017-06-02,제한경쟁,한일건설 주식회사
서울 항동공공주택지구 3단지 아파트 및 도시형생활주택 3단지 전기공사 (2공구),15420400000 ,2016-06-28,2018-08-28,제한경쟁,(주)대동전력
"항동 공공주택지구 4단지 아파트 및 도시형생활주택 1,2단지 건설공사 건설사업관리용역",3724248000 ,2016-07-04,2019-03-04,일반경쟁,주식회사 희림종합건축사사무소
돈의문 박물관마을 전기공사,1269191154 ,2016-07-07,2017-07-01,제한경쟁,장원전력
동소문한진 재개발임대아파트 개별난방 전환공사,1431798256 ,2016-07-11,2016-11-07,제한경쟁,주식회사 엘비케이
금호벽산 재개발임대아파트 개별난방 전환공사,2808810000 ,2016-07-29,2016-11-25,제한경쟁,주식회사 피닉스건설
서울항동 공공주택지구 전기 및 교통신호등공사,2175253980 ,2016-08-01,2018-11-03,제한경쟁,주식회사 삼일신호공사
은평뉴타운 구파발역 복합환승시설 및 상암 혜원정사 진입도로 개설공사,2430834000 ,2016-08-02,2017-08-01,제한경쟁,서일종합건설(주)
2016년 남부지역주거복지단 임대아파트 도배 및 장판 교체공사,1401597953 ,2016-08-22,2016-11-30,제한경쟁,윈앤윈하우징(주)
서울 위례지구 택지 전기 및 교통신호등공사(3공구),4060307000 ,2016-08-23,2019-07-10,제한경쟁,(주)연성
마곡2공구 도시개발사업 조경공사(2차),4505876150 ,2016-09-05,2018-09-04,제한경쟁,남광토건 주식회사
서울 항동공공주택지구 2단지 아파트 전기공사(1공구),8394760000 ,2016-09-19,2019-01-08,제한경쟁,(주)삼영전업사
서울 항동공공주택지구 2단지 아파트 정보통신공사(1공구),4682921000 ,2016-09-19,2019-01-08,제한경쟁,송림기술주식회사
오금 공공주택지구 택지조경공사,3813960000 ,2016-09-22,2018-01-24,제한경쟁,용일토건(주)
가양동 1457-1번지 도시형생활주택(모듈러 주택공사 연계) 건설공사,2548246131 ,2016-10-06,2017-09-23,제한경쟁,신우건설산업(주)
서울 마곡도시개발사업지구 9단지 아파트 건설공사,225016143211 ,2017-01-11,2020-12-17,제한경쟁,한신공영(주)
서울고덕강일 공공주택지구 택지조성공사,57112968000 ,2017-02-08,2020-02-27,제한경쟁,남광토건 주식회사
서울고덕강일 공공주택지구 지장물 및 석면 철거공사,2043726300 ,2017-02-09,2018-02-08,제한경쟁,두리공영(주)
성동권역 임대주택 시설물 유지보수공사,2187588000 ,2017-04-01,2019-03-31,제한경쟁,(주)덕암리페아
강남권역 임대주택 시설물 유지보수공사,3115717870 ,2017-04-01,2019-03-31,제한경쟁,(주)전흥건설
강서권역 임대주택 시설물 유지보수공사,2719818000 ,2017-04-01,2019-03-31,제한경쟁,주식회사 대명이십일
관악권역 임대주택 시설물 유지보수공사,2205033000 ,2017-04-01,2019-03-31,제한경쟁,주식회사 범창건설
노원권역 임대주택 시설물 유지보수공사,3883589000 ,2017-04-01,2019-03-31,제한경쟁,동영개발
동대문권역 임대주택 시설물 유지보수공사,2274517839 ,2017-04-01,2019-03-31,제한경쟁,인정이엔지 주식회사
마포권역 임대주택 시설물 유지보수공사,2267347000 ,2017-04-01,2019-03-31,제한경쟁,에스트건설(주)
성북권역 임대주택 시설물 유지보수공사,1820341000 ,2017-04-01,2019-03-31,제한경쟁,주식회사 대륜씨에스
송파권역 임대주택 시설물 유지보수공사,1664097000 ,2017-04-01,2019-03-31,제한경쟁,(주)마진건설
양천권역 임대주택 시설물 유지보수공사,2090116799 ,2017-04-01,2019-03-31,제한경쟁,등명종합건설주식회사
은평권역 임대주택 시설물 유지보수공사,2026710000 ,2017-04-01,2019-03-31,제한경쟁,명신건설(주)
남부권역 소규모 임대주택 시설물 유지보수공사,1110366370 ,2017-04-01,2019-03-31,제한경쟁,다사건설(주)
북부권역 소규모 임대주택 시설물 유지보수공사,2636555000 ,2017-04-01,2019-03-31,제한경쟁,삼진비에스(주)
서부권역 소규모 임대주택 시설물 유지보수공사,1645574000 ,2017-04-01,2019-03-31,제한경쟁,주식회사 저스티스이엔씨
중부권역 소규모 임대주택 시설물 유지보수공사,1278448800 ,2017-04-01,2019-03-31,제한경쟁,주식회사 도은건설
신정도시개발사업 단지조성공사,3127003000 ,2017-04-28,2019-02-25,제한경쟁,아이엠유건설(주)
수요자 맞춤형(연극인전용 2호) 공공임대주택 건설공사,1357000000 ,2017-05-25,2017-12-27,제한경쟁,주식회사 유창이앤씨
위례 택지개발사업 조경공사(3공구),34099000000 ,2017-06-07,2021-09-30,제한경쟁,(주)케이씨씨건설
구 원각사 부지 주민공동이용시설 건립공사,1310861000 ,2017-06-29,2018-01-29,제한경쟁,정로건설 주식회사
서울 마곡도시개발사업지구 9단지 아파트건설 정보통신공사,11039402000 ,2017-07-06,2019-10-08,제한경쟁,덕산정보통신 주식회사
위례지구 A1-13BL 아파트 정보통신공사,4176755000 ,2017-07-06,2019-08-15,제한경쟁,(주)대인정보통신
양재천 우안도로 개설공사,37689954556 ,2017-07-10,2020-01-10,제한경쟁,남광토건 주식회사
신내3지구 방음벽설치 및 진입도로 개선공사,1241526800 ,2017-07-17,2018-01-12,제한경쟁,호용종합건설(주)
당고개 경로당 부지 앵커시설 건립공사,3697136900 ,2017-07-17,2018-02-16,제한경쟁,우륭건설(주)
서울 마곡도시개발사업지구 9단지 아파트 건설 전기공사,23200004000 ,2017-07-19,2019-10-08,제한경쟁,주식회사 대전사
항동공공주택지구 택지 조성 및 공원관리사무소 정보통신공사,1077352489 ,2017-07-28,2018-11-03,제한경쟁,기찬정보통신(주)
위례지구 A1-13BL 아파트 전기공사,9274893000 ,2017-07-28,2019-08-15,제한경쟁,(주)삼흥전력
2017년 북부지역주거복지단 임대아파트 도배 및 장판 교체공사,1273747023 ,2017-08-14,2017-11-30,제한경쟁,(주)미화
2017년 남부지역주거복지단 임대아파트 도배 및 장판 교체공사,1546815000 ,2017-08-14,2017-11-30,제한경쟁,(주)삼정데코
장지동길 신설 도로개설공사,38618813300 ,2017-08-30,2020-08-28,제한경쟁,양우건설 주식회사
항동 공공주택사업 택지조경공사,14270155000 ,2017-11-03,2019-10-31,제한경쟁,주식회사 호반건설
서울 위례택지개발지구 A1-13단지 공동주택 건설공사,77016957968 ,2017-11-15,2019-08-15,제한경쟁,주식회사 대명건설
동남로 가로조성 공사,3304146000 ,2017-12-20,2018-12-19,제한경쟁,주식회사 지승종합조경
위례신도시(3공구) 스마트시티 정보통신공사,4241372200 ,2017-12-22,2019-09-30,제한경쟁,두산건설 주식회사
항동초등학교 건설공사,13549588000 ,2017-12-26,2019-02-18,제한경쟁,주식회사 국원건설
고덕강일 공공주택지구 4단지 아파트 건설공사,116538508160 ,2017-12-29,2020-06-30,제한경쟁,두산건설 주식회사
고덕강일 공공주택지구 7단지 아파트 건설공사,101187419304 ,2017-12-29,2020-05-20,제한경쟁,화성산업주식회사
오류1동 행복주택 건설공사,14768762100 ,2017-12-29,2020-03-25,제한경쟁,주식회사 보미건설
고덕강일 공공주택지구 6단지 아파트 건설공사,115588076350 ,2017-12-29,2020-04-05,제한경쟁,두산중공업 주식회사
정승훈 테스트,108826907207 ,2017-12-29,2020-04-05,제한경쟁,두산중공업 주식회사
정릉 공공주택지구 조성사업(행복주택 건설),11343052953 ,2017-12-29,2019-07-14,제한경쟁,대흥토건 주식회사
고덕강일 6단지 아파트 건설공사 감독권한대행 등 건설사업관리용역(긴급),5047721000 ,2018-01-17,2020-07-24,일반경쟁,(주)케이디엔지니어링건축사사무소
고덕강일 4단지 아파트 건설공사 감독권한대행 등 건설사업관리용역(긴급),5361048900 ,2018-01-17,2020-10-18,일반경쟁,주식회사 아이티엠코퍼레이션건축사사무소
서울 항동초등학교 신축 전기공사,2955468000 ,2018-01-17,2019-02-18,제한경쟁,성민전기 주식회사
고덕강일 7단지 아파트 건설공사 감독권한대행 등 건설사업관리용역(긴급),4990000000 ,2018-01-17,2020-09-07,일반경쟁,주식회사 펨코엔지니어링 건축사사무소
위례택지개발지구 A1-3단지 공동주택 건설공사,56194769880 ,2018-02-27,2020-05-23,제한경쟁,계룡건설산업 주식회사
위례택지개발지구 A1-3BL 공동주택 건설 정보통신공사,3134718000 ,2018-02-27,2020-05-23,제한경쟁,엠앨캐스트주식회사
위례택지개발지구 A1-3BL 공동주택 건설 전기공사,7079122000 ,2018-02-27,2020-05-23,제한경쟁,주식회사진성산전
"도시철도 8호선 문정역 연결통로 설치 및 부대시설 이,신설 공사",12629676000 ,2018-03-05,2021-03-03,제한경쟁,주식회사 흥화
고덕강일공공주택지구 9단지 아파트 정보통신공사,2278611000 ,2018-03-13,2020-01-30,제한경쟁,충청통신(자)
고덕강일공공주택지구 11단지 아파트 정보통신공사,3208512000 ,2018-03-13,2020-04-15,제한경쟁,(주)삼영기업
고덕강일공공주택지구 13단지 아파트 정보통신공사,4235832000 ,2018-03-13,2020-06-08,제한경쟁,(주)빅스타건설
고덕강일공공주택지구 7단지 아파트 전기공사,11867141000 ,2018-03-23,2020-05-20,제한경쟁,(주)광명에너지
고덕강일공공주택지구 6단지 아파트 전기공사,14301521000 ,2018-03-23,2020-04-05,제한경쟁,옵티멀에너지서비스 주식회사
고덕강일공공주택지구 4단지 아파트 전기공사,14850133000 ,2018-03-23,2020-06-30,제한경쟁,대상전설(주)
고덕강일공공주택지구 8단지 아파트 전기공사,11461116000 ,2018-03-23,2020-06-11,제한경쟁,대선이엔씨(주)
고덕강일공공주택지구 6단지 아파트 정보통신공사,7332888000 ,2018-03-30,2020-04-05,제한경쟁,엘에스전선 주식회사
고덕강일공공주택지구 7단지 아파트 정보통신공사,6187243900 ,2018-03-30,2020-05-20,제한경쟁,주식회사 싸인텔레콤
고덕강일공공주택지구 8단지 아파트 정보통신공사,5907125000 ,2018-03-30,2020-06-11,제한경쟁,두산건설 주식회사
고덕강일공공주택지구 11단지 아파트 전기공사,5759712000 ,2018-03-30,2020-04-15,제한경쟁,한국전기안전써비스(주)
고덕강일공공주택지구 13단지 아파트 전기공사,9371946202 ,2018-03-30,2020-06-08,제한경쟁,기룡전기주식회사
고덕강일공공주택지구 4단지 아파트 정보통신공사,7735467000 ,2018-03-30,2020-06-30,제한경쟁,코위버(주)
고덕강일공공주택지구 9단지 아파트 전기공사,4737303000 ,2018-03-30,2020-01-30,제한경쟁,(주)삼영전업사
"마천지구 공동주택 3,4블록 건설공사",8085372100 ,2018-04-05,2019-05-20,제한경쟁,주식회사성지우종합건설
고덕강일공공주택지구 4단지 아파트 가스배관공사,1420823000 ,2018-04-09,2020-06-30,제한경쟁,덕원개발(주)
고덕강일공공주택지구 4단지 아파트 옥외 기계설비공사,5990368000 ,2018-04-09,2020-06-30,제한경쟁,세경엔지니어링(주)
정릉 공공주택지구 전기공사,1175299390 ,2018-05-03,2019-07-14,제한경쟁,택산전설 주식회사
마포태영 임대아파트 지역난방 전환공사,1319947000 ,2018-05-04,2018-11-29,제한경쟁,금문테크주식회사
마천지구 기반시설 보완공사,1205379000 ,2018-05-24,2018-11-22,제한경쟁,주식회사 거성토건
양재천 우안도로 개설 전기공사,1013042070 ,2018-05-25,2020-01-10,제한경쟁,(주)영남전력
천왕2지구 보강토옹벽 보강공사,1305427000 ,2018-05-29,2018-09-25,제한경쟁,학선종합건설 주식회사
은평뉴타운 기반시설 보완공사,1362561150 ,2018-06-08,2019-06-07,제한경쟁,서광종합개발 주식회사
고덕강일 8단지 아파트 건설공사 감독권한대행 등 건설사업관리용역(긴급),4964634000 ,2018-06-11,2021-02-22,일반경쟁,주식회사 희림종합건축사사무소
가양4단지 위생도기류 교체공사,1708538900 ,2018-06-11,2018-12-07,제한경쟁,(주)시스템하나
대치1단지 위생도기류 교체공사,1320414870 ,2018-06-11,2018-12-07,제한경쟁,대흥이앤지(주)
고덕강일 공공주택지구 8단지 아파트 건설공사,96923699118 ,2018-06-11,2020-06-11,제한경쟁,대보건설(주)
2018년 남부지역주거복지단 임대아파트 도배 및 장판 교체공사,2660713000 ,2018-06-29,2018-11-30,제한경쟁,주식회사 대경엠앤씨
2018년 중부지역주거복지단 임대아파트 도배 및 장판 교체공사,1387608953 ,2018-06-29,2018-11-30,제한경쟁,(주)은민에스엔디
2018년 서부지역주거복지단 임대아파트 도배 및 장판 교체공사,3262399000 ,2018-06-29,2018-11-30,제한경쟁,명성건업(주)
2018년 북부지역주거복지단 임대아파트 도배 및 장판 교체공사,1283175281 ,2018-06-29,2018-11-30,제한경쟁,에스유디자인(주)
목동2차우성단지 노후 난방배관 교체공사,2734711910 ,2018-07-05,2018-11-01,제한경쟁,동화산업 주식회사
오류1동 행복주택 전기공사,2309977477 ,2018-08-31,2020-03-25,제한경쟁,미래월드안전(주)
고덕강일 공공주택지구 9단지 아파트 건설공사,34188290494 ,2018-09-03,2020-01-30,제한경쟁,고려개발 주식회사
고덕강일 공공주택지구 14단지 아파트 건설공사,79326061139 ,2018-09-03,2020-10-01,제한경쟁,대우조선해양건설 주식회사
고덕강일 공공주택지구 11단지 아파트 건설공사,39933300000 ,2018-09-03,2020-04-15,제한경쟁,신동아건설 주식회사
위례택지개발지구 A1-5BL 공동주택 건설공사,173239385437 ,2018-09-11,2021-04-08,제한경쟁,주식회사 한화건설
서울 고덕강일 공공주택지구 택지 전기공사,1404670920 ,2018-09-20,2020-02-27,제한경쟁,(주)일조이에스
2018년 강서권역 임대주택 서설물 유지보수공사,1494164200 ,2018-10-15,2019-03-31,제한경쟁,태린건설 주식회사
위례택지개발지구 A1-12BL 공동주택 건설공사,57033837895 ,2018-10-18,2021-03-03,제한경쟁,진흥기업(주)
위례택지개발지구 A1-12BL공동주택 정보통신공사,3646801000 ,2018-10-30,2021-03-03,제한경쟁,한선씨앤씨 주식회사
위례택지개발지구 A1-5BL 공동주택 정보통신공사,9696190000 ,2018-10-30,2021-04-08,제한경쟁,드림네트웍스 주식회사
고덕강일 공공주택지구 14단지 아파트 정보통신공사,5684503000 ,2018-11-06,2020-10-01,제한경쟁,주식회사 하이큐넷
고덕강일 공공주택지구 14단지 아파트 전기공사,10480144000 ,2018-11-06,2020-10-01,제한경쟁,(주)현대계전
위례택지개발지구 A1-12BL 공동주택 전기공사,7859988000 ,2018-11-14,2021-03-03,제한경쟁,영일전설주식회사
2018년 양천권역 임대주택 시설물 유지보수공사,1113683880 ,2018-11-16,2019-03-31,제한경쟁,엠에스건설주식회사
회현동 앵커시설 공사(검은벽돌집 증축 및 계단집 리모델링),1176078000 ,2018-11-22,2019-03-31,제한경쟁,주식회사 청우그룹
항동중학교 교사 신축공사,13590084000 ,2018-12-11,2020-02-03,제한경쟁,새천년종합건설 주식회사
항동중학교 교사 신축 전기공사,2677915212 ,2019-01-07,2020-02-03,제한경쟁,이천이전력주식회사
위례택지개발지구 A1-5BL 공동주택 전기공사,24065030000 ,2019-01-15,2021-04-08,제한경쟁,정원전설  주식회사
신정 도시개발구역 행복주택 건설공사,8978960588 ,2019-01-24,2020-10-28,제한경쟁,샘코건설 주식회사
서울내곡 공공주택지구 지구외도로 건설공사,14184295000 ,2019-02-27,2021-04-16,제한경쟁,(주)삼전건설
강서센터-3 임대아파트 시설물 유지보수공사,1642313700 ,2019-04-01,2021-03-31,제한경쟁,에이비씨상사(주)
관악동작센터 임대아파트 시설물 유지보수공사,3263828460 ,2019-04-01,2021-03-31,제한경쟁,(주)신기원종합건설
강남서초센터-1 임대아파트 시설물 유지보수공사,3014573170 ,2019-04-01,2021-03-31,제한경쟁,주식회사 건융
구로금천센터 임대아파트 시설물 유지보수공사,2229007000 ,2019-04-01,2021-03-31,제한경쟁,주식회사 평광건설
노원도봉센터-1 임대아파트 시설물 유지보수공사,1942772700 ,2019-04-01,2021-03-31,제한경쟁,주마건설(주)
강남서초센터-2 임대아파트 시설물 유지보수공사,2214711000 ,2019-04-01,2021-03-31,제한경쟁,(주)서황건설
강동센터 임대아파트 시설물 유지보수공사,2446000000 ,2019-04-01,2021-03-31,제한경쟁,인엔지니어링 주식회사
강서센터-1 임대아파트 시설물 유지보수공사,1897270000 ,2019-04-01,2021-03-31,제한경쟁,주식회사 비앤티콘
강서센터-2 임대아파트 시설물 유지보수공사,1877580000 ,2019-04-01,2021-03-31,제한경쟁,(주)은민에스엔디
은평서대문종로센터 임대아파트 시설물 유지보수공사,3470269000 ,2019-04-01,2021-03-31,제한경쟁,(주)신기원종합건설
양천영등포센터 임대아파트 시설물 유지보수공사,3447613933 ,2019-04-01,2021-03-31,제한경쟁,(주)삼진비티
남부권역 소규모 임대주택 시설물 유지보수공사,1207316910 ,2019-04-01,2021-03-31,제한경쟁,이레비앤디 주식회사
송파센터 임대아파트 시설물 유지보수공사,1368190010 ,2019-04-01,2021-03-31,제한경쟁,주식회사 승기건설
성북강북센터 임대아파트 시설물 유지보수공사,2336675000 ,2019-04-01,2021-03-31,제한경쟁,주식회사재왕건설
성동중구센터 임대아파트 시설물 유지보수공사,2516430000 ,2019-04-01,2021-03-31,제한경쟁,(주)강토산업개발
마포용산센터 임대아파트 시설물 유지보수공사,2869548000 ,2019-04-01,2021-03-31,제한경쟁,(주)은성이앤씨
동대문광진중랑센터 임대아파트 시설물 유지보수공사,4084000000 ,2019-04-01,2021-03-31,제한경쟁,새서울건설(주)
노원도봉센터-4 임대아파트 시설물 유지보수공사,1934062900 ,2019-04-01,2021-03-31,제한경쟁,에이치디씨아이서비스 주식회사
노원도봉센터-3 임대아파트 시설물 유지보수공사,1933302283 ,2019-04-01,2021-03-31,제한경쟁,류아건설 주식회사
노원도봉센터-2 임대아파트 시설물 유지보수공사,1932029000 ,2019-04-01,2021-03-31,제한경쟁,비엔에스이건설(주)
서부권역-1 소규모 임대주택 시설물 유지보수공사,1322076000 ,2019-04-01,2021-03-31,제한경쟁,(유)명원건설
서부권역-2 소규모 임대주택 시설물 유지보수공사,1329698000 ,2019-04-01,2021-03-31,제한경쟁,선화건설(주)
서부권역-3 소규모 임대주택 시설물 유지보수공사,1330113040 ,2019-04-01,2021-03-31,제한경쟁,엠에스테크건설(주)
동북권역-1 소규모 임대주택 시설물 유지보수공사,1344035870 ,2019-04-01,2021-03-31,제한경쟁,주식회사 부루건설
동북권역-2 소규모 임대주택 시설물 유지보수공사,1350015690 ,2019-04-01,2021-03-31,제한경쟁,주식회사 현대홈씨티
동북권역-3 소규모 임대주택 시설물 유지보수공사,1365205000 ,2019-04-01,2021-03-31,제한경쟁,상림건업(주)
수서6단지 위생도기류 교체공사,1314158139 ,2019-04-03,2019-10-29,제한경쟁,서전엔지니어링(주)
수서1단지 위생도기류  교체공사,2037370475 ,2019-04-03,2019-10-29,제한경쟁,주식회사 세이크엠이씨
"가양8,9단지 위생도기류  교체공사",1878454887 ,2019-04-03,2019-10-29,제한경쟁,(주)재원피앤드티
가양5단지 위생도기류 교체공사,2243597000 ,2019-04-03,2019-10-29,제한경쟁,주식회사 메타이엔시
강서로 및 양천로길 도로정비공사,4686098000 ,2019-04-04,2020-10-09,제한경쟁,원전종합건설 주식회사
고덕강일 13단지 아파트 건설공사 감독권한대행 등 건설사업관리용역(긴급),4614150000 ,2019-04-29,2022-01-10,제한경쟁,(주)삼우씨엠건축사사무소
고덕강일 공공주택지구 13단지 아파트 건설공사,69537795783 ,2019-05-02,2020-06-08,제한경쟁,주식회사 케이알산업
문정컬처밸리 조경 보완공사,1004857000 ,2019-05-15,2020-05-13,제한경쟁,(주)가산종합조경
신정도시개발구역 행복주택 전기공사,1449882000 ,2019-05-17,2020-10-28,제한경쟁,프로전력(주)
내곡지구 주차장(2)부지 주차전용건축물(복합시설) 건설공사,9014257000 ,2019-05-23,2019-12-30,제한경쟁,현해건설 주식회사
내곡지구 주차장(2)부지 주차전용건축물(복합시설) 전기공사,1922625590 ,2019-05-29,2019-12-30,제한경쟁,(주)신명하이테크
고덕강일 공공주택지구(2지구) 조경공사,8749070000 ,2019-07-25,2023-07-23,제한경쟁,삼성물산 주식회사
2019년 신정양천 임대아파트 LED등기구 교체공사,1184883000 ,2019-07-29,2019-12-13,제한경쟁,오티씨테크놀로지 주식회사
공덕동 행복주택 및 지역편의시설 건설공사(주차타워 건설 및 해체공사 포함),25399961000 ,2019-07-31,2022-01-26,제한경쟁,(주)왕선전설
2019년 양천영등포권역 임대아파트 도배 및 장판교체 공사,1513997000 ,2019-08-22,2019-11-30,제한경쟁,승보건설 주식회사
2019년 송파권역 임대아파트 도배 및 장판교체 공사,2314272604 ,2019-08-22,2019-11-30,제한경쟁,(주)아트인테크
2019년 강서권역 임대아파트 도배 및 장판교체 공사,2603788000 ,2019-08-22,2019-11-30,제한경쟁,(주)삼정데코
가양4단지 외 4개단지 옥상 부분 방수공사,1459576337 ,2019-09-05,2019-11-30,제한경쟁,(주)오에이티엠엔씨
"강빛 초,중 통합학교 신축공사",26102346000 ,2019-10-11,2021-02-07,제한경쟁,주식회사 풍산건설
삼양동 청년주택 건설공사,1386152900 ,2019-10-21,2020-06-16,제한경쟁,라움종합건설 주식회사
은평센터 신축공사,7104442000 ,2019-10-30,2021-01-15,제한경쟁,(주)다짐
중계4단지 공간복지 환경개선 사업 건설공사,1363352800 ,2019-11-15,2020-03-31,제한경쟁,두리종합조경(주)
가양4단지 공간복지 환경개선 사업 건설공사,1089860000 ,2019-11-15,2020-02-12,제한경쟁,맹호종합건설 주식회사
강빛초중 통합학교 신축 전기공사,3668261000 ,2019-11-25,2021-02-07,제한경쟁,유니테크전설(주)
강빛초중 통합학교 신축 정보통신공사,1172793000 ,2019-11-25,2021-02-07,제한경쟁,주식회사 케빅
강빛초중 통합학교 신축 소방공사,1624535275 ,2019-12-09,2021-02-07,제한경쟁,주식회사  나경이엔씨
공덕동 행복주택 및 지역편의시설 전기공사(주차타워 포함),3167416250 ,2019-12-13,2022-01-26,제한경쟁,원진전력(주)
공덕동 행복주택 및 지역편의시설 정보통신공사 (주차타워 포함),2169464135 ,2019-12-13,2022-01-26,제한경쟁,ADT캡스
고덕강일 공공주택지구 3단지 공동주택 설계용역,4462038000 ,2020-01-16,2021-05-18,수의계약,주식회사 해안종합건축사사무소
빈집활용 시범사업 (동소문동7가 2-26 외 1필지) 건설공사,1052047510 ,2020-01-20,2020-10-14,제한경쟁,(주)광백개발
고덕강일 공공주택지구(3지구) 조경공사,7450300000 ,2020-01-28,2024-01-26,제한경쟁,(주)고덕종합건설
세운4구역 도시환경정비사업 건설공사,481056400000 ,2020-02-01,2023-12-31,수의계약,코오롱글로벌 주식회사
세곡2지구 도시형생활주택 건설공사,7716029000 ,2020-02-06,2021-02-22,제한경쟁,명문종합건설주식회사
사천 빗물펌프장 토공사,6701971230 ,2020-03-04,2021-03-03,제한경쟁,주식회사 건영
월계사슴2단지 공간복지 환경개선사업 건설공사,2019383000 ,2020-04-01,2020-09-27,제한경쟁,에이스건설 주식회사
세실극장 시민공간 조성사업(리모델링 공사),1070093400 ,2020-04-03,2020-09-09,제한경쟁,큰빛종합건설 주식회사
"방화2,9단지 위생도기류 교체공사",1551956970 ,2020-05-21,2020-12-22,제한경쟁,(주)제이에스건설
신정양천 위생도기류 교체 및 욕조철거공사,3964249210 ,2020-05-21,2020-12-22,제한경쟁,매일엔지니어링(주)
공릉1단지 위생도기류 교체공사,1219589000 ,2020-05-21,2020-12-22,제한경쟁,(주)동연이앤씨
"방화6,11단지 위생도기류 교체 및 욕조철거공사",1973631830 ,2020-05-21,2020-12-22,제한경쟁,주식회사 윈피앤에스
삼양동 빈집활용 행복주택 건설공사,2246277100 ,2020-06-05,2021-03-28,제한경쟁,주식회사 백림종합건설
2020년 장지2단지 외 7개단지 임대아파트 LED등기구 교체공사,1089858000 ,2020-07-20,2020-11-20,제한경쟁,주식회사 임광기전
2020년 창전삼성 외 5개단지 임대아파트 LED등기구 교체공사,1108514000 ,2020-07-20,2020-11-20,제한경쟁,주식회사태영이앤지
2020년 상도SH빌 외 7개단지 임대아파트 LED등기구 교체공사,1116500000 ,2020-07-20,2020-11-20,제한경쟁,(주)이웰파워테크
고덕강일 공공주택지구(1지구) 조경공사,25875923000 ,2020-07-29,2025-07-27,제한경쟁,동부건설 주식회사
2020년 관악동작권역 임대아파트 도배 및 장판교체 공사,1431974500 ,2020-08-27,2020-11-20,제한경쟁,유니버스건설주식회사
2020년 강동권역 임대아파트 도배 및 장판교체 공사,2854827000 ,2020-08-27,2020-11-20,제한경쟁,예건디자인주식회사
2020년 강서권역 임대아파트 도배 및 장판교체 공사,1991178780 ,2020-08-27,2020-11-20,제한경쟁,디자인그룹민우
2020년 양천영등포권역 임대아파트 도배 및 장판교체 공사,1135463580 ,2020-08-27,2020-11-20,제한경쟁,(주)고감도
2020년 은평서대문종로권역 임대아파트 도배 및 장판교체 공사,1811568500 ,2020-08-27,2020-11-20,제한경쟁,산양공영 주식회사
2020년 노원도봉권역 임대아파트 도배 및 장판교체 공사,1607668000 ,2020-08-27,2020-11-20,제한경쟁,주식회사엠플러스 건설
방화동 주민센터 건설공사,3479617000 ,2020-09-04,2021-09-07,제한경쟁,정원종합건설 주식회사
고덕강일 공공주택지구 기반시설(공원 등) 정보통신공사,4074556000 ,2020-09-10,2025-07-27,제한경쟁,주식회사 신우텔렉시스
고덕강일 공공주택지구 기반시설(공원 등) 전기공사,4523058000 ,2020-09-10,2025-07-27,제한경쟁,주식회사 불꽃
방화동 행복주택 건설공사,25299990000 ,2020-09-11,2022-08-10,제한경쟁,(주)서해종합건설
옥인동 공공한옥 신축공사,2232820470 ,2020-09-11,2021-09-10,제한경쟁,주식회사 계산엔지니어링
방화동 행복주택 및 주민센터 전기공사,3889230900 ,2020-09-28,2022-08-10,제한경쟁,주식회사 명성전력
방화동 행복주택 및 주민센터 정보통신공사,2330413000 ,2020-09-28,2022-08-10,제한경쟁,주식회사 건주
방화동 행복주택 및 주민센터 소방공사,2984403630 ,2020-10-08,2022-08-10,제한경쟁,주식회사 유원이씨에스
2020년 은평서대문종로센터 임대아파트 재도장공사 (2),1473142000 ,2020-10-12,2020-12-30,제한경쟁,(주)예찬도장기업
가양5단지 외 4개단지 옥상 부분 방수공사,1194939070 ,2020-10-21,2020-12-19,제한경쟁,극동크리트 주식회사
방화동 행복주택 및 주민센터 건설공사 감독권한대행 등 건설사업관리용역,2797984000 ,2020-11-06,2022-12-04,제한경쟁,주식회사 아이티엠코퍼레이션건축사사무소
성동구치소 석면해체 및 시설물 철거공사,2875039850 ,2020-12-12,2021-12-11,제한경쟁,두리공영(주)
서울 공공한옥 한옥체험시설 리모델링 공사,2268124000 ,2020-12-28,2021-09-08,제한경쟁,차원종합건설(주)
연희 공공주택 복합시설 건설공사,24582812000 ,2021-01-21,2022-08-08,제한경쟁,주식회사 영동건설
세운4구역 도시환경정비사업 전기공사,37888400000 ,2021-02-01,2023-12-31,수의계약,(주)미동이엔씨
세운4구역 도시환경정비사업 정보통신공사,31960830000 ,2021-02-01,2023-12-31,수의계약,주식회사 엘지씨엔에스
연희 공공주택 복합시설 소방공사,1268712640 ,2021-02-05,2022-08-08,제한경쟁,다린전력(주)
연희 공공주택 복합시설 전기공사,2386492000 ,2021-02-05,2022-08-08,제한경쟁,신원전설(주)
연희 공공주택 복합시설 정보통신공사,1266476960 ,2021-02-05,2022-08-08,제한경쟁,주식회사 대광사업단
성동중구센터 임대아파트 시설물 유지보수공사,5758872000 ,2021-04-01,2023-03-31,제한경쟁,주식회사 현대홈씨티
강서센터 소규모 임대주택 시설물 유지보수공사,1693691900 ,2021-04-01,2023-03-31,제한경쟁,정길건설(주)
구로금천센터 소규모 임대주택 시설물 유지보수공사,1588419000 ,2021-04-01,2023-03-31,제한경쟁,엠아이티건설 (주)
성북/성동-1 소규모 임대주택 시설물 유지보수공사,1790643000 ,2021-04-01,2023-03-31,제한경쟁,栗林建設 株式會社
성북/성동-2 소규모 임대주택 시설물 유지보수공사,1469635000 ,2021-04-01,2023-03-31,제한경쟁,(주)파이런텍
동대문광진중랑센터 소규모 임대주택 시설물 유지보수공사,1320056800 ,2021-04-01,2023-03-31,제한경쟁,(주)팔공산업개발
강남서초센터-1 임대아파트 시설물 유지보수공사,4765970000 ,2021-04-01,2023-03-31,제한경쟁,평안건설 주식회사
강남서초센터-2 임대아파트 시설물 유지보수공사,4745400000 ,2021-04-01,2023-03-31,제한경쟁,(주)라온이앤씨
관악동작센터-1 임대아파트 시설물 유지보수공사,1436726000 ,2021-04-01,2023-03-31,제한경쟁,주식회사해동건설
관악동작센터-2 임대아파트 시설물 유지보수공사,1452322990 ,2021-04-01,2023-03-31,제한경쟁,(주)재우씨엔씨
강동센터 임대아파트 시설물 유지보수공사,5147000000 ,2021-04-01,2023-03-31,제한경쟁,제이엠종합건설(주)
송파센터 임대아파트 시설물 유지보수공사,5515909000 ,2021-04-01,2023-03-31,제한경쟁,선구산업(주)
강서센터-1 임대아파트 시설물 유지보수공사,3234607243 ,2021-04-01,2023-03-31,제한경쟁,(주)동광이엔지
강서센터-2 임대아파트 시설물 유지보수공사,3170596000 ,2021-04-01,2023-03-31,제한경쟁,명두건설 주식회사
강서센터-3 임대아파트 시설물 유지보수공사,4204868300 ,2021-04-01,2023-03-31,제한경쟁,한샘건설(주)
양천영등포센터-1 임대아파트 시설물 유지보수공사,3791788400 ,2021-04-01,2023-03-31,제한경쟁,(주)신원이엔지개발
양천영등포센터-2 임대아파트 시설물 유지보수공사,3776141000 ,2021-04-01,2023-03-31,제한경쟁,도아기업 주식회사
구로금천센터 임대아파트 시설물 유지보수공사,5209706000 ,2021-04-01,2023-03-31,제한경쟁,(주)펜테크
마포용산센터-1 임대아파트 시설물 유지보수공사,4346225000 ,2021-04-01,2023-03-31,제한경쟁,조이엘건설(주)
마포용산센터-2 임대아파트 시설물 유지보수공사,4181463870 ,2021-04-01,2023-03-31,제한경쟁,(주)케이엔비건설
은평서대문센터-1 임대아파트 시설물 유지보수공사,6396995000 ,2021-04-01,2023-03-31,제한경쟁,케이디종합건설 주식회사
은평서대문센터-2 임대아파트 시설물 유지보수공사,2286669000 ,2021-04-01,2023-03-31,제한경쟁,극동에이앤씨(주)
성북강북센터 임대아파트 시설물 유지보수공사,5792039000 ,2021-04-01,2023-03-31,제한경쟁,(주)송강건설
노원도봉센터-1 임대아파트 시설물 유지보수공사,3663572000 ,2021-04-01,2023-03-31,제한경쟁,주식회사 승영건설
노원도봉센터-2 임대아파트 시설물 유지보수공사,3684714000 ,2021-04-01,2023-03-31,제한경쟁,(주)서승건설
노원도봉센터-3 임대아파트 시설물 유지보수공사,3585743400 ,2021-04-01,2023-03-31,제한경쟁,주식회사재왕건설
동대문광진센터-2 임대아파트 시설물 유지보수공사,3300561000 ,2021-04-01,2023-03-31,제한경쟁,(주)에치에스건설
동대문광진센터-1 임대아파트 시설물 유지보수공사,3315961000 ,2021-04-02,2023-03-30,제한경쟁,주식회사 동심건설
상도신동아 임대아파트 개별난방 전환공사,3574495180 ,2021-05-13,2021-12-20,제한경쟁,메인테크플랜트(주)
"신내9,12단지 위생도기류 교체공사",1062786000 ,2021-06-01,2021-10-31,제한경쟁,주식회사 서유종합건설
"월계사슴1,2단지 위생도기류 교체공사",1944179770 ,2021-06-01,2021-10-31,제한경쟁,시앤디건설(주)
신내10단지 위생도기류 교체공사,1320348220 ,2021-06-01,2021-10-31,제한경쟁,주식회사 쓰리아이디아키테리어
2021년 강일6단지 외 9개단지 임대아파트 LED등기구 교체공사,2423241620 ,2021-09-03,2021-11-25,제한경쟁,(주)동산전력
2021년 강일1단지 외 8개단지 임대아파트 LED등기구 교체공사,2123235210 ,2021-09-03,2021-11-25,제한경쟁,주식회사 라인
2021년 은평1지구 1단지 외 15개단지 임대아파트 LED등기구 교체공사,2019085200 ,2021-09-03,2021-11-25,제한경쟁,(주)다원전력설비
2021년 목동2차우성 외 11개단지 임대아파트 LED등기구 교체공사,1218462920 ,2021-09-03,2021-11-25,제한경쟁,용천엔지니어링(주)
2021년 성북강북권역 임대아파트 도배 및 장판교체 공사,1268371880 ,2021-09-06,2021-11-30,제한경쟁,주식회사 투맨건설
2021년 은평서대문종로권역 임대아파트 도배 및 장판교체 공사,2085897640 ,2021-09-06,2021-11-30,제한경쟁,주식회사 경인인더스트리
2021년 관악동작권역 임대아파트 도배 및 장판교체 공사,1306161410 ,2021-09-06,2021-11-30,제한경쟁,(주)디자인자라손
2021년 양천영등포권역 임대아파트 도배 및 장판교체 공사,1227976900 ,2021-09-06,2021-11-30,제한경쟁,(주)풀기획디자인
2021년 노원도봉권역 임대아파트 도배 및 장판교체 공사,1497119180 ,2021-09-06,2021-11-30,제한경쟁,대호건축주식회사
2021년 마포용산권역 임대아파트 도배 및 장판교체 공사,1594988820 ,2021-09-06,2021-11-30,제한경쟁,(주)동부건일
2021년 강동권역 임대아파트 도배 및 장판교체 공사,1283311780 ,2021-09-06,2021-11-30,제한경쟁,선토리건설 주식회사
등촌동 어울림플라자 건설공사,40658620580 ,2021-11-08,2024-02-06,제한경쟁,대의건설 주식회사
면목 한사랑 아파트 및 주차장 일대 해체공사(석면해체 포함),1374971400 ,2021-11-15,2022-05-13,제한경쟁,주식회사 산천개발
청석 거주자우선주차장 및 한누리 공영주차장 복합화사업 건설공사,14079246830 ,2021-12-03,2024-03-13,제한경쟁,고황건설 주식회사
등촌동 어울림플라자 소방공사,4135649990 ,2021-12-06,2024-02-06,제한경쟁,(주)신한전기
등촌동 어울림플라자 정보통신공사,1560935800 ,2021-12-16,2024-02-06,제한경쟁,(주)무궁화전자
등촌동 어울림플라자 전기공사,4071599000 ,2021-12-16,2024-02-06,제한경쟁,동서산업
고덕강일공공주택지구 2BL 제로에너지아파트 건설공사,116092691000 ,2022-02-25,2024-10-02,기타,(주)태영건설
2022년 신정푸른마을1 외 4개단지 인터폰 교체공사,1550546730 ,2022-03-14,2022-11-30,제한경쟁,주식회사 투비콤
"방학동 313-7,38번지 공공리모델링 공사",2141199463 ,2022-04-04,2023-02-16,제한경쟁,(주)에스앤비건설
답십리 제17구역 주택재개발정비사업 아파트 건설공사,94019000000 ,2022-05-23,2025-02-25,수의계약,주식회사 삼호
고덕강일공공주택지구 2BL 제로에너지아파트 소방(전기)공사,2273511000 ,2022-06-24,2024-10-02,제한경쟁,주식회사 창승전력
고덕강일공공주택지구 2BL 제로에너지아파트 정보통신공사,5953566000 ,2022-06-24,2024-10-02,제한경쟁,주식회사 온리정보통신
고덕강일공공주택지구 2BL 제로에너지아파트 전기공사,9979541000 ,2022-06-24,2024-10-02,제한경쟁,대일전기 주식회사
신월동 460-11 공동체주택 건설공사,1017212680 ,2022-06-27,2023-05-13,제한경쟁,주식회사 디엔아이컨스트럭션
중계3단지 수도꼭지 교체공사,1208910690 ,2022-07-22,2022-12-16,제한경쟁,주식회사 엑타
중계4단지 수도꼭지 교체공사,1043437030 ,2022-07-22,2022-12-16,제한경쟁,상지이앤씨 (주)
은평 문화공원3 문화재 보수정비공사,1667193000 ,2022-07-28,2025-07-26,제한경쟁,삼부토건 주식회사
빈집활용사업 4차 철거공사,1855565690 ,2022-08-01,2023-10-05,일반경쟁,주식회사 청하건설
서울오금 공공주택지구 조성공사(소음저감시설 설치공사),1287720800 ,2022-09-05,2023-06-01,제한경쟁,에스트건설(주)
서울창동 도시개발사업 조성공사,1077071000 ,2022-09-13,2023-06-09,제한경쟁,진건종합건설(주)
방화대로8길 및 마곡중앙1로 개선공사,1807741490 ,2022-09-19,2023-02-18,제한경쟁,주식회사 일호종합건설
2022년 답십리래미안 외 9개단지 임대아파트 LED등기구 교체공사,1014826570 ,2022-10-03,2022-12-20,제한경쟁,세세건설 주식회사
2022년 옥수삼성 외 4개단지 임대아파트 LED등기구 교체공사,1204964480 ,2022-10-03,2023-01-20,제한경쟁,대월기전(주)
문정지구 및 동남권유통단지 기반시설 보완공사,3450435000 ,2022-10-11,2023-06-10,제한경쟁,(주)유일엔지니어링
2022-시설관리부-재도장공사-3,1100739000 ,2022-10-19,2023-01-11,제한경쟁,엔에스사인기획 주식회사
2022-시설관리부-재도장공사-2,1234403000 ,2022-10-19,2023-01-11,제한경쟁,경태건설(주)
2022-시설관리부-재도장공사-1,1588406500 ,2022-10-19,2023-01-11,제한경쟁,(주)세운씨앤씨
2022년 강동권역 임대아파트 도배 및 장판교체공사,2478941130 ,2022-10-24,2023-01-14,제한경쟁,주식회사 디자인엔케이알
2022년 양천영등포권역 임대아파트 도배 및 장판교체공사,2592540410 ,2022-10-24,2023-01-14,제한경쟁,(주)다스디자인
2022년 구로금천권역 임대아파트 도배 및 장판교체공사,3369002700 ,2022-10-24,2023-01-14,제한경쟁,(주)태온디자인
2022년 성북강북권역 임대아파트 도배 및 장판교체공사,2176213160 ,2022-10-24,2023-01-14,제한경쟁,대라수건설 주식회사
2022년 관악동작권역 임대아파트 도배 및 장판교체공사,1270957300 ,2022-10-24,2023-01-14,제한경쟁,주식회사 리엘에스앤디
2022년 노원도봉권역 임대아파트 도배 및 장판교체공사,1767972800 ,2022-10-24,2023-01-14,제한경쟁,주식회사 다옴산업개발
2022년 강남서초권역 임대아파트 도배 및 장판교체공사,1198130400 ,2022-10-24,2023-01-14,제한경쟁,주식회사 대림이앤씨
2022년 은평서대문종로권역 임대아파트 도배 및 장판교체공사,1423045000 ,2022-10-24,2023-01-14,제한경쟁,주식회사 에코21이앤씨
2022년 마포용산권역 임대아파트 도배 및 장판교체공사,1858946730 ,2022-10-24,2023-01-14,제한경쟁,(주)한미인테리어
빈집활용사업(초행지붕-화곡) 건설공사,1057317370 ,2022-11-03,2023-08-02,제한경쟁,주식회사 리엘에스앤디
상도SH빌 외 2개단지 지하주차장 바닥 에폭시 보수공사,1217711640 ,2022-11-04,2023-01-31,일반경쟁,주식회사 태동종합건설
고덕강일지구 스마트도시  정보통신공사,3367380480 ,2022-12-02,2024-11-01,제한경쟁,(주)에스티씨
2022년 은평2-1 외 6개단지 임대아파트 LED등기구 교체공사,1672183530 ,2023-01-17,2023-05-31,제한경쟁,주식회사 서경일렉콤
2022년 상계장암1 외 8개단지 임대아파트 LED등기구 교체공사,1203182800 ,2023-01-17,2023-05-31,제한경쟁,이에스콘트롤스 (주)
청석 거주자우선주차장 및 한누리 공영주차장 복합화사업 전기공사,1451350200 ,2023-02-02,2024-03-13,제한경쟁,주요이앤씨주식회사
청석 거주자우선주차장 및  한누리 공영주차장 복합화사업 소방공사,1445990500 ,2023-02-10,2024-03-13,제한경쟁,(주)부현전기
양천/영등포센터 소규모주택 시설물 유지보수공사,1324347000 ,2023-04-01,2025-04-30,제한경쟁,대호건설 주식회사
강남서초-1 임대아파트 시설물 유지보수공사,3668736000 ,2023-04-01,2025-04-30,제한경쟁,"에쓰와이이앤씨 주식회사 (SY ENC., Ltd)"
강서-3 임대아파트 시설물 유지보수공사,3800533520 ,2023-04-01,2025-04-30,제한경쟁,주식회사 정주건설
강남서초-3 임대아파트 시설물 유지보수공사,3782794000 ,2023-04-01,2025-04-30,제한경쟁,성보건설 주식회사
마포/용산/은평/서대문센터-1 소규모주택 시설물 유지보수공사,2189040000 ,2023-04-01,2025-04-30,제한경쟁,주식회사 송암홀딩스
관악동작 임대아파트 시설물 유지보수공사,4117061040 ,2023-04-01,2025-04-30,제한경쟁,도아기업 주식회사
노원도봉-1 임대아파트 시설물 유지보수공사,6005300800 ,2023-04-01,2025-04-30,제한경쟁,주식회사 바탕색이엔지
송파-1 임대아파트 시설물 유지보수공사,3332930000 ,2023-04-01,2025-04-30,제한경쟁,한국내진시스템(주)
강서-1 임대아파트 시설물 유지보수공사,3874407300 ,2023-04-01,2025-04-30,제한경쟁,엠투케이건설(주)
강동-1 임대아파트 시설물 유지보수공사,3386039800 ,2023-04-01,2025-04-30,제한경쟁,주식회사 동경건설
노원/도봉센터-2 소규모주택 시설물 유지보수공사,1533774000 ,2023-04-01,2025-04-30,제한경쟁,한미래산업주식회사
구로금천-1 임대아파트 시설물 유지보수공사,3089351900 ,2023-04-01,2025-04-30,제한경쟁,케이투건설산업주식회사
성동중구 임대아파트 시설물 유지보수공사,6882433943 ,2023-04-01,2025-04-30,제한경쟁,주식회사 대륙기업
강서센터 소규모주택 시설물 유지보수공사,1334318910 ,2023-04-01,2025-04-30,제한경쟁,(주)미화
강남/서초/관악/동작/강동센터 소규모주택 시설물 유지보수공사,1615156200 ,2023-04-01,2025-04-30,제한경쟁,남영이엔지(주)
마포용산-1 임대아파트 시설물 유지보수공사,4326754400 ,2023-04-01,2025-04-30,제한경쟁,힘찬종합건설 주식회사
동대문광진중랑-1 임대아파트 시설물 유지보수공사,3259400510 ,2023-04-01,2025-04-30,제한경쟁,메트로티엔씨주식회사
양천영등포-2 임대아파트 시설물 유지보수공사,4072803000 ,2023-04-01,2025-04-30,제한경쟁,장위종합건설 주식회사
동대문광진중랑-2 임대아파트 시설물 유지보수공사,4619764000 ,2023-04-01,2025-04-30,제한경쟁,비소라건설(주)
마포/용산/은평/서대문센터-2 소규모주택 시설물 유지보수공사,2124249230 ,2023-04-01,2025-04-30,제한경쟁,주식회사 천일이엔에스
성북/강북/성동/중구센터-1 소규모주택 시설물 유지보수공사,1465809000 ,2023-04-01,2025-04-30,제한경쟁,주왕산업개발주식회사
노원도봉-2 임대아파트 시설물 유지보수공사,5897255400 ,2023-04-01,2025-04-30,제한경쟁,극동에이앤씨(주)
강서-2 임대아파트 시설물 유지보수공사,3866882600 ,2023-04-01,2025-04-30,제한경쟁,지엘건(주)
강동-2 임대아파트 시설물 유지보수공사,3352513800 ,2023-04-01,2025-04-30,제한경쟁,(주)신기원종합건설
구로/금천센터 소규모주택 시설물 유지보수공사,2564185900 ,2023-04-01,2025-04-30,제한경쟁,주식회사 미지건설
양천영등포-1 임대아파트 시설물 유지보수공사,4021365500 ,2023-04-01,2025-04-30,제한경쟁,주식회사대호영이엔씨
강남서초-2 임대아파트 시설물 유지보수공사,3611457000 ,2023-04-01,2025-04-30,제한경쟁,주식회사 정주
노원도봉-3 임대아파트 시설물 유지보수공사,3667727700 ,2023-04-01,2025-04-30,제한경쟁,토립건설(주)
성북/강북/성동/중구센터-2 소규모주택 시설물 유지보수공사,1448484540 ,2023-04-01,2025-04-30,제한경쟁,주식회사 중앙종합안전기술연구원
성북강북-2 임대아파트 시설물 유지보수공사,3427532000 ,2023-04-01,2025-04-30,제한경쟁,주식회사 에이치앤씨건축
은평서대문종로-2 임대아파트 시설물 유지보수공사,4408905440 ,2023-04-01,2025-04-30,제한경쟁,주식회사 미진이엔씨
은평서대문종로-1 임대아파트 시설물 유지보수공사,4435843000 ,2023-04-01,2025-04-30,제한경쟁,오에스이엔씨 주식회사
구로금천-2 임대아파트 시설물 유지보수공사,2580751250 ,2023-04-01,2025-04-30,제한경쟁,주식회사 하현테크
마포용산-2 임대아파트 시설물 유지보수공사,4369885970 ,2023-04-01,2025-04-30,제한경쟁,주식회사 정도
성북강북-1 임대아파트 시설물 유지보수공사,3739796000 ,2023-04-01,2025-04-30,제한경쟁,(주)삼흥지앤지
송파-2 임대아파트 시설물 유지보수공사,3148073070 ,2023-04-01,2025-04-30,제한경쟁,진우에이티에스 주식회사
노원/도봉센터-1 소규모주택 시설물 유지보수공사,1517878900 ,2023-04-01,2025-04-30,제한경쟁,삼부건설 주식회사
2023년 임대아파트 인터폰 교체공사(1권역),1406607760 ,2023-04-14,2023-12-01,제한경쟁,(주)합동전자산업
고덕강일 공공주택지구 3단지 아파트 건설공사,261197164930 ,2023-05-15,2026-11-06,제한경쟁,화성산업주식회사
"신내10단지 화장실 바닥타일, 위생기구 악세사리 교체공사",1438960000 ,2023-05-22,2023-11-17,제한경쟁,주식회사 삼영건설
강일육교 및 동부간선도로(좌안) 진출램프교 보수보강공사,1252666700 ,2023-05-26,2023-08-25,제한경쟁,하웅종합건설(주)
2023년 임대아파트 도로 및 보도교체공사,2120558000 ,2023-05-30,2023-11-25,제한경쟁,동도건설 주식회사
"2022,2023년 취약계층 에너지복지사업 LED등기구 교체공사(면목,가양4)",1296856000 ,2023-07-05,2023-11-30,제한경쟁,주식회사 나원이엔씨
2023년도 옥수삼성 외 4개단지 세대분전반 내 차단기 교체공사,1077689200 ,2023-07-05,2023-11-30,제한경쟁,주식회사 남일기업
2023년도 구로두산 외 9개단지 세대분전반 내 차단기 교체공사,1121381680 ,2023-07-05,2023-11-30,제한경쟁,주식회사 재연이엔씨
2023년도 돈암풍림 외 8개단지 세대분전반 내 차단기 교체공사,1254815900 ,2023-07-05,2023-11-30,제한경쟁,주식회사 제이에스파워텍
2023년 은평서대문종로권역 임대아파트 도배 및 장판 교체공사,1253971110 ,2023-07-06,2023-11-30,제한경쟁,(주)삼경비오티
2023년 마포용산권역 임대아파트 도배 및 장판 교체공사,1238105690 ,2023-07-06,2023-11-30,제한경쟁,주식회사 올림커뮤니케이션
2023년 양천영등포권역 임대아파트 도배 및 장판 교체공사,2308851220 ,2023-07-06,2023-11-30,제한경쟁,(주)한양아이디
2023년 강남서초권역 임대아파트 도배 및 장판 교체공사,1442612170 ,2023-07-06,2023-11-30,제한경쟁,주식회사 그린주의
2023년 성동중구권역 임대아파트 도배 및 장판 교체공사,1722939470 ,2023-07-06,2023-11-30,제한경쟁,(주)계화디자인
학여울청구A 외 2개단지 위생도기류 교체공사,1004993000 ,2023-07-06,2023-11-28,제한경쟁,주식회사 아산엠이씨
목동현대B 외 1개단지 위생도기류 교체공사,1156939900 ,2023-07-06,2023-11-28,제한경쟁,(주)태형테크
월계사슴1 외 8개 단지 욕실 환풍기 설치공사,1541417500 ,2023-07-10,2023-11-30,제한경쟁,이레씨엔에스(주)
방화6 외 11개 단지 욕실 환풍기 설치공사,1430275000 ,2023-07-10,2023-11-30,제한경쟁,주식회사 동부엘시드
2023년 상암월드컵파크9단지 외 15개단지 임대아파트 LED등기구 교체공사,2222469000 ,2023-07-26,2023-11-30,제한경쟁,해광전력 주식회사
2023년 은평2-4 외 4개단지 임대아파트 LED등기구 교체공사,2748715640 ,2023-07-26,2023-11-30,제한경쟁,주식회사 성화이엔씨
빈집활용사업 5차 철거공사,1052428000 ,2023-08-01,2024-08-07,일반경쟁,주식회사 진성토건
노후 임대아파트 현관문 및 복도창호 교체공사,1700042000 ,2023-08-17,2023-11-30,제한경쟁,(주)현대기업
마곡 도시개발사업지구 10-2단지 아파트 건설공사,125866648310 ,2023-08-21,2026-04-15,제한경쟁,이수건설 주식회사
구 금천경찰서 석면해체 및 건축물 철거공사,1565610000 ,2023-08-24,2024-08-22,일반경쟁,(주)진성건설산업
"자양동 10-34,46 주택건설사업 건설공사",3683823000 ,2023-08-28,2024-11-05,제한경쟁,경동산업(주)
노후 임대아파트 현관문 교체공사(중랑권역),1928600940 ,2023-09-21,2023-12-15,제한경쟁,주식회사 일구건설
노후 임대아파트 현관문 교체공사(강남권역),2877905250 ,2023-09-21,2023-12-15,제한경쟁,(주)산주건설
2023-시설관리부-재도장공사(행당한진 외 2개단지),1557356960 ,2023-09-21,2023-12-14,제한경쟁,주식회사재영이앤지
"2023-시설관리부-재도장공사(대치1,수서6)",2014262000 ,2023-09-21,2023-12-14,제한경쟁,서진인테리어 주식회사
2023-시설관리부-재도장공사(돈암삼성 외 4개단지),1381481990 ,2023-09-21,2023-12-14,제한경쟁,(주)동산씨엔씨
2023-시설관리부-재도장공사(수서1),1576527020 ,2023-09-21,2023-12-14,제한경쟁,(주)에이스디자인
2023년 성북강북권역 임대아파트 도배 및 장판 교체공사,1827891650 ,2023-09-25,2024-02-16,제한경쟁,필스페이스(주)
고덕강일 공공주택지구 3단지 아파트 정보통신공사,15374862000 ,2023-10-16,2026-11-06,제한경쟁,(주)선인프라
고덕강일 공공주택지구 3단지 아파트 소방시설공사,21725392860 ,2023-10-16,2026-11-06,제한경쟁,대진공무(주)
고덕강일 공공주택지구 3단지 아파트 전기공사,24827592000 ,2023-10-16,2026-11-06,제한경쟁,진우에이티에스 주식회사
마곡 공공형 지식산업센터 및 건설형 도전숙 복합개발사업 건설공사,107582682293 ,2023-11-09,2026-03-18,제한경쟁,극동건설 주식회사
망월천 및 신원천 하천공사,13254136950 ,2023-12-04,2028-01-11,제한경쟁,주식회사 시티건설
중랑 패션봉제 스마트앵커 건설공사,16074875200 ,2023-12-14,2026-07-29,제한경쟁,원전종합건설 주식회사
필로티구조물 내진보강 대수선공사 2권역,1659526800 ,2023-12-29,2024-06-25,제한경쟁,주식회사 유인종합건설
필로티구조물 내진보강 대수선공사 1권역,1851870000 ,2023-12-29,2024-06-25,제한경쟁,주식회사 이유디자인
창동 업무시설 11층-16층 공간구획공사,2138010000 ,2024-01-16,2024-06-13,제한경쟁,栗林建設 株式會社
중랑 패션봉제 스마트앵커 전기공사,1925792600 ,2024-01-26,2026-07-29,제한경쟁,범한전력공사
중랑 패션봉제 스마트앵커 소방시설공사,1251335750 ,2024-02-02,2026-07-29,제한경쟁,(주)윤익계전
마곡 도시개발사업지구 10-2단지 아파트 소방시설공사,10723179000 ,2024-02-08,2026-04-15,제한경쟁,알티엘산업 주식회사
안암 어울림센터 신축공사,2929383420 ,2024-02-08,2025-03-18,제한경쟁,(주)다원건설
마곡 도시개발사업지구 10-2단지 아파트 정보통신공사,8639513000 ,2024-02-08,2026-04-15,제한경쟁,주식회사 펌프킨
마곡 도시개발사업지구 10-2단지 아파트 전기공사,11985839700 ,2024-02-08,2026-04-15,제한경쟁,화성전기건설(주)
마곡 공공형 지식산업센터 및 건설형 도전숙 복합개발사업 소방시설공사,8784019357 ,2024-02-19,2026-03-18,제한경쟁,주식회사 이에이테크놀로지
마곡 공공형 지식산업센터 및 건설형 도전숙 복합개발사업 정보통신공사,4800279360 ,2024-02-19,2026-03-18,제한경쟁,동일통신 주식회사
마곡 공공형 지식산업센터 및 건설형 도전숙 복합개발사업 전기공사,9315641000 ,2024-02-19,2026-03-18,제한경쟁,中興建設 주식회사
2024년도 남산타운 외 3개단지 세대분전반 교체공사,1299641610 ,2024-03-07,2024-08-03,제한경쟁,한국전기개발공사
2024년도 신당삼성 외 8개단지 세대분전반 교체공사,1192092370 ,2024-03-07,2024-08-03,제한경쟁,(주)우진일렉트
2024-시설관리부-재도장공사(공덕삼성 외 4개단지),1306346000 ,2024-03-27,2024-06-19,제한경쟁,주식회사 다온아이앤씨
2024-시설관리부-재도장공사(답십리동아 외 4개단지),1983473000 ,2024-03-27,2024-06-19,제한경쟁,에코랜드건설 주식회사
서울시 노동자복지관 복합화사업 석면해체 및 지장물 철거공사,1084025700 ,2024-03-29,2025-03-28,일반경쟁,기찬종합건설((주)
서울혁신파크 석면해체 및 건축물 철거공사(1공구),1530998640 ,2024-05-01,2024-11-26,일반경쟁,승지토건 주식회사
서울혁신파크 석면해체 및 건축물 철거공사(2공구),1994240000 ,2024-05-01,2024-11-26,일반경쟁,공존종합건설 주식회사
서초 성뒤마을 공공주택지구 석면 해체 및 지장물 철거공사,3276735000 ,2024-05-16,2025-05-15,일반경쟁,주식회사 지산이앤씨
2024년도 취약계층 에너지복지사업 LED등기구 교체공사(중계3 외 2개단지),1219618730 ,2024-05-27,2024-10-31,제한경쟁,(주)영남전력
2024년 임대아파트 전기 배선기구 교체공사(1권역),1298314490 ,2024-06-03,2024-10-30,제한경쟁,주식회사 삼흥에너지
2024년 임대아파트 전기 배선기구 교체공사(2권역),1489644150 ,2024-06-03,2024-10-30,제한경쟁,세현기전
홍제유원아파트 품질개선공사,5637994660 ,2024-06-14,2024-12-31,제한경쟁,영조건설 주식회사
고덕강일지구 등 홈네트워크 예비전원장치 설치 정보통신공사(2권역),1422865470 ,2024-07-04,2025-06-30,제한경쟁,(주)철탑
고덕강일지구 등 홈네트워크 예비전원장치 설치 정보통신공사(1권역),1731549260 ,2024-07-04,2025-06-30,제한경쟁,(주)제일첨단테크
2024년도 송파파크데일1단지 외 2개단지 임대아파트 LED등기구 교체공사,1869195930 ,2024-07-09,2024-10-31,제한경쟁,(주)옥동전력산업
2024년도 강남신동아파밀리에 1단지 외 9개단지 임대아파트 LED등기구 교체공사,2850071900 ,2024-07-09,2024-10-31,제한경쟁,주식회사 강화이엔씨
2024년도 남산타운 외 5개단지 임대아파트 LED등기구 교체공사,1701968400 ,2024-07-09,2024-10-31,제한경쟁,주식회사 세진이엔에스
2024년도 상도신동아 외 9개단지 임대아파트 LED등기구 교체공사,1593169100 ,2024-07-09,2024-10-31,제한경쟁,(주)상지일렉스
2024년도 고덕리엔파크1단지 외 2개단지 임대아파트 LED등기구 교체공사,2723244740 ,2024-07-10,2024-10-31,제한경쟁,주식회사 단우
중계3단지 현관문 교체공사,2642852870 ,2024-07-15,2024-11-30,제한경쟁,동양강재건설(주)
중계4단지 현관문 교체공사,2399930380 ,2024-07-15,2024-11-30,제한경쟁,중호건설(주)
신내4 공공주택지구 송수관로 이설공사,15525542430 ,2024-08-26,2028-08-23,제한경쟁,(주)승리씨앤지
"2024-시설관리부-재도장공사(가양5,9,청구e편한세상)",2917838600 ,2024-09-06,2024-11-29,제한경쟁,주식회사 백광건설
"2024-시설관리부-재도장공사(가양4,8,약수하이츠)",2883343600 ,2024-09-06,2024-11-29,제한경쟁,진원피앤씨(주)
2024년 은평서대문종로권역 임대아파트 도배 및 장판 교체공사,1977524000 ,2024-09-13,2024-12-20,제한경쟁,주식회사 환경색채
2024년 구로금천관악동작권역 임대아파트 도배 및 장판 교체공사,1408468400 ,2024-09-13,2024-12-20,제한경쟁,(주)리오씨엠건축
2024년 동대문광진중랑권역 임대아파트 도배 및 장판 교체공사,1339831550 ,2024-09-13,2024-12-20,제한경쟁,(주)홀리데이랩디자인스튜디오
2024년 강동송파권역 임대아파트 도배 및 장판 교체공사,1185753340 ,2024-09-13,2024-12-20,제한경쟁,(주)해웅알앤씨
2024년 강남서초권역 임대아파트 도배 및 장판 교체공사,1960358820 ,2024-09-13,2024-12-20,제한경쟁,다본공영(주)
송파 창의혁신 개발사업 단지조성공사,5727724000 ,2024-09-30,2028-05-21,제한경쟁,임펙트디엔씨(주)
구룡마을 석면해체 및 지장물 철거공사,1966043190 ,2024-10-21,2025-10-20,일반경쟁,대호건축주식회사
2024년 임대아파트 CCTV 교체공사,1007000450 ,2024-11-06,2024-12-31,제한경쟁,주식회사 원정보기술원
독산동 산업문화어울림센터 건설공사,8928053000 ,2024-12-30,2026-10-02,제한경쟁,성안건설주식회사
빈집활용사업(초행지붕-수유2) 건설공사,1558568740 ,2024-12-30,2025-10-15,제한경쟁,메트로티엔씨주식회사
마곡 16단지 공공주택 건설공사,144481848840 ,2024-12-30,2027-08-10,제한경쟁,주식회사 금강주택
서울시 노동자복지관 복합화사업 건설공사,40772048460 ,2024-12-30,2027-07-27,제한경쟁,우암건설 주식회사
중계본동 주택재개발정비사업 공동주택 건설공사,509596677870 ,2024-12-31,2026-06-30,수의계약,지에스건설 주식회사
독산동 산업문화 어울림센터 전기공사,1036652460 ,2025-01-11,2026-10-02,제한경쟁,주식회사 서희이앤씨
빈집활용사업(초행지붕-시흥2) 건설공사,1543199300 ,2025-01-16,2025-11-11,제한경쟁,주식회사 서래종합건설
명일1동 주민센터 복합화사업 흙막이 가시설 및 철거공사(지하),1441250300 ,2025-01-20,2025-07-21,일반경쟁,주식회사 제이앤제이건설산업개발
서울시 노동자복지관 복합화사업 전기공사,3824137330 ,2025-02-06,2027-07-27,제한경쟁,(주)남성이씨에스
서울시 노동자복지관 복합화사업 정보통신공사,2334870780 ,2025-02-06,2027-07-27,제한경쟁,주식회사 등대씨엔씨
서울시 노동자복지관 복합화사업 소방시설공사,3460416000 ,2025-02-06,2027-07-27,제한경쟁,대원엠이씨 주식회사
2025년도 임대아파트 세대분전반 내 차단기 교체공사(2권역),1534912000 ,2025-02-21,2025-07-31,제한경쟁,하이원전기(주)
2025년도 임대아파트 세대분전반 내 차단기 교체공사(1권역),1391591620 ,2025-02-21,2025-07-31,제한경쟁,주식회사 지큐이앤씨
고덕강일 근린공원 1호 및 고덕천 좌안 조경공사,6483868400 ,2025-02-27,2029-05-27,제한경쟁,에이스건설 주식회사
마곡 16단지 공공주택 전기공사,11461648340 ,2025-03-20,2027-08-10,제한경쟁,승림이앤씨(주)
마곡 16단지 공공주택 정보통신공사,8306917300 ,2025-03-20,2027-08-10,제한경쟁,(주)성일정보
마곡 16단지 공공주택 소방시설공사,10381324630 ,2025-03-30,2027-08-10,제한경쟁,지오이앤에프 주식회사
중계본동 주택재개발정비사업 공동주택 정보통신공사,19370442940 ,2025-03-31,2026-06-30,수의계약,지에스건설 주식회사
중계본동 주택재개발정비사업 공동주택 전기공사,42672747930 ,2025-03-31,2026-06-30,수의계약,지에스건설 주식회사
성동중구센터-성동1 임대주택 시설물 유지보수공사,2180910500 ,2025-04-01,2027-04-30,제한경쟁,조이엘건설(주)
노원도봉센터-노원1 임대주택 시설물 유지보수공사,3565851960 ,2025-04-01,2027-04-30,제한경쟁,에스유디자인(주)
강남센터-1 임대주택 시설물 유지보수공사,3946049800 ,2025-04-01,2027-04-30,제한경쟁,한성씨에이치종합건설 주식회사
강남센터-2 임대주택 시설물 유지보수공사,3986655950 ,2025-04-01,2027-04-30,제한경쟁,正誤綜合建設 株式會社
서초센터-1 임대주택 시설물 유지보수공사,2601279200 ,2025-04-01,2027-04-30,제한경쟁,주식회사 알에스건설산업
서초센터-2 임대주택 시설물 유지보수공사,2629003880 ,2025-04-01,2027-04-30,제한경쟁,신안건설 주식회사
노원도봉센터-노원2 임대주택 시설물 유지보수공사,3578165000 ,2025-04-01,2027-04-30,제한경쟁,(주)중앙이앤알
강동센터-2 임대주택 시설물 유지보수공사,3921170000 ,2025-04-01,2027-04-30,제한경쟁,우리피앤씨건설주식회사
관악동작센터-1 임대주택 시설물 유지보수공사,2276553600 ,2025-04-01,2027-04-30,제한경쟁,(주) 두레건설
관악동작센터-2 임대주택 시설물 유지보수공사,2272660000 ,2025-04-01,2027-04-30,제한경쟁,주식회사 큐브디자인종합건설
구로금천센터-구로1 임대주택 시설물 유지보수공사,2596272380 ,2025-04-01,2027-04-30,제한경쟁,주식회사 엔에이치이앤에프
구로금천센터-구로2 임대주택 시설물 유지보수공사,2593752280 ,2025-04-01,2027-04-30,제한경쟁,진성건설개발 주식회사
구로금천센터-금천 임대주택 시설물 유지보수공사,3109566000 ,2025-04-01,2027-04-30,제한경쟁,이평종합건설(주)
노원도봉센터-노원3 임대주택 시설물 유지보수공사,3599874000 ,2025-04-01,2027-04-30,제한경쟁,주식회사 올림커뮤니케이션
강서센터-1 임대주택 시설물 유지보수공사,4315174000 ,2025-04-01,2027-04-30,제한경쟁,(주)에이치오엔건설
노원도봉센터-노원4 임대주택 시설물 유지보수공사,3599510390 ,2025-04-01,2027-04-30,제한경쟁,주식회사 더에이알티
노원도봉센터-도봉 임대주택 시설물 유지보수공사,3281108840 ,2025-04-01,2027-04-30,제한경쟁,주식회사 더에이알티
강서센터-2 임대주택 시설물 유지보수공사,4297974220 ,2025-04-01,2027-04-30,제한경쟁,(주)한스원건설
송파센터-1 임대주택 시설물 유지보수공사,4009920920 ,2025-04-01,2027-04-30,제한경쟁,케이지산업 주식회사
송파센터-2 임대주택 시설물 유지보수공사,3985901000 ,2025-04-01,2027-04-30,제한경쟁,엘림종합건설 주식회사
양천영등포센터-1 임대주택 시설물 유지보수공사,3155228300 ,2025-04-01,2027-04-30,제한경쟁,주식회사 평광건설
양천영등포센터-2 임대주택 시설물 유지보수공사,3137116430 ,2025-04-01,2027-04-30,제한경쟁,주식회사 윈피앤에스
양천영등포센터-3 임대주택 시설물 유지보수공사,3129629000 ,2025-04-01,2027-04-30,제한경쟁,주식회사 아토건설
강동센터-1 임대주택 시설물 유지보수공사,3906521330 ,2025-04-01,2027-04-30,제한경쟁,제로투엔건축사사무소종합건설(주)
동대문중랑광진센터-동대문 임대주택 시설물 유지보수공사,3647669800 ,2025-04-01,2027-04-30,제한경쟁,주식회사 혁진이엔씨
동대문중랑광진-중랑광진1 임대주택 시설물 유지보수공사,2390481000 ,2025-04-01,2027-04-30,제한경쟁,태흥개발(주)
동대문중랑광진-중랑광진2 임대주택 시설물 유지보수공사,2381072500 ,2025-04-01,2027-04-30,제한경쟁,씨에이치종합건설 주식회사
은평서대문종로센터-2 임대주택 시설물 유지보수공사,4127930000 ,2025-04-01,2027-04-30,제한경쟁,주식회사 형주종합건설
마포용산센터-용산 임대주택 시설물 유지보수공사,1172465840 ,2025-04-01,2027-04-30,제한경쟁,(주)재강건설
강서센터-3 임대주택 시설물 유지보수공사,4347586000 ,2025-04-01,2027-04-30,제한경쟁,(주)스타시스건설
은평서대문종로센터-3 임대주택 시설물 유지보수공사,4124042260 ,2025-04-01,2027-04-30,제한경쟁,(주)다원아이디앤씨
은평서대문종로센터-1 임대주택 시설물 유지보수공사,4107495710 ,2025-04-01,2027-04-30,제한경쟁,(주)진강건설
성북강북센터-3 임대주택 시설물 유지보수공사,3158461150 ,2025-04-01,2027-04-30,제한경쟁,케이엘지건설 주식회사
성북강북센터-2 임대주택 시설물 유지보수공사,3159270400 ,2025-04-01,2027-04-30,제한경쟁,주식회사 정광이엔씨
성북강북센터-1 임대주택 시설물 유지보수공사,3149000000 ,2025-04-01,2027-04-30,제한경쟁,주식회사 오메가건설
성동중구센터-중구 임대주택 시설물 유지보수공사,2395114000 ,2025-04-01,2027-04-30,제한경쟁,공정건설 주식회사
마포용산센터-마포1 임대주택 시설물 유지보수공사,3460056000 ,2025-04-01,2027-04-30,제한경쟁,합자회사 낙안이엔씨
마포용산센터-마포2 임대주택 시설물 유지보수공사,3435345000 ,2025-04-01,2027-04-30,제한경쟁,주식회사 은화종합건설
마포용산센터-마포3 임대주택 시설물 유지보수공사,3493066660 ,2025-04-01,2027-04-30,제한경쟁,주식회사 선공
성동중구센터-성동2 임대주택 시설물 유지보수공사,2184787060 ,2025-04-01,2027-04-30,제한경쟁,(주)아녜스디자인
2025-시설관리부-재도장공사(신당삼성 외 4개단지),1263645640 ,2025-04-04,2025-06-27,제한경쟁,주식회사 이지스건설
2025-시설관리부-재도장공사(동소문한진 외 4개단지),1250905000 ,2025-04-04,2025-06-27,제한경쟁,강표건설 주식회사
마곡동 1410 공공주택 건설공사,15302689500 ,2025-04-17,2027-02-26,제한경쟁,새천년종합건설 주식회사
고덕강일지구 근린공원 우수처리시설 설치공사,1167075780 ,2025-05-01,2026-02-28,제한경쟁,(주)예인건설산업
홍릉 R&D지원센터 건설공사,7457218900 ,2025-05-22,2027-03-15,제한경쟁,주식회사 라움에이드
2025년도 취약계층 에너지복지사업 LED등기구 교체공사(대치1 외 1개단지),1044237430 ,2025-06-02,2025-10-31,제한경쟁,주식회사 태산이에이지
갈현 공공기숙사 리모델링 공사,1499186600 ,2025-06-09,2026-01-11,제한경쟁,주식회사 선진티엔알
연희 및 연남동 공공주택 건설공사,32560936180 ,2025-06-26,2027-08-03,제한경쟁,현대아산주식회사
강동 일반산업단지 조성공사,8887951190 ,2025-06-26,2027-05-26,제한경쟁,우일건설 주식회사
위례 A1-14BL 공공주택 건설공사,127772660900 ,2025-06-30,2028-06-24,제한경쟁,코오롱글로벌 주식회사
서초 성뒤마을 공공주택지구 택지조성공사,13241512000 ,2025-06-30,2028-04-14,제한경쟁,대흥토건 주식회사
마곡동 1410 공공주택 소방시설공사,1485811400 ,2025-07-03,2027-02-26,제한경쟁,주식회사 서보
마곡동 1410 공공주택 전기공사,1968497400 ,2025-07-03,2027-02-26,제한경쟁,(주)지플러스（G-PLUS）
마곡동 1410 공공주택 정보통신공사,1248421900 ,2025-07-03,2027-02-26,제한경쟁,주식회사 제이앤제이파워스
2025년도 신정이펜하우스 4단지 외 3개단지 임대아파트 LED등기구 교체공사,2546692400 ,2025-07-10,2025-10-31,제한경쟁,(주)마하에이스
송파 창의혁신 단지조성 가로등 및 교통신호등 전기공사,1063552290 ,2025-07-10,2026-05-31,제한경쟁,주식회사 태화
2025년도 천왕이펜하우스 1단지 외 3개단지 임대아파트 LED등기구 교체공사,2762057990 ,2025-07-10,2025-10-31,제한경쟁,주식회사 유원이씨에스
2025년도 강남데시앙파크 외 11개단지 임대아파트 LED등기구 교체공사,2317459510 ,2025-07-10,2025-11-30,제한경쟁,서령전기주식회사
2025년도 신정이펜하우스 1단지 외 2개단지 임대아파트 LED등기구 교체공사,2711386530 ,2025-07-10,2025-10-31,제한경쟁,(주)일신기전
2025년도 북한산힐스테이트 외 10개단지 임대아파트 LED등기구 교체공사,1977342810 ,2025-07-10,2025-10-31,제한경쟁,두원솔루션(주)
명일1동 주민센터복합화 및 염주골 어린이공원 지하공영주차장 건설공사,46111283360 ,2025-07-10,2028-07-05,제한경쟁,동원건설산업 주식회사
2025년 임대아파트 놀이시설 통합 리모델링공사,1072534260 ,2025-07-15,2025-12-11,일반경쟁,경기씨엔엠 주식회사
공릉1단지 현관문 교체공사,1609667360 ,2025-07-18,2025-11-30,제한경쟁,주식회사 유원광고기업
문정역 스포츠가든 조성공사,2469522530 ,2025-08-18,2026-04-21,제한경쟁,계림조경 주식회사
명일1동 주민센터 복합화사업 소방시설공사,3034749800 ,2025-08-21,2028-07-05,제한경쟁,(주) 우진아이엔에스
빈집활용사업(초행지붕-역촌) 건설공사,1289339910 ,2025-08-22,2026-07-25,제한경쟁,주식회사 빌드원건설
상계마들단지 재정비사업 건축물 해체공사,1786463000 ,2025-08-26,2026-03-31,일반경쟁,유한회사 대도
서교동 464-43 생활SOC 건설공사,1540181700 ,2025-08-29,2026-05-04,제한경쟁,동현종합건설(주)
명일1동 주민센터 복합화사업 정보통신공사,1877899820 ,2025-09-04,2028-07-05,제한경쟁,(주)모빌텍
명일1동 주민센터 복합화사업 전기공사,2884993050 ,2025-09-04,2028-07-05,제한경쟁,주식회사 다보파워코리아
위례지구 A1-14BL 공공주택 정보통신공사,7471516110 ,2025-10-17,2028-06-24,제한경쟁,주식회사 라임에스엔씨
위례지구 A1-14BL 공공주택 소방시설공사,12309233040 ,2025-10-17,2028-06-24,제한경쟁,삼화전력 주식회사
위례지구 A1-14BL 공공주택 전기공사,10726185940 ,2025-10-17,2028-06-24,제한경쟁,유원이엔씨 주식회사
고덕강일 체육공원 및 녹지 조경공사,6577301000 ,2025-10-28,2029-11-18,제한경쟁,양우건설 주식회사
안암 스타트업 하우징 건설공사,2269426160 ,2025-12-08,2026-11-28,제한경쟁,주식회사 명진건설이엔지
하계5단지 건축물 철거공사,11159890000 ,2025-12-09,2026-10-04,제한경쟁,주식회사원탑산업개발
용산국제업무지구 도시개발사업 단지조성공사,116649758790 ,2025-12-29,2029-09-08,제한경쟁,대보건설(주)
신내4 공공주택지구 조성 및 건설공사,309771542850 ,2025-12-31,2029-11-27,제한경쟁,(주)서한
공릉 공공기숙사(모듈러 포함)2개소 대수선 공사,2590943570 ,2026-01-11,2026-08-28,제한경쟁,금강공업 주식회사
용산국제업무지구 홍보관 건설공사,6503971620 ,2026-02-02,2026-06-16,제한경쟁,바른건설 주식회사
2026년도 임대아파트 주택용 차단기 교체공사(2권역),1522262490 ,2026-02-24,2026-07-31,제한경쟁,동경전력(주)
2026년도 임대아파트 주택용 차단기 교체공사(1권역),1351404590 ,2026-02-24,2026-07-31,제한경쟁,(주)진성전력
용산국제업무지구 홍보관 주변 조경공사,2208883080 ,2026-04-09,2026-07-10,제한경쟁,원은건설 주식회사
관악문화플라자 및 공공주택 복합화사업 건설공사,82038439580 ,2026-04-27,2029-07-25,제한경쟁,엘티삼보 주식회사
면목행정타운 건축물 철거공사,4253704810 ,2026-05-07,2027-05-06,제한경쟁,현암건설산업(주)
신내4 훼손지 복구사업 조경공사,2517296080 ,2026-05-08,2030-04-13,제한경쟁,(주)강건종합건설
위례지구 근린공원15호 조성공사,5611877660 ,2026-05-13,2029-10-25,제한경쟁,(주)케이지 에코
2026년 상반기-재도장공사(청계벽산 외 3개단지),1393904330 ,2026-05-18,2026-08-04,제한경쟁,원광건설(주)
2026년 상반기-재도장공사(시흥벽산 외 3개단지),1520190000 ,2026-05-18,2026-08-04,제한경쟁,주식회사 대한하이텍건설
2026년도 임대아파트 전기 배선기구 교체공사,2484122490 ,2026-06-15,2026-10-30,제한경쟁,주식회사 정원에너텍
중랑창업지원센터 복합화사업 건설공사,30261202050 ,2026-07-01,2028-07-31,제한경쟁,홍용종합건설(주)
수서역세권 훼손지 복구사업 근린공원 조성공사,7306641300 ,2026-07-06,2030-06-19,제한경쟁,에이스건설 주식회사
관악문화플라자 및 공공주택 복합화사업 소방시설공사,8058541500 ,2026-07-27,2029-07-25,제한경쟁,삼중테크 주식회사
내곡지구 3공구 단독주택용지 등 조성 및 고덕강일지구 근린공원 연결육교 설치 공사,2159354740 ,2026-07-27,2027-04-18,제한경쟁,거산공영개발 주식회사
2026년도 신길삼성 외 17개단지 임대아파트  LED등기구 교체공사,2400141600 ,2026-07-30,2026-11-30,제한경쟁,대광신호공사
2026년도 서초네이처힐1단지 외 7개단지 임대아파트 LED등기구 교체공사,2751089400 ,2026-07-30,2026-11-30,제한경쟁,(주)에이원일렉트릭
2026년도 구파발 10-3단지 외 23개단지 임대아파트 LED등기구 교체공사,2620269800 ,2026-07-30,2026-11-30,제한경쟁,영도전기공사
