년(Annual),시도,합계
2021,계획,
2021,실적,535,971
2021,서울,81,637
2021,인천,26,214
2021,경기,179,862
2021,부산,21,695
2021,대구,23,727
2021,광주,5,361
2021,대전,13,809
2021,울산,9,016
2021,세종,3,238
2021,강원,16,499
2021,충북,17,072
2021,충남,28,538
2021,전북,18,694
2021,전남,30,220
2021,경북,28,974
2021,경남,24,701
2021,제주,6,714
2021,수도권,287,713
2022,계획,
2022,실적,506,139
2022,서울,42,231
2022,인천,21,178
2022,경기,121,624
2022,부산,41,665
2022,대구,26,041
2022,광주,10,708
2022,대전,18,192
2022,울산,13,286
2022,세종,3,695
2022,강원,17,592
2022,충북,31,350
2022,충남,39,725
2022,전북,22,724
2022,전남,22,823
2022,경북,35,640
2022,경남,28,043
2022,제주,9,622
2022,수도권,185,033
2023,계획,
2023,실적,425,634
2023,서울,39,163
2023,인천,29,509
2023,경기,134,659
2023,부산,28,309
2023,대구,14,248
2023,광주,11,479
2023,대전,14,087
2023,울산,14,329
2023,세종,1,101
2023,강원,18,354
2023,충북,12,935
2023,충남,26,628
2023,전북,14,504
2023,전남,19,325
2023,경북,22,096
2023,경남,17,029
2023,제주,7,879
2023,수도권,203,331
2024,계획,
2024,실적,435,234
2024,서울,51,452
2024,인천,21,428
2024,경기,161,203
2024,부산,29,395
2024,대구,3,223
2024,광주,5,754
2024,대전,28,340
2024,울산,4,852
2024,세종,9,039
2024,강원,13,572
2024,충북,19,838
2024,충남,29,574
2024,전북,7,375
2024,전남,5,727
2024,경북,19,247
2024,경남,21,939
2024,제주,3,276
2024,수도권,234,083
2025,계획,
2025,실적,388,362
2025,서울,41,938
2025,인천,26,937
2025,경기,159,966
2025,부산,30,738
2025,대구,5,034
2025,광주,7,761
2025,대전,17,526
2025,울산,9,771
2025,세종,277
2025,강원,6,882
2025,충북,5,535
2025,충남,33,003
2025,전북,9,914
2025,전남,11,462
2025,경북,11,253
2025,경남,7,994
2025,제주,2,371
2025,수도권,228,841