번호,구분,제목,부서,등록일(YY.MM.DD),조회수,첨부파일있음,articleNo
570,주택,다산 센트럴파크6단지 영구임대주택 예비입주자 발표,건설임대공급2부,26.08.28,8710,Y,65152
569,주택,(안양 평촌한신더휴)장기전세주택 당첨자 및 예비입주자 선정결과 안내,매입임대공급시설부,26.08.28,7738,Y,65151
568,주택,26년 1차 청년 매입임대주택 예비입주자 선정결과 발표,매입임대공급시설부,26.08.28,8088,Y,65135
567,주택,연천BIX 경기행복주택 기업체 기숙사 추가모집 공고,건설임대공급1부,26.08.24,7556,Y,65116
566,주택,안양 냉천지구 공공임대주택(5년) 및 행복주택 지구 내 주민 우선공급 입주자 모집공고 당첨자 및 동호 발표,도시정비사업2부,26.08.19,9800,Y,65107
565,주택,‘26년 1차 매입임대 예비입주자 선정 결과 발표('26.03.31. 공고),매입임대공급시설부,26.08.13,11453,Y,65092
564,주택,매입임대주택 '26년 자격완화(1차) 입주자 모집공고(공고일:'26.6.10.) 당첨자 발표,매입임대공급시설부,26.07.10,23119,Y,64997
563,주택,안양 냉천지구 공공임대주택(5년) 및 행복주택 지구 내 주민 대상자 변동 안내,도시정비사업2부,26.06.29,18862,Y,64966
562,주택,안양 냉천지구 공공임대주택(5년) 및 행복주택 지구 내 주민 우선공급 입주자 모집공고,도시정비사업2부,26.06.26,22121,Y,64959
561,주택,고덕 자연앤하우스디(A4BL) 분양주택(민영주택) 임의공급 입주자 모집공고,주택분양부,26.06.25,19663,Y,64957
560,주택,26년 매입임대주택 입주자 모집공고(자격완화),매입임대공급시설부,26.06.15,33395,Y,64932
559,주택,고덕 자연앤하우스디(A4BL) 분양주택(민영주택) 임의공급 입주자 모집공고,주택분양부,26.06.02,18258,Y,64909
558,주택,다산지금A3 통합공공임대주택 입주자 모집 공고,건설임대공급1부,26.05.28,34891,,64888
557,주택,다산 센트럴파크6단지 영구임대주택 예비입주자 모집 공고,건설임대공급2부,26.05.14,27452,Y,64847
556,주택,고덕 자연앤하우스디(A4BL) 분양주택(민영주택) 임의공급 입주자 모집공고,주택분양부,26.05.13,22015,Y,64857
555,주택,광주역세권 청년혁신타운 통합공공임대주택 입주자 추가모집 공고,건설임대공급1부,26.05.08,21941,,64845
554,주택,안양 에버포레 자연&e편한세상(A2BL) 분양주택(국민주택) 입주자 모집공고,주택분양부,26.04.30,27674,Y,64835
553,주택,안양 에버포레 자연&e편한세상(A1BL) 분양주택(민영주택) 입주자 모집공고,주택분양부,26.04.30,19067,Y,64834
552,주택,안양 평촌한신더휴 장기전세 입주자 모집공고,매입임대공급시설부,26.04.24,18059,Y,64817
551,주택,다산메트로 3단지 영구임대주택 입주자(예비입주자) 발표,건설임대공급2부,26.04.24,12887,Y,64811
550,주택,'26년 상반기 경기행복주택(28개 지구) 예비입주자 추가모집 공고,건설임대공급1부,26.04.23,29531,,64798
549,주택,(의정부)탑석센트럴자이(49형) 장기전세주택 입주자 및 예비입주자 모집,매입임대공급시설부,26.04.17,13073,Y,64795
548,주택,26년 1차 청년 매입임대주택 예비 입주자 모집공고,매입임대공급시설부,26.04.17,18808,Y,64782
547,주택,김포한강 호수마을이편한세상3단지 분양전환 잔여세대 일반매각 당첨자 발표 안내,건설임대공급2부,26.04.14,6440,,64778
546,주택,26년 자립준비청년(보호종료아동) 매입임대 입주자 상시모집 공고,매입임대공급시설부,26.04.10,9822,Y,64770
545,주택,‘25년 2차 매입임대 예비입주자 선정 결과 발표('25.11.28. 공고),매입임대공급시설부,26.04.08,7674,Y,64768
544,주택,김포한강 호수마을이편한세상3단지 분양전환 잔여세대 일반매각 청약접수 마감 안내,건설임대공급2부,26.04.08,3994,,64767
543,주택,25년 2차 청년 매입임대주택 예비입주자 선정결과 발표,매입임대공급시설부,26.03.31,6252,Y,64742
542,주택,고덕 자연앤하우스디(A4BL) 분양주택(국민 및 민영주택) 임의공급 입주자 모집공고,주택분양부,26.03.31,8058,Y,64740
541,주택,('26년 1차) 기존주택 등 매입임대주택 예비입주자 모집공고,매입임대공급시설부,26.03.31,11947,Y,64741
540,주택,김포한강AB02(호수마을이편한세상3단지) 분양전환 잔여세대 일반매각 공고,건설임대공급2부,26.03.27,6398,Y,64736
539,주택,고덕 자연앤하우스디(A4BL) 분양주택(민영주택) 무순위 5차 입주자 모집공고,주택분양부,26.03.18,6576,Y,64696
538,주택,안성청사복합 통합공공임대주택 예비입주자 모집 공고,건설임대공급1부,26.03.13,4724,,64679
537,주택,연천BIX 경기행복주택 기업체 기숙사 모집 공고,건설임대공급1부,26.02.27,2057,Y,64640
536,주택,고덕 자연앤하우스디(A4BL) 분양주택(민영주택) 무순위 4차 입주자 모집공고,주택분양부,26.02.20,4597,Y,64636
535,주택,광주송정복합 통합공공임대주택 예비입주자 모집 공고,건설임대공급1부,26.01.29,5804,,64594
534,주택,고덕 자연앤하우스디(A4BL) 분양주택(국민 및 민영주택) 임의공급 입주자 모집공고,주택분양부,26.01.27,5291,Y,64596
533,주택,고덕 자연앤하우스디(A4BL) 분양주택(국민 및 민영주택) 무순위 3차 입주자모집공고,주택공급2부,26.01.07,9121,Y,64514
532,주택,광주역세권 청년혁신타운 통합공공임대주택(일자리연계형 지원주택) 입주자 추가모집 공고,주택공급1부,25.12.23,6533,,64463
531,주택,[정정] 25년 2차 청년 매입임대주택 예비 입주자 모집공고,매입임대관리부,25.12.11,18603,Y,64441
530,주택,다산메트로 3단지 영구임대주택 입주자(예비입주자) 모집공고,주택공급2부,25.12.09,13464,Y,64435
529,주택,25년 2차 청년 매입임대주택 예비 입주자 모집공고,매입임대관리부,25.11.28,16194,Y,64419
528,주택,('25년 2차) 기존주택 등 매입임대주택 예비입주자 모집공고 (10개 시·군),매입임대관리부,25.11.28,21486,Y,64411
527,주택,평택고덕 경기행복주택 예비입주자 추가모집 공고,주택공급1부,25.11.20,6718,,64382
526,주택,안성공도 참아름 국민임대주택 예비입주자 모집공고문,주택공급2부,25.11.19,4819,Y,64387
525,주택,고덕 자연&하우스디(A4BL) 분양주택(국민 및 민영주택) 무순위 2차 입주자 모집공고,주택공급2부,25.11.05,7653,Y,64343
524,주택,(안산 반월역두산위브더센트럴)장기전세주택 당첨자 및 예비입주자 선정결과 안내,매입임대관리부,25.10.31,6218,Y,64338
523,주택,경기리츠1호 다산지금데시앙 장기전세주택 입주자 및 예비입주자 당첨자 발표,주택공급2부,25.10.23,8212,Y,64299
522,주택,평택이충 통합공공임대주택 예비입주자 모집 공고,주택공급1부,25.10.23,6646,,64306
521,주택,"하남풍산 참아름 국민임대주택(49, 59형) 예비입주자 모집 접수마감 안내",주택공급2부,25.10.23,5643,,64305
520,주택,"하남풍산 참아름 국민임대주택(49형,59형) 예비입주자 모집공고",주택공급2부,25.09.30,12638,Y,64246
519,주택,동탄2 A93블록 장기전세주택(동탄호수공원 자연&자이) 추가입주자 및 예비입주자 모집 서류제출대상자 발표,주택공급2부,25.09.26,12396,,64236
518,주택,'25년 하반기 경기행복주택(16개 지구) 예비입주자 추가모집 공고,주택공급1부,25.09.25,32449,,64229
517,주택,고덕 자연&하우스디(A4BL) 분양주택(국민 및 민영주택) 무순위 입주자 모집공고,주택공급2부,25.09.24,6899,Y,64225
516,주택,"다산센트럴파크6단지 국민임대주택(33A, 46A형) 입주자 및 예비입주자 모집공고(2025.03.14.) 당첨자 발표",주택공급2부,25.09.19,7859,,64201
515,주택,동탄 꿈의숲 자연& 데시앙(A78BL) 분양주택 무순위 입주자 모집공고,주택공급2부,25.09.17,9892,Y,64213
514,주택,동탄2 A93블록 장기전세주택(동탄호수공원 자연&자이) 입주자모집(2025.08.29.) 마감 안내,주택공급2부,25.09.10,7606,,64203
513,주택,수원광교 공공실버 영구임대주택 입주자(예비입주자) 발표,주택공급2부,25.09.05,6565,Y,64187
512,주택,화성동탄2 A93블록 동탄호수공원 자연&자이 장기전세주택 추가 입주자 및 예비입주자 모집공고,주택공급2부,25.08.29,11513,,64163
511,주택,연천BIX 경기행복주택 (예비)입주자 입주자격완화 추가모집 공고,주택공급1부,25.08.28,4125,,64156
510,주택,(의정부) 장기전세주택 예비입주자 모집,매입임대관리부,25.08.28,7999,Y,64161
509,주택,[경기 남부 14개 시군] ‘25년 1차 매입임대 예비입주자 선정 결과 발표('25.03.31. 공고),매입임대관리부,25.08.12,18228,Y,63942
508,주택,[경기 동부 7개 시군] ‘25년 1차 매입임대 예비입주자 선정 결과 발표('25.03.31. 공고),매입임대관리부,25.08.12,5718,Y,63941
507,주택,[경기 북부 6개 시군] ‘25년 1차 매입임대 예비입주자 선정 결과 발표('25.03.31. 공고),매입임대관리부,25.08.12,6958,Y,63940
506,주택,25년 1차 청년 매입임대주택 예비입주자 선정결과 발표,매입임대관리부,25.07.31,11885,Y,63887
505,주택,광주역세권 청년혁신타운 통합공공임대주택(일자리연계형 지원주택) 입주자 모집 공고,주택공급1부,25.07.31,8086,,63877
504,주택,용인영덕 경기행복주택 입주자 추가모집 공고,주택공급1부,25.07.10,10519,,63825
503,주택,매입임대주택 '25년 자격완화(1차) 입주자 모집공고(공고일:'25.5.23.) 당첨자 발표,매입임대관리부,25.07.03,20878,Y,63801
502,주택,고덕 자연앤하우스디(A4BL) 분양주택 입주자 모집공고,주택공급2부,25.06.27,10406,Y,63758
501,주택,안양도시형생활주택 예비입주자 모집공고,주택공급1부,25.06.20,12816,Y,63719
500,주택,이천 하이시티 및 연천BIX 경기행복주택 (예비)입주자 추가모집 공고,주택공급1부,25.06.19,5774,,63720
499,주택,경기행복주택(성남하대원·다산지금A5·평택고덕) 자립준비청년 추가모집 공고,주택공급1부,25.06.19,11114,,63718
498,주택,(구리·안산·의정부) 장기전세주택 예비입주자 모집,매입임대관리부,25.05.29,22530,Y,63653
497,주택,수원광교 공공실버 영구임대주택 (예비)입주자 모집공고,주택공급2부,25.05.28,15007,Y,63644
496,주택,다산센트럴파크6단지 영구임대주택 추가 및 예비입주자 발표,주택공급2부,25.05.27,9350,,63641
495,주택,"(수정) 25년 매입임대주택 입주자 모집공고(자격완화, 주택목록 게시)",매입임대관리부,25.05.23,78564,Y,63626
494,주택,25년 2차 용인청년 창업지원주택 입주자 모집공고,매입임대관리부,25.05.09,8369,Y,63579
493,주택,동탄 포레파크 자연& 푸르지오(A76-2BL) 분양주택 입주자 모집공고,주택공급2부,25.05.09,15123,Y,63578
492,주택,동탄 꿈의숲 자연& 데시앙(A78BL) 분양주택 입주자 모집공고,주택공급2부,25.05.09,8896,Y,63577
491,주택,"다산메트로3단지 국민임대주택(32B, 34A, 51A) 예비입주자 모집(2024.11.14.) 당첨자 발표 안내",주택공급2부,25.04.30,8402,,63563
490,주택,다산지금데시앙 장기전세주택 입주자 및 예비입주자 모집 마감 안내,주택공급2부,25.04.29,8545,,63551
489,주택,"24년 2차 청년매입임대주택 2,3순위 예비입주자 선정결과 발표",매입임대관리부,25.04.25,10229,Y,63534
488,주택,25년 상반기 경기행복주택(16개 지구) 예비입주자 추가모집 공고,주택공급1부,25.04.24,31142,,63521
487,주택,"안성공도 참아름 국민임대주택(49형,59형) 예비입주자 모집 신청접수 마감 안내",주택공급2부,25.04.21,4865,,63502
486,주택,[정정] 경기리츠1호 다산지금데시앙 장기전세주택 예비입주자 모집공고,주택공급2부,25.04.17,15850,Y,63480
485,주택,"다산센트럴파크6단지 국민임대주택(33A,46A형) 입주자 및 예비입주자 모집 서류제출대상자 발표",주택공급2부,25.04.14,7422,,63460
484,주택,25년 1차 청년매입임대주택 최종경쟁률 게시,매입임대관리부,25.04.11,19075,Y,63457
483,주택,연천BIX 경기행복주택 입주자 추가모집 공고,주택공급1부,25.04.10,4056,,63434
482,주택,"안성공도 참아름 국민임대주택(49형, 59형) 예비입주자 모집공고",주택공급2부,25.04.04,6725,,63409
481,주택,25년 1차 기존주택 등 매입임대주택 예비입주자 모집공고(경기도 27개 시군),매입임대관리부,25.03.31,37811,Y,63376
480,주택,24년 2차 청년매입임대주택 1순위 예비입주자 선정결과 발표,매입임대관리부,25.03.28,9835,Y,63385
479,주택,25년 1차 청년매입임대주택 예비입주자 모집공고,매입임대관리부,25.03.28,19175,Y,63375
478,주택,25년 자립준비청년(보호종료아동) 매입임대 입주자 상시모집 공고,매입임대관리부,25.03.28,2513,Y,63374
477,주택,화성동탄2 A93블록 장기전세주택(동탄호수공원 자연&자이) 입주자 모집 서류제출대상자 발표,주택공급2부,25.03.19,13555,,63260
476,주택,25년 2차 용인청년 창업지원주택 입주자 모집공고,매입임대관리부,25.03.17,5956,Y,63253
475,주택,다산센트럴파크6단지 국민임대주택 입주자 및 예비입주자 모집공고,주택공급2부,25.03.14,13844,,63247
474,주택,[수정공고] (의정부·안양·광명·안산) 장기전세주택 예비입주자 모집,매입임대관리부,25.02.19,23874,Y,63143
473,주택,화성동탄2 A93블록 장기전세주택(동탄호수공원 자연&자이) 입주자모집 마감 안내,주택공급2부,25.02.14,16151,,63130
472,주택,안산스마트허브 입주자격완화 추가모집 공고,주택공급1부,25.02.12,7793,,63112
471,주택,양평남한강 및 연천BIX 경기행복주택 입주자 추가모집 공고,주택공급1부,25.02.07,6533,,63105
470,주택,24년 2차 청년매입임대주택 최종경쟁률 게시,매입임대관리부,25.02.05,23434,Y,63093
469,주택,화성동탄2 A93블록 동탄호수공원 자연&자이 장기전세주택 입주자 모집공고,주택공급2부,25.01.24,35806,,63081
468,주택,25년 1차 용인청년 창업지원주택 입주자 모집공고,매입임대부,25.01.07,8880,Y,63040
467,주택,안양도시형생활주택 예비입주자 당첨결과 안내(2024.09.30. 공고),주택공급1부,24.12.20,8713,Y,63000
466,주택,평택이충 통합공공임대주택 입주자 추가모집 공고,주택공급1부,24.12.20,8283,,62985
465,주택,연천BIX 경기행복주택 입주자 모집 공고,주택공급1부,24.11.29,6556,,62854
464,주택,(수정)24년 2차 청년매입임대주택 예비입주자 모집공고,매입임대부,24.11.28,37607,Y,62894
463,주택,안산 중흥s클래스 더퍼스트 완화 예비입주자 모집공고,매입임대부,24.11.27,9126,Y,62888
462,주택,안성청사복합 통합공공임대주택 입주자 추가모집 공고,주택공급1부,24.11.15,10117,,62832
461,주택,다산메트로3단지 국민임대주택 예비입주자 모집공고,주택공급2부,24.11.14,15500,,62840
460,주택,"24년 1차 청년매입임대주택 2,3순위 예비입주자 선정결과 발표",매입임대부,24.11.01,14842,Y,62789
459,주택,광주송정복합 통합공공임대주택 입주자 모집 공고,주택공급1부,24.10.31,12904,,62768
458,주택,다산 센트럴파크6단지 영구임대주택 입주자격완화 추가 및 예비입주자 모집 공고,주택공급2부,24.10.30,10924,,62767
457,주택,경기행복주택(20개 지구) 예비입주자 추가모집 공고,주택공급1부,24.10.25,31079,,62755
456,주택,평택이충 통합공공임대주택 입주자 모집 공고,주택공급1부,24.10.24,7631,,62750
455,주택,24년 1차 청년매입임대주택 1순위 예비입주자 선정결과 발표,매입임대부,24.10.11,14111,Y,62721
454,주택,안양도시형생활주택 예비입주자 모집공고,주택공급1부,24.09.30,13340,Y,62673
453,주택,이천 하이시티 경기행복주택 입주자 모집 공고,주택공급1부,24.09.23,9603,,62647
452,주택,‘24년 2차 기존주택 매입임대 예비입주자 모집('24.04.26 공고) 선정 결과 발표,매입임대부,24.09.05,18253,Y,62612
451,주택,다산메트로3단지 주거약자용주택 입주자격완화 추가 및 예비입주자 발표,주택공급2부,24.08.27,9381,,62576
450,주택,매입임대주택 '24년 미임대(1차) 입주자 모집공고(공고일:'24.4.3.) 당첨자 발표,매입임대부,24.08.26,16494,Y,62567
449,주택,"안산 한신더휴, 중흥S클래스 더퍼스트 추가 예비입주자 모집공고",매입임대부,24.08.26,9828,Y,62566
448,주택,의정부역 푸르지오 더센트럴 입주자 모집공고(‘24.05.22.) 당첨자 발표 연기 안내,매입임대부,24.08.22,8366,,62560
447,주택,다산 포레스트2단지 고령자복지주택 입주자격완화 추가 및 예비입주자 모집 당첨자 발표,주택공급2부,24.07.12,12063,,62397
446,주택,안성청사복합 일자리연계형 지원주택(창업지원주택) 입주자 추가모집 공고,주택공급1부,24.07.12,5493,Y,62396
445,주택,양평남한강 경기행복주택 입주자 모집 공고,주택공급1부,24.07.05,11635,,62358
444,주택,의정부역 푸르지오 더센트럴 장기전세주택 추가 예비입주자 모집공고,매입임대부,24.07.04,11549,Y,62359
443,주택,"장기전세주택(구리역 힐스테이트, 안산한신더휴, 안산중흥S-클래스더퍼스트) 입주자 모집공고 서류제출대상자 명단 발표",매입임대부,24.07.03,18875,Y,62347
442,주택,"[정정공고] 장기전세주택 입주자모집 공고(의정부, 구리, 안산)",매입임대부,24.06.26,16415,Y,62332
441,주택,"안성공도 참아름 국민임대주택 예비입주자(39형,49형) 모집 공고(2024.06.14.) 안내",주택공급2부,24.06.14,11140,,62298
440,주택,다산 포레스트2단지 국민임대주택 예비입주자 모집 공고(2024.06.14.) 안내,주택공급2부,24.06.14,13806,,62297
439,주택,안성청사복합 통합공공임대주택 청약접수 경쟁률 게시,주택공급1부,24.06.14,8556,Y,62296
438,주택,(구리·안산) 장기전세주택 입주자 모집,매입임대부,24.06.10,22154,Y,62279
437,주택,23년 4차 청년매입임대주택 예비입주자모집(‘23.12.22. 공고) 선정 결과 발표,매입임대부,24.05.31,18319,Y,62253
436,주택,24년 1차 청년매입임대주택 예비입주자 모집공고,매입임대부,24.05.24,59729,Y,62223
435,주택,24년 자립준비청년(보호종료아동) 매입임대 입주자 상시모집 공고,매입임대부,24.05.24,4908,Y,62222
434,주택,‘24년 1차 기존주택 매입임대 예비입주자 모집('24.01.26) 선정 결과 발표,매입임대부,24.05.23,16255,Y,62215
433,주택,의정부역 푸르지오 더 센트럴 장기전세주택 입주자 모집,매입임대부,24.05.22,14136,Y,62210
432,주택,재건축 매입임대주택 장기전세 입주자 및 예비입주자 모집,매입임대부,24.04.30,20509,Y,62134
431,주택,다산 메트로3단지 국민임대주택 41A 예비입주자 발표,주택공급2부,24.04.26,11268,Y,62125
430,주택,경기행복주택(19개 지구) 예비입주자 추가모집 공고,주택공급1부,24.04.26,37860,,62120
429,주택,('24년 2차) 기존주택 등 매입임대주택 예비입주자 모집공고,매입임대부,24.04.26,29613,Y,62121
428,주택,안성청사복합 일자리연계형 지원주택(창업지원주택) 입주자 모집 공고,주택공급1부,24.04.25,7293,Y,62115
427,주택,안성청사복합 통합공공임대주택 입주자 모집 공고,주택공급1부,24.04.25,17099,Y,62114
426,주택,"23년 4차 청년매입임대주택 최우선, 1순위 결과 발표",매입임대부,24.04.25,10905,Y,62118
425,주택,(수정)다산 메트로3단지(진건A1) 주거약자용주택(영구임대) 입주자격완화 추가 및 예비입주자 모집공고,주택공급2부,24.04.09,12218,Y,62076
424,주택,다산신도시 진건지구 A3블록 10년 분양전환 공공임대주택 잔여세대 입주자 및 예비입주자 모집 서류제출대상자 명단 및 서류제출 안내문 게시('24.3.14.공고),주택공급2부,24.04.08,14428,Y,62073
423,주택,(수정)'24년 매입임대주택 미임대(1차) 입주자 모집,매입임대부,24.04.04,52291,Y,62056
422,주택,23년 4차 청년매입임대 최종경쟁률 게시,매입임대부,24.03.28,15245,Y,62036
421,주택,재건축 매입임대주택 장기전세 입주자 및 예비입주자 모집,매입임대부,24.03.27,16394,Y,62030
420,주택,다산신도시 진건지구 A3블록 10년 분양전환 공공임대주택 잔여세대 입주자 및 예비입주자 모집 경쟁률 게시('24.3.14.공고),주택공급2부,24.03.26,12004,Y,62028
419,주택,다산신도시 진건지구 A3블록 10년 분양전환 공공임대주택 잔여세대 입주자 및 예비입주자 모집 마감 안내('24.3.14.공고),주택공급2부,24.03.25,8863,,62025
418,주택,하남풍산 참아름아파트 국민임대주택(59형) 예비입주자 모집 당첨자 발표(‘23.10.27.공고),주택공급2부,24.03.22,9611,Y,62020
417,주택,다산 포레스트2단지(진건A5) 고령자복지주택(영구임대) 입주자격완화 추가 및 예비입주자 모집공고,주택공급2부,24.03.22,9568,Y,62019
416,주택,다산신도시 진건지구 A3블록 10년 분양전환 공공임대주택 잔여세대 입주자 및 예비 입주자 모집공고,주택공급2부,24.03.14,25391,Y,61987
415,주택,수원광교 공공실버 영구임대주택 (예비)입주대상자 발표,주택공급2부,24.03.04,10173,Y,61958
414,주택,매입임대주택 23년 미임대 3차 모집공고('23.11.08.) 당첨자 발표,매입임대부,24.02.29,18071,Y,61957
413,주택,23년 3차 청년매입임대주택 입주자모집('23.09.22. 공고) 예비입주자 선정 결과 발표,매입임대부,24.02.29,10839,Y,61956
412,주택,"23년 4차 청년매입임대 신청접수 최우선, 1순위 신청접수 현황 게시",매입임대부,24.01.26,26299,Y,61858
411,주택,(수정)[경기도 내 4개시] ‘24년 1차 기존주택 매입임대 예비입주자 모집,매입임대부,24.01.26,36939,Y,61857
410,주택,"23년 3차 청년매입임대주택 최우선, 1순위 결과 발표",매입임대부,24.01.22,15049,Y,61848
409,주택,다산메트로3단지 국민임대주택 41A 예비입주자 모집 관련 서류제출대상자 발표,주택공급2부,24.01.09,17171,,61819
408,주택,청년 매입임대주택 (예비)입주자모집(2023년 4차),매입임대부,23.12.22,64525,Y,61778
407,주택,안양도시형생활주택 예비입주자 당첨결과 안내(2023.09.25. 공고),매입임대부,23.12.15,13272,Y,61751
406,주택,다산 메트로3단지 국민임대주택 41A 예비입주자 모집공고,주택공급2부,23.12.14,18640,Y,61744
405,주택,매입임대주택 23년 미임대 2차 모집공고('23.09.08) 당첨자 발표,매입임대부,23.12.08,22209,Y,61728
404,주택,동탄2 A105 경기행복주택 입주자 추가모집 공고,주택공급1부,23.12.07,31272,Y,61718
403,주택,수원광교 공공실버 영구임대주택 (예비)입주자 모집공고,주택공급2부,23.12.04,16628,Y,61707
402,주택,23년 2차 청년매입임대주택 입주자모집('23.06.16. 공고) 예비입주자 선정 결과 발표,매입임대부,23.11.22,16291,Y,61655
401,주택,기존주택 매입임대 입주자 수시 2차 모집 잔여세대 내역 공고,매입임대부,23.11.20,18384,Y,61634
400,주택,[수정] 하남풍산 참아름 국민임대주택(59형) 예비입주자 모집 관련 서류제출대상자 발표,주택공급2부,23.11.17,11769,Y,61632
399,주택,23년 3차 청년매입임대 최종경쟁률 게시,매입임대부,23.11.16,15605,Y,61625
398,주택,다산 포레스트2단지(진건A5블록) 영구임대주택 입주자격완화 추가 및 예비입주자 발표,주택공급2부,23.11.10,12984,,61600
397,주택,하남풍산 참아름 국민임대주택(59형) 예비입주자 모집 신청접수 마감 안내,주택공급2부,23.11.08,9440,,61592
396,주택,(수정) ‘23년 매입임대주택 미임대(3차) 입주자 모집,매입임대부,23.11.08,41695,Y,61578
395,주택,(수정)기존주택 매입임대주택 입주자 수시모집('23년 2차),매입임대부,23.10.27,24571,Y,61534
394,주택,(수정)하남풍산 참아름 국민임대주택(59형) 예비입주자 모집공고,주택공급2부,23.10.27,17017,Y,61539
393,주택,"23년 3차 청년매입임대 신청접수 최우선, 1순위 신청접수 현황 게시",매입임대부,23.10.25,13946,Y,61533
392,주택,23년 2차 청년매입임대주택 최우선 1순위 결과 발표,매입임대부,23.10.24,11461,Y,61526
391,주택,동탄레이크파크 자연&e편한세상(A94BL) 공공분양주택 중복 청약 신청 유의 사항,주택공급2부,23.10.19,16252,,61509
390,주택,화성동탄2 A94블럭 무량판구조 등 구조 설계에 대한 안전점검 결과 공지,주택공급2부,23.10.16,16872,Y,61492
389,주택,동탄레이크파크 자연& e편한세상(A94BL) 공공분양주택 입주자모집공고,주택공급2부,23.10.13,26174,Y,61479
388,주택,경기행복주택(11개 지구) 입주자 추가모집 공고,주택공급1부,23.09.25,45028,,61430
387,주택,(수정)안양도시형생활주택 예비입주자 수시모집,매입임대부,23.09.25,13643,Y,61427
386,주택,(수정)청년 매입임대주택 (예비)입주자모집(2023년 3차),매입임대부,23.09.22,39276,Y,61424
385,주택,‘23년 매입임대주택 미임대(2차) 입주자 모집,매입임대부,23.09.08,50851,Y,61307
384,주택,다산 포레스트2단지 국민임대주택 추가 및 예비입주자 당첨 발표 및 커트라인 안내('23.5.15공고),주택공급2부,23.09.01,15649,Y,61285
383,주택,"다산 포레스트2단지 영구임대주택 및 고령자복지주택 추가입주자, 예비입주자 당첨 발표",주택공급2부,23.09.01,6044,,61284
382,주택,기존주택 매입임대 입주자 수시모집 잔여세대 내역 공고,매입임대부,23.08.25,19455,Y,61248
381,주택,"23년 1차 청년매입임대주택 입주자모집('23.03.17. 공고) 2,3순위 예비입주자 선정 결과 발표",매입임대부,23.08.21,17839,Y,61223
380,주택,23년 2차 청년매입임대 최종경쟁률 게시,매입임대부,23.08.09,18010,Y,61181
379,주택,[수정] 기존주택 매입임대주택 입주자 수시모집('23년 1차),매입임대부,23.08.07,38375,Y,61173
378,주택,매입임대주택 23년 미임대 1차 모집공고('23.04.21) 당첨자 발표,매입임대부,23.08.03,16527,Y,61162
377,주택,[수정] 백암재단 사회적주택(평택 서정동) 입주자 모집 공고,매입임대부,23.08.03,8186,Y,61164
376,주택,다산 포레스트2단지 영구임대주택 입주자격완화 추가 및 예비입주자 모집공고,주택공급2부,23.07.28,15468,Y,61125
375,주택,"23년 2차 청년매입임대 신청접수 최우선, 1순위 신청접수 현황 게시",매입임대부,23.07.21,12356,Y,61121
374,주택,"23년 2차 청년매입임대 신청접수 최우선, 1순위 신청접수 현황 게시",매입임대부,23.07.21,12454,Y,61079
373,주택,‘23년 1차 기존주택 매입임대 예비입주자 모집('23.02.13) 광명시 선정 결과 추가 발표,매입임대부,23.07.06,16066,Y,61017
372,주택,[수정] 청년 매입임대주택 (예비)입주자모집(2023년 2차),매입임대부,23.06.30,38310,Y,60996
371,주택,[수정] 23년 1차 청년매입임대주택 최우선 1순위 결과 발표,매입임대부,23.06.28,13671,Y,60986
370,주택,‘23년 1차 기존주택 매입임대 예비입주자 모집('23.02.13) 선정 결과 발표,매입임대부,23.06.13,15735,Y,60925
369,주택,다산 포레스트 2단지 국민임대주택 추가 및 예비입주자 모집(2023.05.15.) 서류제출대상자 발표 및 커트라인 안내,주택공급2부,23.06.07,14333,Y,60904
368,주택,매입임대주택 북부공급센터 이전 알림,매입임대부,23.06.01,9477,,60887
367,주택,[부천] 부천아이파크·소새울KCC스위첸 장기전세주택 예비입주자 모집,매입임대부,23.05.31,15014,Y,60889
366,주택,동탄2 A105 경기행복주택 입주자 모집 공고,주택공급1부,23.05.30,25735,Y,60873
365,주택,[안양]안양역한양수자인리버파크·평촌더샵아이파크 장기전세주택 예비입주자 모집,매입임대부,23.05.26,18626,Y,60867
364,주택,다산 포레스트2단지 고령자복지주택 추가 및 예비입주자 모집공고,주택공급2부,23.05.19,11184,Y,60840
363,주택,다산 포레스트2단지 영구임대주택 추가 및 예비입주자 모집공고,주택공급2부,23.05.19,14436,Y,60839
362,주택,[수정] 다산 포레스트 2단지 국민임대주택 추가 및 예비입주자 모집 공고 안내,주택공급2부,23.05.15,16794,Y,60825
361,주택,23년 1차 청년매입임대 신청접수 최종경쟁률 게시,매입임대부,23.05.10,19164,Y,60816
360,주택,의정부 탑석센트럴자이 장기전세주택 입주자격완화 선착순(동호지정) 입주자모집 공고,매입임대부,23.05.09,16789,Y,60813
359,주택,(광명)헤모로이연 장기전세주택 입주자 및 예비입주자 모집,매입임대부,23.05.04,14890,Y,60804
358,주택,[정정] 다산신도시 자연앤푸르지오 공공분양 계약취소주택(특별공급 1호) 입주자 모집공고,주택공급2부,23.05.02,15003,Y,60793
357,주택,[남양주] 다산센트레빌 장기전세주택 입주자 및 예비입주자 모집,매입임대부,23.04.28,17421,Y,60786
356,주택,"23년 1차 청년형매입임대 신청접수 최우선, 1순위 경쟁률 게시",매입임대부,23.04.25,17363,Y,60768
355,주택,[수정]‘23년 매입임대주택 미임대(1차) 입주자 모집,매입임대부,23.04.21,35406,Y,60751
354,주택,다산신도시 진건지구 A3블록 10년 분양전환 공공임대주택 입주자 모집 청약접수현황 및 경쟁률 안내,주택공급2부,23.04.21,13681,Y,60748
353,주택,다산신도시 진건지구 A3블록 10년 분양전환 공공임대주택 입주자 모집 마감 안내('23.3.31.공고),주택공급2부,23.04.19,11602,,60744
352,주택,‘22년 2차 기존주택 매입임대 예비입주자 모집('22.12.06) 선정 결과 발표,매입임대부,23.04.19,11205,Y,60735
351,주택,다산신도시 진건지구 A3블록 10년 분양전환 공공임대주택 입주자모집공고,주택공급2부,23.03.31,42027,Y,60692
350,주택,다산 포레스트2단지 국민임대주택 입주자 모집(공고일 ‘22.10.31.) 당첨자 및 예비자 커트라인 안내,주택공급2부,23.03.23,14104,,60682
349,주택,(의정부)탑석센트럴자이 장기전세주택 입주자 모집 공고,매입임대부,23.03.22,14001,Y,60678
348,주택,다산 센트럴파크6단지(지금A1) 영구임대주택 입주자격완화 추가 및 예비입주자 모집공고,주택공급2부,23.03.22,16975,Y,60676
347,주택,[재수정] 청년 매입임대주택 (예비)입주자모집(2023년 1차),주택공급1부,23.03.17,50428,Y,60665
346,주택,고양대곡역 두산위브 장기전세주택 입주자 및 예비입주자 모집공고,주택공급2부,23.03.06,15058,Y,60640
345,주택,다산 포레스트2단지(진건A5) 영구임대주택 당첨자 명단 게시,주택공급2부,23.03.03,12830,Y,60637
344,주택,경기리츠1호(진건B1블록 및 지금A2블록) 장기전세주택 추가모집('23.1.12.공고) 서류제출대상자 발표,주택공급2부,23.02.15,19571,Y,60598
343,주택,[경기도 내 12개시] ‘23년 1차 기존주택 매입임대 예비입주자 모집,주택공급1부,23.02.13,50163,Y,60593
342,주택,안성공도 국민임대주택 예비입주자 당첨자 명단 게시,주택공급2부,23.01.27,10048,,60565
341,주택,"다산진건B1, 지금A2 장기전세주택 추가 입주자 및 예비자 모집 마감 안내('23.1.12.공고)",주택공급2부,23.01.27,12714,,60563
340,주택,매입임대주택 22년 하반기 청년 예비입주자 모집('22.09.30. 공고)관련 최종 결과 발표,주택공급1부,23.01.16,17033,,60544
339,주택,광주역자연앤자이 계약취소주택(특별공급 2호) 입주자 모집공고,주택공급2부,23.01.12,12744,Y,60536
338,주택,[정정공고]경기리츠1호(진건B1블록 및 지금A2블록) 장기전세주택 2차 추가 입주자 및 예비자 모집공고,주택공급2부,23.01.12,18738,Y,60535
337,주택,다산 센트럴파크6단지 국민임대주택(33형)추가 및 예비입주자 모집 당첨자 발표(‘22.6.27 공고),주택공급2부,23.01.09,13539,Y,60531
336,주택,다산 센트럴파크6단지 국민임대주택(46A형) 예비입주자 모집 서류제출 대상자 발표 안내,주택공급2부,23.01.02,13045,,60518
335,주택,다산 포레스트2단지 국민임대주택 서류제출대상자 경쟁률 및 커트라인 안내,주택공급2부,22.12.28,12669,Y,60507
334,주택,다산 포레스트2단지 국민임대주택 서류제출대상자 추가 발표,주택공급2부,22.12.28,10452,Y,60506
333,주택,광주역 자연앤자이 공공분양(1차) 무순위(1호) 입주자 모집공고,주택공급2부,22.12.28,11597,Y,60505
332,주택,다산 진건A3블록 10년 공공임대주택 사전예약 당첨자 본청약 안내,주택공급2부,22.12.27,15071,,60504
331,주택,"장기전세주택 당첨자 발표(남양주 지금2힐스테이트, 남광신우부영7)",주택공급1부,22.12.26,9536,,60501
330,주택,‘22년 매입임대주택 미임대 (2차) 입주자 모집,주택공급1부,22.12.22,31859,Y,60498
329,주택,다산 센트럴파크6단지 국민임대주택(46A형) 예비입주자 모집 신청접수 마감 안내,주택공급2부,22.12.21,9633,,60495
328,주택,다산 포레스트2단지 국민임대주택 서류제출대상자 추가 발표 안내,주택공급2부,22.12.20,9153,,60492
327,주택,다산 메트로3단지 국민임대주택 51A형 예비자 모집 서류제출대상자 발표,주택공급2부,22.12.13,11610,,60482
326,주택,다산신도시 영구임대주택 완화모집 추가입주자 동호수 및 예비입주자 순번 발표,주택공급2부,22.12.09,11385,Y,60478
325,주택,"매입임대주택 22년 하반기 청년 예비입주자 모집('22.09.30 공고)관련 최우선,1순위 결과 발표",주택공급1부,22.12.08,16180,,60475
324,주택,다산 센트럴파크6단지 국민임대주택 46A형 예비입주자 모집 공고(2022.12.7.),주택공급2부,22.12.07,20712,Y,60466
323,주택,다산 메트로3단지 국민임대주택 51A형 예비입주자 모집('22.11.25.공고) 마감 안내,주택공급2부,22.12.06,10784,,60464
322,주택,다산 포레스트 2단지 국민임대주택 서류제출대상자 발표,주택공급2부,22.12.06,11255,Y,60463
321,주택,(수정) [주택] [경기도 내 17개시] ‘22년 2차 기존주택 매입임대 예비입주자 모집,주택공급1부,22.12.06,28983,Y,60457
320,주택,안산 롯데캐슬골드파크 장기전세 입주자 및 예비입주자 모집공고,주택공급1부,22.12.06,13148,Y,60455
319,주택,의정부 탑석센트럴자이 장기전세주택 입주자격 완화 · 전산추첨 입주자 및 예비입주자 모집 공고,주택공급1부,22.12.05,11218,Y,60451
318,주택,다산 포레스트 2단지 국민임대주택 입주자 모집 신청 마감 안내,주택공급2부,22.11.28,11518,,60422
317,주택,다산 메트로3단지 국민임대주택 51A형 예비입주자 모집 공고(2022.11.25.),주택공급2부,22.11.25,16046,Y,60418
316,주택,다산 진건A5 포레스트 2단지 영구임대주택 입주자 모집 공고,주택공급2부,22.11.21,15784,Y,60401
315,주택,[주택]22년 하반기 청년형매입임대 신청접수 최종경쟁률 게시,주택공급1부,22.11.21,14540,Y,60400
314,주택,장기전세주택 당첨자 발표(고양 대곡역 두산위브),주택공급1부,22.11.08,10785,,60375
313,주택,[수정] 다산 진건A5 포레스트 2단지 국민임대주택 입주자 모집 공고,주택공급2부,22.10.31,28262,Y,60355
312,주택,22년 하반기 청년매입임대주택 1순위 접수 결과에 따른 모집 완료 주택 안내,주택공급1부,22.10.21,19056,,60342
311,주택,[마감] 기존주택 매입임대주택 입주자 수시모집('22년 3차),주택공급1부,22.10.21,16372,Y,60341
310,주택,다산 지금A1 및 진건A1블록 영구임대주택 입주자격완화 모집공고,주택공급2부,22.10.21,18375,Y,60340
309,주택,다산 메트로3단지 국민임대주택 추가 및 예비입주자 서류제출대상자 발표,주택공급2부,22.10.06,12201,Y,60299
308,주택,(정정공고) 청년 매입임대주택 (예비)입주자모집(2022년 하반기),주택공급1부,22.09.30,38271,Y,60287
307,주택,다산 메트로3단지 국민임대주택 추가 및 예비입주자 모집 마감 안내,주택공급2부,22.09.28,10734,,60276
306,주택,장기전세주택 당첨자 발표(의정부 탑석센트럴자이),주택공급1부,22.09.23,9923,,60255
305,주택,"남양주 지금2힐스테이트, 남광신우부영7단지 장기전세주택 서류제출 대상자 발표",주택공급1부,22.09.13,12996,Y,60220
304,주택,(마감)안성공도 국민임대주택 예비입주자 모집 공고,주택공급2부,22.09.08,14232,Y,60216
303,주택,다산메트로3단지 국민임대주택 추가 및 예비입주자 모집 공고,주택공급2부,22.09.07,21822,Y,60206
302,주택,"매입임대주택 22년 상반기 청년 예비입주자 모집(22.04.08 공고) 관련 2,3순위 결과 발표",주택공급1부,22.08.26,16783,Y,60164
301,주택,‘22년 매입임대주택 미임대 (1차) 입주자 모집,주택공급1부,22.08.19,37142,Y,60145
300,주택,"(마감)남양주 지금2힐스테이트, 남광신우부영7단지 장기전세 입주자 및 예비입주자 모집공고",주택공급1부,22.08.19,18384,Y,60144
299,주택,"(수정) 수원시,안양시 아동동거가구 모집공고(‘22.04.29) 당첨자 및 예비입주자 순위 발표",주택공급1부,22.08.12,11120,,60133
298,주택,경기리츠1호(진건B1블록 및 지금A2블록) 장기전세주택 추가모집 서류제출대상자 발표,주택공급2부,22.08.09,15722,Y,60125
297,주택,안산 이편한세상 초지역센트럴포레 장기전세주택 예비입주자 모집 결과 발표,주택공급1부,22.07.29,12770,,60100
296,주택,의왕 더샵캐슬 장기전세주택 예비입주자 모집 결과 발표,주택공급1부,22.07.29,11288,,60099
295,주택,(수정) 지구 철거민 우선 장기전세주택 입주자 모집공고(고양 대곡역두산위브),주택공급1부,22.07.29,10433,Y,60096
294,주택,경기리츠1호(진건B1블록 및 지금A2블록) 장기전세주택 추가 입주자 및 예비자 모집 마감 안내,주택공급2부,22.07.26,13598,,60087
293,주택,안성공도 국민임대주택 예비입주자 당첨자 명단 게시,주택공급2부,22.07.25,8735,,60084
292,주택,다산 센트럴파크6단지 및 메트로3단지 영구임대주택 추가입주자 동호배정 결과 발표,주택공급2부,22.07.22,12701,Y,60076
291,주택,안성공도 국민임대주택 예비입주자 당첨자 명단 게시,주택공급2부,22.07.22,8879,,60073
290,주택,다산 메트로3단지 영구임대주택 추가 및 예비입주자 재공지,주택공급2부,22.07.21,11572,Y,60065
289,주택,다산 센트럴파크6단지 및 메트로3단지 영구임대주택 추가 및 예비입주자 당첨자 발표,주택공급2부,22.07.15,12447,Y,60055
288,주택,다산지금 A1블록(센트럴파크6단지) 영구임대주택 추가 및 예비입주자 모집 공고(정정),주택공급2부,22.07.14,13669,Y,60049
287,주택,경기리츠1호(진건B1블록 및 지금A2블록) 장기전세주택 추가 입주자 및 예비자 모집공고,주택공급2부,22.07.13,19861,Y,60046
286,주택,다산신도시 자연앤푸르지오 공공분양 무순위(사후) 입주자 모집공고,주택공급2부,22.07.06,20799,Y,60033
285,주택,다산센트럴파크6단지 국민임대주택 추가 및 예비입주자 모집 공고,주택공급2부,22.06.27,23842,Y,59998
284,주택,매입임대주택 22년 하반기 청년 예비입주자 모집(22.04.08 공고) 관련 1순위 결과 발표,주택관리1부,22.06.10,20726,Y,59953
283,주택,장기전세주택(의정부 탑석센트럴자이) 서류제출 대상자 발표,주택관리1부,22.06.02,13253,Y,59925
282,주택,2022년 경기주택도시공사 기존주택전세임대 입주대상자 선정 안내,전세임대1부,22.05.31,30328,Y,59922
281,주택,수원광교 공공실버 영구임대주택 당첨자 및 예비입주자 발표,주택관리2부,22.04.29,14144,,59846
280,주택,의정부 탑석센트럴자이 장기전세 입주자격완화 입주자 및 예비입주자 모집공고,주택관리1부,22.04.29,17787,Y,59844
279,주택,"수요맞춤형(수원시, 안양시 아동동거가구) 기존주택 매입임대주택 입주자모집 공고",주택관리1부,22.04.29,14336,Y,59839
278,주택,다산 센트럴파크6단지 국민임대주택 당첨자 및 예비입주자 발표,주택관리2부,22.04.15,21991,,59771
277,주택,청년 매입임대주택 예비입주자 모집(2022년 상반기),주택관리1부,22.04.08,66645,Y,59753
276,주택,(마감)기존주택 매입임대주택 입주자 수시모집('22년 2차),주택관리1부,22.03.25,29894,Y,59722
275,주택,다산메트로3단지 국민임대주택 당첨자 및 예비입주자 발표,주택관리2부,22.03.23,17383,,59719
274,주택,"(마감) 안산 e편한세상초지역, 의왕 더샵캐슬 장기전세 예비입주자 모집 공고",주택관리1부,22.03.22,25580,Y,59716
273,주택,다산 지금A1 및 진건A1블록 영구임대주택 추가 및 예비입주자 모집 공고,주택관리2부,22.03.18,30194,Y,59709
272,주택,안성공도 국민임대주택 예비입주자 모집공고,주택관리2부,22.03.11,17084,Y,59689
271,주택,용인죽전 및 용인영덕 경기행복주택 입주자 모집공고,주택관리1부,22.03.04,30976,Y,59681
270,주택,"「파주병원복합 경기행복주택」,「가평청사복합 경기행복주택」선착순 모집공고",주택관리1부,22.03.04,10913,Y,59680
269,주택,장기전세주택 당첨자 및 예비입주자 발표(의정부 탑석센트럴자이),주택관리1부,22.02.17,17102,,52993
268,주택,(재공고)「성남판교 경기행복주택」일반형 임대상가 임차인 모집,주택관리1부,22.02.17,16263,Y,52997
267,주택,수원광교 공공실버 영구임대주택 입주자 및 예비입주자 추가모집,주택관리2부,22.02.10,17310,Y,52998
266,주택,2022년 기존주택전세임대 입주자 모집공고[일반],전세임대1부,22.02.04,31721,Y,52978
265,주택,안양 석수두산위브 장기전세주택 예비입주자 모집 결과 발표,주택관리1부,22.01.28,13391,Y,53002
264,주택,[경기도 내 10개시] ‘22년 1차 기존주택 매입임대 예비입주자 모집,주택관리1부,22.01.25,27064,Y,53011
263,주택,경기도체육회관 공유재산(지하식당) 운영 임대사업자 선정 재공고,스포츠관리단(TFT),22.01.25,7655,Y,52999
262,주택,매입임대주택 21년 하반기 청년 예비입주자 모집(21.09.10 공고) 관련 2·3순위 결과 발표,주택관리1부,22.01.17,13528,Y,53016
261,주택,남양주 지금2힐스테이트 장기전세주택 예비입주자 모집 결과 발표,주택관리1부,22.01.14,16795,Y,53000
260,주택,(마감)기존주택 매입임대주택 입주자 수시모집(‘22년 1차),주택관리1부,22.01.14,19751,Y,52992
259,주택,[안양 냉천지구 주거환경개선사업] 안양 어반포레 자연앤 e편한세상 공동주택(국민 및 민영주택) 입주자모집공고,주택관리2부,22.01.14,19378,Y,53001
258,주택,경기도체육회관 공유재산(카페테리아) 운영 임대사업자 선정 입찰공고,스포츠관리단(TFT),21.12.30,7555,Y,53021
257,주택,장기전세주택 당첨자 및 예비입주자 발표(의왕 더샵캐슬),주택관리1부,21.12.16,10110,,53004
256,주택,「성남판교 경기행복주택」일반형 임대상가 임차인 모집공고,주택관리2부,21.12.13,10729,Y,52996
255,주택,다산지금A1블록 센트럴파크6단지 예비입주자 3순위 모집시행 결과,주택관리2부,21.12.09,11943,Y,53003
254,주택,다산지금A1블록 센트럴파크6단지 예비입주자 2순위 모집시행 결과,주택관리2부,21.12.08,8885,Y,52984
253,주택,경기리츠1호 장기전세주택 서류제출대상자 발표,주택관리2부,21.12.07,14660,Y,52977
252,주택,다산지금A1블록 센트럴파크6단지 예비입주자 1순위 모집시행 결과,주택관리2부,21.12.07,9691,Y,52983
251,주택,다산지금A1블록 센트럴파크 6단지 잔여세대 추가모집 및 예비입주자 모집공고,주택관리2부,21.11.25,20963,Y,53013
250,주택,다산 메트로3단지 국민임대주택 예비입주자 2순위 모집시행 결과,주택관리2부,21.11.24,12330,Y,52994
249,주택,다산 메트로3단지 국민임대주택 예비입주자 1순위 모집시행 결과,주택관리2부,21.11.23,10373,Y,52991
248,주택,"(재공고)「의왕역, 안산스마트허브 경기행복주택」일반형 임대상가 임차인 모집공고",주택관리1부,21.11.23,8616,Y,52990
247,주택,경기리츠1호 지금A2블록 전 타입 모집마감,주택관리2부,21.11.19,11729,,53008
246,주택,안성공도 국민임대주택 예비입주자 당첨자 명단 게시,주택관리2부,21.11.19,7852,,53009
245,주택,경기리츠1호(진건B1블록 및 지금A2블록 59A) 1순위 모집마감,주택관리2부,21.11.18,10530,,53007
244,주택,장기전세주택(의정부 탑석센트럴자이) 서류제출 대상자 발표,주택관리1부,21.11.15,9301,Y,52989
243,주택,다산메트로3단지 국민임대주택 예비입주자 모집공고,주택관리2부,21.11.11,18869,Y,52988
242,주택,매입임대주택 21년 하반기 청년 예비입주자 모집(21.09.10 공고) 관련 1순위 결과 발표,주택관리1부,21.11.09,10977,Y,53006
241,주택,(추가 정정공고)경기리츠1호(진건B1블록 및 지금A2블록) 입주자 모집공고,주택관리2부,21.11.05,16400,Y,52903
240,주택,매입임대주택 21년 미임대 2차 모집공고(‘21.07.23) 당첨자 발표,주택관리1부,21.11.01,10820,,52974
239,주택,다산지금A4블록 자연앤푸르지오 공공분양주택 분양가상한제 가산비 공시,주택관리2부,21.10.28,12007,Y,52923
238,주택,[수정]광주역 자연앤자이 주택 가산비 공시,주택관리2부,21.10.26,7973,Y,52900
237,주택,"「의왕역, 안산스마트허브 경기행복주택」일반형 임대상가 임차인 모집공고",주택관리1부,21.10.19,8478,Y,52964
236,주택,매입임대주택 북부센터 이전 알림,주택관리1부,21.10.18,10302,,52922
235,주택,"(수정) 장기전세주택 입주자 모집공고(의정부 탑석센트럴자이)(59형 1순위 마감, 49형 접수중)",주택관리1부,21.10.15,11211,Y,52955
234,주택,경기도체육회관 공유재산(식당) 운영 임대사업자 선착순 수의계약 공고,스포츠관리단(TFT),21.10.13,7064,Y,52034
233,주택,장기전세주택 당첨자 및 예비입주자 발표 (안산 이편한세상 초지역 센트럴포레 / 구리 한양수자인 구리역),주택관리1부,21.10.07,10514,,52963
232,주택,안산/구리/의왕 장기전세주택 계약 체결방식(변경) 안내,주택관리1부,21.09.28,11405,,52937
231,주택,(수정)안양 석수두산위브 장기전세주택 예비입주자 모집[마감 완료],주택관리1부,21.09.27,12014,Y,52919
230,주택,경기도체육회관 공유재산(식당) 운영 임대사업자 선정 입찰 재공고,스포츠관리단(TFT),21.09.17,6908,Y,52918
229,주택,(수정)남양주 지금2힐스테이트 장기전세주택 예비입주자 모집 공고(1순위 모집마감),주택관리1부,21.09.15,15808,Y,52917
228,주택,장기전세주택 서류제출 대상자 발표(의왕 더샵캐슬),주택관리1부,21.09.13,9556,Y,52935
227,주택,청년 매입임대주택 예비입주자 모집(2021년 하반기),주택관리1부,21.09.10,20638,Y,52916
226,주택,안성공도 국민임대주택 예비입주자 모집 공고(2021.08.30.),주택관리2부,21.08.30,9366,Y,52932
225,주택,하남풍산 국민임대주택(49형) 예비입주자 모집(5/10) 당첨자 발표 안내,주택관리2부,21.08.27,10009,,52931
224,주택,경기도체육회관 공유재산(식당) 운영 임대사업자 선정 입찰공고,스포츠관리단(TFT),21.08.27,7184,Y,52951
223,주택,(수정)장기전세주택 입주자 모집공고(의왕 더삽캐슬)(1순위 모집마감),주택관리1부,21.08.13,14912,Y,52913
222,주택,[경기도 내 10개시] ‘21년 2차 기존주택 매입임대 예비입주자 모집,주택관리1부,21.08.06,22967,Y,52912
221,주택,안성공도 국민임대주택 예비입주자 당첨자 명단 게시,주택관리2부,21.07.30,9393,,52911
220,주택,청년 매입임대주택 예비입주자 모집(2021년 상반기) 당첨자 발표,주택관리1부,21.07.30,12584,,52961
219,주택,‘21년 매입임대주택 미임대 (2차) 입주자모집,주택관리1부,21.07.23,22681,Y,52910
218,주택,[수정게시-안산59 대상자 확인 必]장기전세주택 서류제출 대상자 발표(안산 이편한세상 초지역 센트럴포레 / 구리 한양수자인 구리역),주택관리1부,21.07.19,10108,Y,52960
217,주택,(수정)다산지금A1 및 진건A1블록 영구임대주택 추가모집 당첨자 및 예비당첨자 발표,주택관리2부,21.07.01,9773,,52969
216,주택,안양도시형생활주택 예비입주자 모집공고,주택관리1부,21.07.01,11895,Y,52914
215,주택,부천시 아동동거가구 모집공고(‘21.04.16) 당첨자 및 예비입주자 순위 발표,주택관리1부,21.06.29,8141,,52928
214,주택,매입임대주택 21년 미임대 1차 모집공고(‘21.03.16) 당첨자 발표,주택관리1부,21.06.29,10852,,52927
213,주택,(수정-마감반영)기존주택 매입임대주택 입주자 수시모집(‘21년 1차),주택관리1부,21.06.25,13743,Y,52958
212,주택,(수정)장기전세주택 입주자 모집공고(안산 이편한세상 초지역 센트럴포레 / 구리 한양수자인 구리역)(1순위 모집마감),주택관리1부,21.06.18,14332,Y,52947
211,주택,남광신우부영7 장기전세주택 예비입주자 모집 결과 발표,주택관리1부,21.06.11,7774,Y,52925
210,주택,백동KCC스위첸 장기전세주택 예비입주자 모집 결과 발표,주택관리1부,21.06.04,10276,Y,52946
209,주택,다산진건 B4블록 자연앤이편한세상 공공분양주택 해약세대(1호) 공급 공고,주택관리2부,21.05.18,22872,Y,52849
208,주택,청년 매입임대주택 예비입주자 모집(2021년 상반기) 신청접수 최종경쟁률 게시,주택관리1부,21.05.14,14241,Y,52848
207,주택,안성공도 국민임대주택 입주자격완화 예비입주자 모집공고,주택관리2부,21.05.13,9423,Y,52847
206,주택,하남풍산 참아름 국민임대주택(49형) 예비입주자 모집공고,주택관리2부,21.05.10,14971,Y,52873
205,주택,다산신도시 진건지구 A1블록 국민임대주택 추가 및 예비입주자 모집공고(20210415),주택관리2부,21.04.19,13496,Y,52844
204,주택,다산신도시 지금지구 A1블록 국민임대주택 추가 및 예비입주자 모집공고(20210415),주택관리2부,21.04.19,10678,Y,52869
203,주택,[수정게시]수요맞춤형(부천시 아동동거가구) 기존주택 매입임대주택 입주자모집 공고,주택관리1부,21.04.16,7865,Y,52868
202,주택,청년 매입임대주택 예비입주자 모집(2021년 상반기),주택관리1부,21.04.02,25934,Y,52842
201,주택,(수정-장기전세) 남양주 남광신우부영7 예비입주자 모집 공고(모집완료),주택관리1부,21.03.19,12254,Y,52897
200,주택,다산신도시 지금A1블록 및 진건A1블록 영구임대주택 추가 및 예비입주자 모집공고,주택관리2부,21.03.17,15192,Y,52896
199,주택,‘21년 매입임대주택 미임대 (1차) 입주자모집,주택관리1부,21.03.16,21421,Y,52808
198,주택,전세형 공공임대주택(기존주택 매입임대) 당첨자 및 예비순위 발표,주택관리1부,21.03.12,11573,,52863
197,주택,(수정-장기전세) 부천 백동KCC스위첸 예비입주자 모집 공고(모집 완료),주택관리1부,21.03.12,11893,Y,52803
196,주택,공공분양주택 단지내상가 개찰결과 안내(‘21. 3.11 입찰분),주택관리2부,21.03.11,7566,Y,52862
195,주택,"공공주택 단지내상가 분양공고(다산진건B4블록 자연앤이편한세상, 위례A2-2블록 자연앤센트럴자이)",주택관리2부,21.02.25,9514,Y,52859
194,주택,수원광교 공공실버주택 입주자 추가모집 입주대상자 및 예비입주자 발표,주택관리2부,21.02.23,10264,,52894
193,주택,안성공도 국민임대주택 예비입주자 당첨자 명단 게시,주택관리2부,21.02.05,8125,,52834
192,주택,[경기도 내 15개시] ‘21년 1차 기존주택 매입임대 예비입주자 모집,주택관리1부,21.02.05,24357,Y,52893
191,주택,2020년 하반기 청년 매입임대주택 당첨자 발표,주택관리1부,21.01.29,10607,,52867
190,주택,2021년 기존주택 매입 공고(1차),주거복지사업부,21.01.27,13911,Y,52892
189,주택,의정부 사회적주택 예비입주자(청년) 추가 모집,주택관리1부,21.01.18,9751,Y,52866
188,주택,[정정공고]전세형 공공임대주택(기존주택 매입임대주택) 예비입주자 모집,주택관리1부,21.01.11,20135,Y,52890
187,주택,다산신도시 지금A1블록 및 진건A1륵 동호수 추첨 결과 발표,주택관리2부,21.01.08,16487,Y,52889
186,주택,다산지금A1블록 및 진건A1블록 영구임대주택 당첨자 및 예비당첨자 발표,주택관리2부,20.12.31,10288,Y,52833
185,주택,전세형 공공임대주택(기존주택 매입임대주택) 예비입주자 모집,주택관리1부,20.12.30,15978,Y,52886
184,주택,기존주택매입임대 미임대(4차) 당첨자 발표,주택관리1부,20.12.30,9107,,52885
183,주택,한지붕협동조합 사회적주택 입주자 모집공고,주거복지사업부,20.12.24,8151,Y,52883
182,주택,안성공도 국민임대주택 입주자격완화 예비입주자모집공고,주택관리2부,20.11.30,10967,Y,52854
181,주택,다산진건 A1블록 국민임대주택 입주자모집공고,주택관리2부,20.11.17,20396,Y,52816
180,주택,다산진건 A1블록 영구임대주택 입주자모집공고,주택관리2부,20.09.21,13270,Y,52824
179,주택,다산지금 A1블록 영구임대주택 입주자모집공고,주택관리2부,20.09.21,10389,Y,52823
178,주택,다산진건 A4블록 공공임대아파트 예비입주자 당첨자 명단 게시,주택관리2부,20.09.16,11483,,52830
177,주택,다산신도시 지금지구 A1블록 국민임대주택 입주자모집공고,주택관리2부,20.08.27,21186,Y,52828
176,주택,다산신도시 10년 공공임대아파트(자연앤이편한세상3차) 예비입주자 모집공고,주택관리2부,20.08.13,20051,Y,52802
175,주택,안성공도 참아름 아파트 국민임대 예비입주자 모집공고,주택관리2부,20.07.06,9093,Y,52774
174,주택,다산진건 A4블록 분납임대 잔여세대 당첨자 및 예비입주자 명단 게시,주택관리2부,20.06.03,9890,,52745
173,주택,다산신도시 자연앤이편한세상3차 분납임대주택 잔여세대 모집 마감,주택관리2부,20.05.25,9944,,52741
172,주택,다산진건지구 A4블록 분납임대주택 잔여세대 모집공고,주택관리2부,20.05.14,12620,Y,52736
171,주택,안성공도 참아름아파트 국민임대주택 예비입주자 모집공고,주택관리2부,20.05.14,8151,Y,52735
170,주택,평택 고덕신도시 A9블록 자연앤자이 잔여세대 추가 입주자모집공고,주택관리2부,19.12.12,12050,Y,52711
169,주택,하남풍산 참아름 아파트 국민임대주택 1순위 예비입주자 접수결과안내,주택관리처,19.12.09,9259,,52671
168,주택,하남풍산 국민임대주택 예비입주자 모집공고,주택관리2부,19.11.26,10386,Y,52685
167,주택,안성공도 국민임대주택 예비입주자 모집공고,주택관리2부,19.11.11,7903,Y,52723
166,주택,김포한강신도시 자연앤이편한세상3단지 예비입주자 당첨자 발표,주택관리2부,19.10.18,8996,,52704
165,주택,하남풍산 참아름아파트 예비입주자 당첨자 발표,주택관리2부,19.10.15,7892,,52679
164,주택,안성공도 국민임대주택 예비입주자 모집공고,주거복지사업부,19.09.18,7525,Y,52719
163,주택,김포한강 공공임대주택 호수마을 자연앤e편한세상 3단지 모집 접수 결과,주택판매부,19.08.30,10005,,52696
162,주택,김포한강 공공임대주택 호수마을 자연앤e편한세상 3단지 예비입주자 모집공고,주택관리부,19.08.21,12094,Y,52619
161,주택,다산신도시 지금A-4블록 자연&푸르지오 일반공급 당첨 최저금액 알림,주택판매부,19.08.21,10728,Y,52616
160,주택,광주역세권 A1블록 자연&자이 일반공급 당첨 최저금액 알림,주택판매부,19.08.21,8336,Y,52615
159,주택,(정정공고) 다산신도시 자연&푸르지오 입주자모집 정정공고,주택기획부,19.08.07,10170,Y,52607
158,주택,다산신도시 자연&푸르지오 입주자모집공고,주택판매부,19.07.25,18842,Y,52612
157,주택,광주역 A1블록 자연&자이 입주자모집공고,주택판매부,19.07.25,18226,Y,52629
156,주택,안성공도 국민임대주택 예비입주자 모집공고,주거복지사업부,19.05.31,7349,Y,52642
155,주택,하남풍산 국민임대주택 예비입주자 모집 공고,주거복지사업부,19.05.08,9662,Y,52599
154,주택,안성공도 국민임대주택 예비입주자 모집 공고,주거복지사업부,19.03.21,7091,Y,52554
153,주택,다산신도시 진건B3 블록 자연&자이 일반공급 당첨 최저금액 알림,주택판매부,19.01.14,15507,Y,52526
152,주택,수원광교 공공실버(영구임대)주택 공가세대 입주자 추가모집 공고,행복주택총괄부,19.01.08,11558,Y,52515
151,주택,다산진건지구 B3블록 자연&자이 입주자모집공고,주택판매부,18.12.27,20484,Y,52507
150,주택,안성공도 국민임대주택 예비입주자 모집 공고,주거복지사업부,18.11.09,7485,Y,52582
149,주택,김포한강호수마을 자연앤이편한세상 예비입주자 당첨자 결과,주택관리부,18.11.09,8219,,52503
148,주택,안성공도 국민임대주택 예비입주자 모집 공고,주거복지사업부,18.09.17,7431,Y,52544
147,주택,김포한강호수마을 자연앤이편한세상 예비입주자 모집접수 결과,주택관리부,18.09.12,9213,,52318
146,주택,김포한강 공공임대주택 호수마을자연앤e편한세상 3단지 예비입주자 모집공고,주택관리부,18.09.04,12254,Y,52387
145,주택,안성공도 국민임대주택 예비입주자 모집 공고,주거복지사업부,18.07.30,7294,Y,52482
144,주택,수원광교 공공실버주택 입주자 모집 공고,행복주택총괄부,18.06.22,11045,Y,52466
143,주택,[이천시]기존주택 매입임대 예비입주자 모집,주거복지사업부,18.06.22,6545,Y,52465
142,주택,[안성시]기존주택 매입임대 예비입주자 모집,주거복지사업부,18.06.22,7574,Y,52464
141,주택,[평택시]기존주택 매입임대 예비입주자 모집,주거복지사업부,18.06.22,7765,Y,52463
140,주택,[수원시]기존주택 매입임대 예비입주자 모집,주거복지사업부,18.06.22,10431,Y,52497
139,주택,[양주시]기존주택 매입임대 예비입주자 모집,주거복지사업부,18.06.22,6227,Y,52496
138,주택,안양두산석수위브(장기전세주택) 예비입주자(2순위) 모집 마감 안내,주거복지사업부,18.05.18,8056,,52459
137,주택,안성공도 국민임대주택(5단지) 예비입주자 모집 공고(정정),주거복지사업부,18.05.15,7294,Y,52453
136,주택,안양두산석수위브(장기전세주택) 예비입주자 모집공고,주거복지사업부,18.05.11,9932,Y,52444
135,주택,"김포한강신도시 자연엔이편한세상3단지 84 C, E, F형 예비입주자 당첨자 발표",주택관리부,18.05.11,7362,,52433
134,주택,안성공도 국민임대주택(5단지) 예비입주자 모집 공,주거복지사업부,18.05.10,6556,Y,52431
133,주택,김포한강신도시 자연앤 이편한세상3단지 예비입주자 모집 마감,주택관리부,18.03.22,7892,,52428
132,주택,김포한강 공공임대주택 호수마을자연앤e편한세상 3단지 예비입주자 모집공고,주택관리부,18.03.14,11624,Y,52473
131,주택,다가구 등 장기미임대 매입임대주택 입주대상 최종 선정자 명단,,18.03.06,7500,,52470
130,주택,안성공도 국민임대주택 예비입주자 모집 공고,주거복지사업부,18.02.26,7647,Y,52421
129,주택,"부천(백동kcc, 약대아이파크) 장기전세주택 예비입주자모집 1순위 마감 안내",주거복지사업부,18.02.21,8366,,52418
128,주택,동탄 레이크 자연& 푸르지오 잔여세대 추가 입주자 모집공고,주택판매부,17.12.07,12330,Y,52350
127,주택,동탄2신도시 A86블록 ‘동탄 레이크 자연& 푸르지오’ 특별공급 접수 결과 및 일반공급 최저？최고금액 알림,주택판매부,17.11.09,10074,Y,52327
126,주택,김포한강 공공임대주택 호수마을자연앤e편한세상 3단지 예비입주자 모집 마감 안내,주택관리부,17.10.26,8101,,52323
125,주택,동탄2신도시 A86블록 ‘동탄 레이크 자연&푸르지오‘ 입주자 모집공고,주택판매부,17.10.25,13641,Y,52374
124,주택,김포한강 공공임대주택 호수마을자연앤e편한세상 3단지 예비입주자 모집공고,주택관리부,17.10.18,9614,Y,52414
123,주택,안성공도 국민임대주택 예비입주자모집,,17.06.01,7748,Y,52379
122,주택,김포한강 공공임대 자연&이편한세상 3단지 예비입주자 당첨자 발표,주택관리부,17.04.05,8969,,52352
121,주택,평택 고덕신도시 A9블럭 일반공급 당첨 최저금액 알림,주택판매부,17.03.23,9730,Y,52376
120,주택,평택 고덕신도시 A9블록 특별공급 접수 결과 안내,주택판매부,17.03.16,8065,Y,52316
119,주택,평택 고덕신도시 A-9블럭 자연& 자이 입주자모집공고,주택판매부,17.03.09,14536,Y,52315
118,주택,김포한강 공공임대주택 호수마을자연앤e편한세상 3단지 예비입주자 모집 마감 안내,주택관리부,17.02.23,9031,Y,52313
117,주택,다산신도시 진건지구 A-4블록 자연&e편한세상3차 공공임대주택 입주자모집공고,주택판매부,17.02.22,32961,Y,52312
116,주택,김포한강 공공임대주택 호수마을자연앤e편한세상 3단지 예비입주자 모집공고,주택관리부,17.02.15,11286,Y,52298
115,주택,안양석수 두산위브 장기전세주택 예비입주자 추가모집 마감안내 (1순위 마감완료),,17.01.05,11623,,52294
114,주택,안양 석수 두산위브 예비입주자 추가 모집공고,,16.12.26,12608,Y,52309
113,주택,다산진건공공주택지구 B-5블록 자연&e편한세상2차 공공분양주택 입주자모집공고,주택판매부,16.11.24,22275,Y,52307
112,주택,안성공도 국민임대주택 예비입주자 모집 안내,,16.10.24,9335,Y,52267
111,주택,하남풍산 국민임대주택 예비입주자 모집 안내,,16.10.10,10965,Y,52266
110,주택,김포양촌 자연앤 미분양주택 공급대상 추가,주택판매부,16.07.22,10905,,52227
109,주택,파주당동 자연앤꿈에그린 미분양 주택 공급 완료,주택판매부,16.07.05,8348,,52241
108,주택,김포양촌 자연앤데시앙 잔여세대 입주자 공급공고,주택판매부,16.06.28,9960,Y,52226
107,주택,김포한강 공공임대 자연&이편한세상 3단지 예비입주자 당첨자 발표,주택관리부,16.06.23,8909,,52225
106,주택,김포장기 분양전환주택 공가세대[1호] 일반분양 입주자 모집공고,주택판매부,16.05.30,10583,Y,52279
105,주택,김포한강 공공임대주택 예비입주자모집 마감 안내,주택관리부,16.05.25,8604,,52278
104,주택,김포한강 공공임대주택 자연앤e편한세상 3단지 예비입주자 모집공고,주택관리부,16.05.17,11610,Y,52223
103,주택,안성공도 국민임대 예비입주자 모집 안내,,16.04.27,8882,Y,52126
102,주택,안성공도 국민임대 예비입주자 모집 안내,,16.04.07,8695,Y,52123
101,주택,남양주지금2지구 힐스테이트재건축입주자모집공고관련안내,,16.03.23,17802,,52145
100,주택,하남풍산 국민임대주택 예비입주자 모집 안내,주거정책기획부,16.03.10,12570,Y,52121
99,주택,안성공도 국민임대주택 예비입주자 모집 안내(1순위 마감 완료),주거정책기획부,16.02.26,9742,,52117
98,주택,다산신도시 진건S1블록 예비당첨자(동호수) 배정 발표,,16.01.15,14099,,52113
97,주택,다산신도시 진건지구 S1블록(자연앤 e편한세상 자이) 일반공급 당첨자 명단 발표(특별공급 동호수 추첨 포함),,15.11.25,16706,Y,52103
96,주택,김포한강임대주택예비입주자선정명단,주택관리부,15.11.25,9070,,52102
95,주택,다산신도시 진건지구 S1블록(자연앤 e편한세상 자이) 특별공급 당첨자 발표,,15.11.17,14941,Y,52161
94,주택,다산진건공공주택지구 S-1블록 자연&e편한세상자이 공공분양주택 입주자모집공고,,15.11.05,32865,Y,52099
93,주택,다산신도시 진건지구 S1블록 사전청약자 안내문-본청약 안내,,15.10.29,17000,Y,52159
92,주택,파주당동 자연앤꿈에그린 잔여세대 입주자 선착순 모집 재공고,,15.10.20,9003,Y,52206
91,주택,파주당동 자연앤꿈에그린 잔여세대 입주자 선착순 모집공고,,15.10.19,7853,Y,52157
90,주택,김포한강임대주택 예비입주자모집 공고문 안내,주택관리부,15.10.16,11629,Y,52204
89,주택,다산신도시 진건 B-2블록 자연&롯데캐슬 입주자추가모집공고,,15.07.28,20921,Y,52096
88,주택,다산신도시 진건 B-4블록 자연&e편한세상 입주자추가모집공고,,15.07.07,25562,Y,52187
87,주택,다산신도시 진건 B-2블록 자연&롯데캐슬 예비당첨자 공급안내,,15.06.17,13256,Y,52218
86,주택,다산진건 B-2블록 자연& 롯데캐슬 당첨자 명단 발표,,15.05.12,12669,Y,52174
85,주택,다산진건 B-4블록 자연&e편한세상 당첨자 명단 발표,,15.05.11,11866,Y,52181
84,주택,다산진건 공공주택지구 B-2블록 자연& 롯데캐슬 사전예약 당첨자 및 특별공급 당첨자 발표,,15.04.27,11445,Y,52172
83,주택,다산진건공공주택지구 B-4블럭 자연&e편한세상 사전예약 당첨자 및 특별공급 당첨자 발표,,15.04.24,12090,Y,52171
82,주택,다산신도시 주택전시관 방문제한 안내,,15.04.21,9354,,52170
81,주택,"다산진건공공주택지구 B-2블록 자연&롯데캐슬, B-4블록 자연&e편한세상 공공분양주택 입주자모집공고",,15.04.15,22383,Y,52197
80,주택,"(정정안내) 남양주 다산진건공공주택지구 B-2, B-4블록 본청약 안내",,15.04.09,18197,Y,52211
79,주택,위례A2-2BL 자연&자이e편한세상 당첨자 명단 발표,,14.11.26,15551,Y,52165
78,주택,위례 자연&자이e편한세상 특별공급 경쟁률,,14.11.18,19768,Y,52153
77,주택,(수정공고)위례 자연&자이e편한세상 특별공급 당첨자 발표,,14.11.18,16811,,52164
76,주택,위례A2-2BL 공공분양주택 자연&자이e편한세상 특별공급 청약접수현황위례A2-2BL 공공분양주택 자연&자이e편한세상 특별공급 청약접수현황,,14.11.14,24512,,52151
75,주택,위례신도시 A2-2블록 자연&자이e편한세상 공공분양주택 입주자모집공고 정정공고,,14.11.10,44662,Y,52176
74,주택,안성공도 국민임대주택 예비입주자 모집 마감안내,,14.08.27,10649,,51708
73,주택,안성공도 국민임대주택 예비입주자 모집,,14.08.18,18432,Y,51705
72,주택,"아파트 잔여 단지(광교, 용인구갈, 용인동백) 내 상가 수의계약 공고",,14.06.23,12758,Y,51681
71,주택,아파트 잔여 단지내상가 분양공고,,14.06.05,9779,Y,51670
70,주택,(재수정)김포한강 자연&e편한세상 공공임대아파트 보육시설 임차운영자 모집공고,주택관리부,14.05.13,8850,Y,51663
69,주택,광교 자연앤힐스테이트 아파트 잔여 단지내상가 재공급 공고,주택사업처,14.03.25,10467,Y,51659
68,주택,광교 자연앤힐스테이트 잔여 단지내상가 분양 공고,,14.03.11,9658,Y,51658
67,주택,[고양시] ‘14년 매입임대주택 입주자 모집공고,주거복지처,14.02.18,12164,Y,51657
66,주택,하남풍산 참아름아파트 예비입주자 모집마감안내(49㎡),주거복지처,14.02.18,10142,,51697
65,주택,하남풍산 참아름 국민임대주택 예비입주자 모집,주거복지처,14.02.06,11296,Y,51642
64,주택,김포한강 공공임대 입주자 추가모집 공고,,14.01.28,13008,Y,51641
63,주택,위례 자연&래미안e편한세상 예비당첨자 동·호수 추첨 안내,,14.01.10,14334,Y,51636
62,주택,김포한강추가모집 당첨자발표,,13.12.24,9654,,51634
61,주택,위례 자연&래미안e편한세상 예비당첨자 동호수 추첨 결과 발표,,13.12.20,11222,,51696
60,주택,위례 자연앤래미안이편한세상 예비당첨자 동호추첨 일정 등 안내,,13.12.13,11676,Y,51694
59,주택,김포한강신도시 Ab-02블록 10년 공공임대주택 입주자 추가모집,,13.12.04,14482,Y,51692
58,주택,안성공도 국민임대주택 예비입주자 모집,주택사업처,13.11.29,13057,Y,51691
57,주택,위례 자연&래미안e편한세상 당첨자 발표,,13.11.19,15140,,52067
56,주택,위례 자연앤래미안이편한세상 특별공급 당첨자발표,,13.11.11,19155,,51781
55,주택,김포장기 공공임대(5년)주택 예비입주자 모집,주택사업처,13.11.08,12023,Y,52063
54,주택,위례신도시 A2-11블록 자연& 래미안 e편한세상 입주자모집공고,,13.10.30,39744,Y,51775
53,주택,안성공도 국민임대주택 예비입주자 모집,,13.03.13,14336,Y,51726
52,주택,화성동탄 공공임대(5년)주택 예비입주자 모집,주택관리부,12.10.22,13156,Y,51813
51,주택,부천소새울 KCC스위첸아파트 입주자모집 공고,,12.10.17,13128,Y,51872
50,주택,안성공도 국민임대주택 예비입주자 모집,주택관리부,12.09.24,10429,Y,51875
49,주택,안성공도 국민임대주택 예비입주자 모집 공고,주택관리부,12.08.21,34588,Y,51732
48,주택,용인구갈3지구 강남마을자연앤 단지내 상가 재입찰 공고,,12.05.22,8500,Y,51839
47,주택,광교 LH공공임대주택 특별공급 입주자모집공고 일정 등 안내,,12.05.07,18421,Y,51856
46,주택,남양주진접 자연앤아파트 수의계약 모집 정정공고,,12.04.30,11172,Y,51855
45,주택,파주당동 자연&amp;아파트 단지내 상가 재입찰 공고,,12.04.20,8438,Y,51837
44,주택,안성공도 국민임대주택 예비입주자 모집(수정공고),주택관리부,12.03.16,15902,Y,51822
43,주택,남양주 진접 자연&amp; 공공분양 아파트 수의계약 공고,,12.03.14,14116,Y,51858
42,주택,용인흥덕 자연&amp;스위첸 공공분양 아파트 입주자 추가공급 공고,,12.03.14,7384,Y,51849
41,주택,안성공도 국민임대주택 예비입주자 모집,주택관리부,12.03.14,3602,Y,51848
40,주택,남양주진접 자연&amp; 공공분양 아파트 입주자 재공급 공고,,12.03.06,9350,Y,51811
39,주택,재건축소형임대아파트 입주자모집 공고(광명 해모로 이연아파트),,11.07.13,29366,Y,51841
38,주택,김포한강 자연& 이편한세상 아파트 입주자 모집 공고,,11.05.27,11166,Y,51742
37,주택,남양주진접 자연& 공공분양 아파트 입주자 추가 모집공고,,11.05.06,14215,Y,51787
36,주택,남양주진접 자연& 공공분양 아파트 입주자 추가 모집공고,,11.04.05,16382,Y,51785
35,주택,안성공도 국민임대주택 예비입주자모집,주택관리부,11.03.14,25368,Y,51776
34,주택,안성공도 국민임대주택 예비입주자 모집 공고,주택관리부,10.10.28,16178,Y,52000
33,주택,김포장기 자연& 아파트 입주자 추가모집,,10.09.16,16756,Y,51992
32,주택,남양주진접 자연& 아파트 입주자 추가 모집,,10.09.16,13753,Y,51991
31,주택,석수한신 재건축소형임대주택 입주자 모집 공고,,10.09.03,17010,Y,51796
30,주택,안성공도 국민임대주택 예비 입주자 모집,주택관리부,10.05.31,15334,Y,51745
29,주택,fdsaf,,10.04.15,7690,,52017
28,주택,용인동백지구 써미트빌 입주자 모집공고 정정사항 공고,,10.04.13,5155,,52078
27,주택,화성 동탄 자연& 아파트 미분양세대 공급안내,,10.04.13,5844,Y,52048
26,주택,화성 동탄 자연& 아파트 입주자 모집공고,,10.04.13,6021,Y,52042
25,주택,화성 동탄 자연@ 잔여세대 입주자 공고,,10.04.13,5435,Y,52038
24,주택,동탄 자연& 미분양세대 공급 공고,안전품질단,10.04.13,5289,Y,52035
23,주택,동탄 자연@아파트 해약 및 미분양세대 추가 공급안내,,10.04.13,5074,Y,51923
22,주택,동탄 자연& 해약세대 공급공고,주택관리부,10.04.13,4992,Y,51919
21,주택,"광교 A13,A14,A15블록 자연앤자이 입주자 모집안내",,10.01.08,56236,Y,52011
20,주택,한강신도시 자연앤 e편한세상 입주자 모집안내,,09.12.29,25560,Y,51951
19,주택,한강신도시 자연앤힐스테이트 입주자 모집안내,,09.12.11,26646,Y,51938
18,주택,광교 A12블록 자연앤 힐스테이트 공공분양주택 입주자 모집,,09.12.10,48483,Y,51963
17,주택,안성공도 참아름 국민임대주택 예비입주자모집 공고,,09.11.25,15686,Y,51985
16,주택,시흥능곡 자연앤 추가분양 모집공고,,09.08.19,13152,Y,51981
15,주택,김포장기 공공임대(5년) 예비 입주자 모집 공고,,09.07.15,13767,Y,51968
14,주택,하남풍산 참아름 국민임대주택 예비입주자 모집,,09.06.15,16093,Y,52006
13,주택,안성공도 참아름 국민임대주택 예비입주자모집 공고,,09.06.08,12035,Y,52005
12,주택,화성동탄 자연앤데시앙 아파트 입주자 추가 모집공고 변경공고,,09.05.21,14905,Y,52004
11,주택,화성동탄 자연앤데시앙 아파트 입주자 추가 모집공고,,09.05.13,18914,Y,52020
10,주택,화성동탄 공공임대(5년) 예비입주자 모집공고,,09.03.23,19086,Y,51956
9,주택,화성동탄 자연앤 공공분양아파트 입주자 추가 모집공고,,08.12.19,13381,Y,51953
8,주택,김포양촌 자연앤 아파트 추가 입주자 모집공고,,08.12.03,14368,Y,51941
7,주택,파주당동 자연& 아파트 입주자 추가 모집공고,,08.11.14,10312,Y,51976
6,주택,하남풍산 참아름 국민임대아파트 입주자모집공고,,08.11.10,14016,Y,52016
5,주택,시흥능곡 자연& 아파트 입주자 추가 모집 공급공고,,07.11.22,14088,Y,51902
4,주택,안성공도 참아름 국민임대아파트 입주자모집공고,주택사업처,07.11.06,16787,Y,51901
3,주택,남양주 진접 자연앤 아파트 입주자 공고,주택사업처,07.08.27,13755,Y,51914
2,주택,용인흥덕지구 아파트분양 공고문,주택사업처,07.01.03,49770,Y,51911
1,주택,"김포장기 자연& 분양,공공임대 아파트 공급안내",주택관리부,06.08.25,14315,Y,51926
